station_id,timestamp,parameter,unit,value
288,2026-01-01T01:00:00-07:00,no2,ppm,0.0372
288,2026-01-01T02:00:00-07:00,no2,ppm,0.0355
288,2026-01-01T03:00:00-07:00,no2,ppm,0.0365
288,2026-01-01T04:00:00-07:00,no2,ppm,0.0367
288,2026-01-01T05:00:00-07:00,no2,ppm,0.0366
288,2026-01-01T06:00:00-07:00,no2,ppm,0.0368
288,2026-01-01T07:00:00-07:00,no2,ppm,0.0362
288,2026-01-01T08:00:00-07:00,no2,ppm,0.0356
288,2026-01-01T09:00:00-07:00,no2,ppm,0.0343
288,2026-01-01T10:00:00-07:00,no2,ppm,0.0337
288,2026-01-01T11:00:00-07:00,no2,ppm,0.029
288,2026-01-01T12:00:00-07:00,no2,ppm,0.0259
288,2026-01-01T13:00:00-07:00,no2,ppm,0.0232
288,2026-01-01T14:00:00-07:00,no2,ppm,0.0235
288,2026-01-01T15:00:00-07:00,no2,ppm,0.0212
288,2026-01-01T16:00:00-07:00,no2,ppm,0.0242
288,2026-01-01T17:00:00-07:00,no2,ppm,0.029
288,2026-01-01T18:00:00-07:00,no2,ppm,0.0301
288,2026-01-01T19:00:00-07:00,no2,ppm,0.0301
288,2026-01-01T20:00:00-07:00,no2,ppm,0.0284
288,2026-01-01T21:00:00-07:00,no2,ppm,0.0276
288,2026-01-01T22:00:00-07:00,no2,ppm,0.0288
288,2026-01-01T23:00:00-07:00,no2,ppm,0.0299
288,2026-01-02T00:00:00-07:00,no2,ppm,0.0251
288,2026-01-02T01:00:00-07:00,no2,ppm,0.0265
288,2026-01-02T02:00:00-07:00,no2,ppm,0.0235
288,2026-01-02T03:00:00-07:00,no2,ppm,0.0197
288,2026-01-02T04:00:00-07:00,no2,ppm,0.0171
288,2026-01-02T05:00:00-07:00,no2,ppm,0.019
288,2026-01-02T06:00:00-07:00,no2,ppm,0.0191
288,2026-01-02T07:00:00-07:00,no2,ppm,0.0241
288,2026-01-02T08:00:00-07:00,no2,ppm,0.0255
288,2026-01-02T09:00:00-07:00,no2,ppm,0.0246
288,2026-01-02T10:00:00-07:00,no2,ppm,0.0231
288,2026-01-02T11:00:00-07:00,no2,ppm,0.0118
288,2026-01-02T12:00:00-07:00,no2,ppm,0.0073
288,2026-01-02T13:00:00-07:00,no2,ppm,0.0059
288,2026-01-02T14:00:00-07:00,no2,ppm,0.0057
288,2026-01-02T15:00:00-07:00,no2,ppm,0.0053
288,2026-01-02T16:00:00-07:00,no2,ppm,0.0068
288,2026-01-02T17:00:00-07:00,no2,ppm,0.0134
288,2026-01-02T18:00:00-07:00,no2,ppm,0.02
288,2026-01-02T19:00:00-07:00,no2,ppm,0.0262
288,2026-01-02T20:00:00-07:00,no2,ppm,0.026
288,2026-01-02T21:00:00-07:00,no2,ppm,0.0232
288,2026-01-02T22:00:00-07:00,no2,ppm,0.0227
288,2026-01-02T23:00:00-07:00,no2,ppm,0.0182
288,2026-01-03T00:00:00-07:00,no2,ppm,0.0213
288,2026-01-03T01:00:00-07:00,no2,ppm,0.0199
288,2026-01-03T02:00:00-07:00,no2,ppm,0.0196
288,2026-01-03T03:00:00-07:00,no2,ppm,0.0173
288,2026-01-03T04:00:00-07:00,no2,ppm,0.0165
288,2026-01-03T06:00:00-07:00,no2,ppm,0.0201
288,2026-01-03T07:00:00-07:00,no2,ppm,0.0172
288,2026-01-03T08:00:00-07:00,no2,ppm,0.0136
288,2026-01-03T09:00:00-07:00,no2,ppm,0.0176
288,2026-01-03T10:00:00-07:00,no2,ppm,0.0081
288,2026-01-03T11:00:00-07:00,no2,ppm,0.0111
288,2026-01-03T12:00:00-07:00,no2,ppm,0.0082
288,2026-01-03T13:00:00-07:00,no2,ppm,0.0046
288,2026-01-03T14:00:00-07:00,no2,ppm,0.0045
288,2026-01-03T15:00:00-07:00,no2,ppm,0.0053
288,2026-01-03T16:00:00-07:00,no2,ppm,0.0058
288,2026-01-03T17:00:00-07:00,no2,ppm,0.0067
288,2026-01-03T18:00:00-07:00,no2,ppm,0.0055
288,2026-01-03T19:00:00-07:00,no2,ppm,0.0073
288,2026-01-03T20:00:00-07:00,no2,ppm,0.0036
288,2026-01-03T21:00:00-07:00,no2,ppm,0.0026
288,2026-01-03T22:00:00-07:00,no2,ppm,0.0025
288,2026-01-03T23:00:00-07:00,no2,ppm,0.0025
288,2026-01-04T00:00:00-07:00,no2,ppm,0.0026
288,2026-01-04T01:00:00-07:00,no2,ppm,0.0021
288,2026-01-04T02:00:00-07:00,no2,ppm,0.002
288,2026-01-04T03:00:00-07:00,no2,ppm,0.0017
288,2026-01-04T04:00:00-07:00,no2,ppm,0.0018
288,2026-01-04T06:00:00-07:00,no2,ppm,0.0025
288,2026-01-04T07:00:00-07:00,no2,ppm,0.004
288,2026-01-04T08:00:00-07:00,no2,ppm,0.004
288,2026-01-04T09:00:00-07:00,no2,ppm,0.0078
288,2026-01-04T10:00:00-07:00,no2,ppm,0.0086
288,2026-01-04T11:00:00-07:00,no2,ppm,0.0055
288,2026-01-04T12:00:00-07:00,no2,ppm,0.0035
288,2026-01-04T13:00:00-07:00,no2,ppm,0.0033
288,2026-01-04T14:00:00-07:00,no2,ppm,0.0035
288,2026-01-04T15:00:00-07:00,no2,ppm,0.003
288,2026-01-04T16:00:00-07:00,no2,ppm,0.0028
288,2026-01-04T17:00:00-07:00,no2,ppm,0.0034
288,2026-01-04T18:00:00-07:00,no2,ppm,0.0029
288,2026-01-04T19:00:00-07:00,no2,ppm,0.0031
288,2026-01-04T20:00:00-07:00,no2,ppm,0.0039
288,2026-01-04T21:00:00-07:00,no2,ppm,0.0088
288,2026-01-04T22:00:00-07:00,no2,ppm,0.0092
288,2026-01-04T23:00:00-07:00,no2,ppm,0.0108
288,2026-01-05T00:00:00-07:00,no2,ppm,0.0111
288,2026-01-05T01:00:00-07:00,no2,ppm,0.0032
288,2026-01-05T02:00:00-07:00,no2,ppm,0.0016
288,2026-01-05T03:00:00-07:00,no2,ppm,0.0017
288,2026-01-05T04:00:00-07:00,no2,ppm,0.0016
288,2026-01-05T05:00:00-07:00,no2,ppm,0.0021
288,2026-01-05T06:00:00-07:00,no2,ppm,0.0039
288,2026-01-05T07:00:00-07:00,no2,ppm,0.0079
288,2026-01-05T08:00:00-07:00,no2,ppm,0.015
288,2026-01-05T09:00:00-07:00,no2,ppm,0.0205
288,2026-01-05T10:00:00-07:00,no2,ppm,0.0095
288,2026-01-05T11:00:00-07:00,no2,ppm,0.0086
288,2026-01-05T12:00:00-07:00,no2,ppm,0.007
288,2026-01-05T13:00:00-07:00,no2,ppm,0.009
288,2026-01-05T14:00:00-07:00,no2,ppm,0.0081
288,2026-01-05T15:00:00-07:00,no2,ppm,0.005
288,2026-01-05T16:00:00-07:00,no2,ppm,0.0077
288,2026-01-05T17:00:00-07:00,no2,ppm,0.0114
288,2026-01-05T18:00:00-07:00,no2,ppm,0.0158
288,2026-01-05T19:00:00-07:00,no2,ppm,0.0265
288,2026-01-05T20:00:00-07:00,no2,ppm,0.0231
288,2026-01-05T21:00:00-07:00,no2,ppm,0.0251
288,2026-01-05T22:00:00-07:00,no2,ppm,0.0285
288,2026-01-05T23:00:00-07:00,no2,ppm,0.0279
288,2026-01-06T00:00:00-07:00,no2,ppm,0.0274
288,2026-01-06T01:00:00-07:00,no2,ppm,0.0261
288,2026-01-06T02:00:00-07:00,no2,ppm,0.0227
288,2026-01-06T03:00:00-07:00,no2,ppm,0.0197
288,2026-01-06T04:00:00-07:00,no2,ppm,0.0185
288,2026-01-06T05:00:00-07:00,no2,ppm,0.0203
288,2026-01-06T06:00:00-07:00,no2,ppm,0.0219
288,2026-01-06T07:00:00-07:00,no2,ppm,0.0256
288,2026-01-06T08:00:00-07:00,no2,ppm,0.0322
288,2026-01-06T09:00:00-07:00,no2,ppm,0.0333
288,2026-01-06T10:00:00-07:00,no2,ppm,0.0229
288,2026-01-06T11:00:00-07:00,no2,ppm,0.0137
288,2026-01-06T12:00:00-07:00,no2,ppm,0.009
288,2026-01-06T13:00:00-07:00,no2,ppm,0.0043
288,2026-01-06T14:00:00-07:00,no2,ppm,0.0029
288,2026-01-06T15:00:00-07:00,no2,ppm,0.0031
288,2026-01-06T16:00:00-07:00,no2,ppm,0.0027
288,2026-01-06T17:00:00-07:00,no2,ppm,0.0027
288,2026-01-06T18:00:00-07:00,no2,ppm,0.0059
288,2026-01-06T19:00:00-07:00,no2,ppm,0.018
288,2026-01-06T20:00:00-07:00,no2,ppm,0.036
288,2026-01-06T21:00:00-07:00,no2,ppm,0.0342
288,2026-01-06T22:00:00-07:00,no2,ppm,0.032
288,2026-01-06T23:00:00-07:00,no2,ppm,0.0294
288,2026-01-07T00:00:00-07:00,no2,ppm,0.022
288,2026-01-07T01:00:00-07:00,no2,ppm,0.0234
288,2026-01-07T02:00:00-07:00,no2,ppm,0.0272
288,2026-01-07T03:00:00-07:00,no2,ppm,0.0242
288,2026-01-07T04:00:00-07:00,no2,ppm,0.0213
288,2026-01-07T05:00:00-07:00,no2,ppm,0.0289
288,2026-01-07T06:00:00-07:00,no2,ppm,0.0306
288,2026-01-07T07:00:00-07:00,no2,ppm,0.0323
288,2026-01-07T08:00:00-07:00,no2,ppm,0.0342
288,2026-01-07T09:00:00-07:00,no2,ppm,0.031
288,2026-01-07T10:00:00-07:00,no2,ppm,0.022
288,2026-01-07T11:00:00-07:00,no2,ppm,0.0104
288,2026-01-07T12:00:00-07:00,no2,ppm,0.006
288,2026-01-07T13:00:00-07:00,no2,ppm,0.006
288,2026-01-07T14:00:00-07:00,no2,ppm,0.0056
288,2026-01-07T15:00:00-07:00,no2,ppm,0.0066
288,2026-01-07T16:00:00-07:00,no2,ppm,0.0127
288,2026-01-07T17:00:00-07:00,no2,ppm,0.0158
288,2026-01-07T18:00:00-07:00,no2,ppm,0.0098
288,2026-01-07T19:00:00-07:00,no2,ppm,0.0078
288,2026-01-07T20:00:00-07:00,no2,ppm,0.0117
288,2026-01-07T21:00:00-07:00,no2,ppm,0.0167
288,2026-01-07T22:00:00-07:00,no2,ppm,0.0255
288,2026-01-07T23:00:00-07:00,no2,ppm,0.0223
288,2026-01-08T00:00:00-07:00,no2,ppm,0.0169
288,2026-01-08T01:00:00-07:00,no2,ppm,0.015
288,2026-01-08T02:00:00-07:00,no2,ppm,0.0122
288,2026-01-08T03:00:00-07:00,no2,ppm,0.0051
288,2026-01-08T04:00:00-07:00,no2,ppm,0.0061
288,2026-01-08T05:00:00-07:00,no2,ppm,0.0099
288,2026-01-08T06:00:00-07:00,no2,ppm,0.0152
288,2026-01-08T07:00:00-07:00,no2,ppm,0.027
288,2026-01-08T08:00:00-07:00,no2,ppm,0.0356
288,2026-01-08T09:00:00-07:00,no2,ppm,0.0351
288,2026-01-08T10:00:00-07:00,no2,ppm,0.0293
288,2026-01-08T11:00:00-07:00,no2,ppm,0.0136
288,2026-01-08T12:00:00-07:00,no2,ppm,0.008
288,2026-01-08T13:00:00-07:00,no2,ppm,0.0038
288,2026-01-08T14:00:00-07:00,no2,ppm,0.0039
288,2026-01-08T15:00:00-07:00,no2,ppm,0.0047
288,2026-01-08T16:00:00-07:00,no2,ppm,0.005
288,2026-01-08T17:00:00-07:00,no2,ppm,0.0039
288,2026-01-08T18:00:00-07:00,no2,ppm,0.0048
288,2026-01-08T19:00:00-07:00,no2,ppm,0.0044
288,2026-01-08T20:00:00-07:00,no2,ppm,0.0055
288,2026-01-08T21:00:00-07:00,no2,ppm,0.0049
288,2026-01-08T22:00:00-07:00,no2,ppm,0.0042
288,2026-01-08T23:00:00-07:00,no2,ppm,0.0037
288,2026-01-09T00:00:00-07:00,no2,ppm,0.0034
288,2026-01-09T01:00:00-07:00,no2,ppm,0.0033
288,2026-01-09T02:00:00-07:00,no2,ppm,0.0047
288,2026-01-09T03:00:00-07:00,no2,ppm,0.0052
288,2026-01-09T04:00:00-07:00,no2,ppm,0.0049
288,2026-01-09T05:00:00-07:00,no2,ppm,0.0048
288,2026-01-09T06:00:00-07:00,no2,ppm,0.0111
288,2026-01-09T07:00:00-07:00,no2,ppm,0.0202
288,2026-01-09T08:00:00-07:00,no2,ppm,0.0195
288,2026-01-09T09:00:00-07:00,no2,ppm,0.0138
288,2026-01-09T10:00:00-07:00,no2,ppm,0.0059
288,2026-01-09T11:00:00-07:00,no2,ppm,0.0096
288,2026-01-09T12:00:00-07:00,no2,ppm,0.0106
288,2026-01-09T13:00:00-07:00,no2,ppm,0.0037
288,2026-01-09T14:00:00-07:00,no2,ppm,0.0031
288,2026-01-09T15:00:00-07:00,no2,ppm,0.005
288,2026-01-09T16:00:00-07:00,no2,ppm,0.0067
288,2026-01-09T17:00:00-07:00,no2,ppm,0.0066
288,2026-01-09T18:00:00-07:00,no2,ppm,0.0093
288,2026-01-09T19:00:00-07:00,no2,ppm,0.0095
288,2026-01-09T20:00:00-07:00,no2,ppm,0.0131
288,2026-01-09T21:00:00-07:00,no2,ppm,0.0186
288,2026-01-09T22:00:00-07:00,no2,ppm,0.0171
288,2026-01-09T23:00:00-07:00,no2,ppm,0.0091
288,2026-01-10T00:00:00-07:00,no2,ppm,0.007
288,2026-01-10T01:00:00-07:00,no2,ppm,0.0059
288,2026-01-10T02:00:00-07:00,no2,ppm,0.01
288,2026-01-10T03:00:00-07:00,no2,ppm,0.0146
288,2026-01-10T04:00:00-07:00,no2,ppm,0.0162
288,2026-01-10T06:00:00-07:00,no2,ppm,0.0131
288,2026-01-10T07:00:00-07:00,no2,ppm,0.0235
288,2026-01-10T08:00:00-07:00,no2,ppm,0.0194
288,2026-01-10T09:00:00-07:00,no2,ppm,0.015
288,2026-01-10T10:00:00-07:00,no2,ppm,0.0132
288,2026-01-10T11:00:00-07:00,no2,ppm,0.0071
288,2026-01-10T12:00:00-07:00,no2,ppm,0.0067
288,2026-01-10T13:00:00-07:00,no2,ppm,0.0079
288,2026-01-10T14:00:00-07:00,no2,ppm,0.0077
288,2026-01-10T15:00:00-07:00,no2,ppm,0.0079
288,2026-01-10T16:00:00-07:00,no2,ppm,0.0082
288,2026-01-10T17:00:00-07:00,no2,ppm,0.0082
288,2026-01-10T18:00:00-07:00,no2,ppm,0.0086
288,2026-01-10T19:00:00-07:00,no2,ppm,0.0109
288,2026-01-10T20:00:00-07:00,no2,ppm,0.0153
288,2026-01-10T21:00:00-07:00,no2,ppm,0.03
288,2026-01-10T22:00:00-07:00,no2,ppm,0.0253
288,2026-01-10T23:00:00-07:00,no2,ppm,0.0257
288,2026-01-11T00:00:00-07:00,no2,ppm,0.0295
288,2026-01-11T01:00:00-07:00,no2,ppm,0.0316
288,2026-01-11T02:00:00-07:00,no2,ppm,0.0288
288,2026-01-11T03:00:00-07:00,no2,ppm,0.0291
288,2026-01-11T04:00:00-07:00,no2,ppm,0.0302
288,2026-01-11T06:00:00-07:00,no2,ppm,0.0321
288,2026-01-11T07:00:00-07:00,no2,ppm,0.0335
288,2026-01-11T08:00:00-07:00,no2,ppm,0.0351
288,2026-01-11T09:00:00-07:00,no2,ppm,0.0347
288,2026-01-11T10:00:00-07:00,no2,ppm,0.0282
288,2026-01-11T11:00:00-07:00,no2,ppm,0.0197
288,2026-01-11T12:00:00-07:00,no2,ppm,0.0234
288,2026-01-11T13:00:00-07:00,no2,ppm,0.0186
288,2026-01-11T14:00:00-07:00,no2,ppm,0.0154
288,2026-01-11T15:00:00-07:00,no2,ppm,0.0163
288,2026-01-11T16:00:00-07:00,no2,ppm,0.0221
288,2026-01-11T17:00:00-07:00,no2,ppm,0.0253
288,2026-01-11T18:00:00-07:00,no2,ppm,0.0233
288,2026-01-11T19:00:00-07:00,no2,ppm,0.0255
288,2026-01-11T20:00:00-07:00,no2,ppm,0.0374
288,2026-01-11T21:00:00-07:00,no2,ppm,0.0381
288,2026-01-11T22:00:00-07:00,no2,ppm,0.0364
288,2026-01-11T23:00:00-07:00,no2,ppm,0.0349
288,2026-01-12T00:00:00-07:00,no2,ppm,0.0328
288,2026-01-12T01:00:00-07:00,no2,ppm,0.0318
288,2026-01-12T02:00:00-07:00,no2,ppm,0.0309
288,2026-01-12T03:00:00-07:00,no2,ppm,0.0297
288,2026-01-12T04:00:00-07:00,no2,ppm,0.0304
288,2026-01-12T05:00:00-07:00,no2,ppm,0.0303
288,2026-01-12T06:00:00-07:00,no2,ppm,0.0322
288,2026-01-12T07:00:00-07:00,no2,ppm,0.034
288,2026-01-12T08:00:00-07:00,no2,ppm,0.0374
288,2026-01-12T09:00:00-07:00,no2,ppm,0.0365
288,2026-01-12T10:00:00-07:00,no2,ppm,0.0303
288,2026-01-12T11:00:00-07:00,no2,ppm,0.0222
288,2026-01-12T12:00:00-07:00,no2,ppm,0.0264
288,2026-01-12T13:00:00-07:00,no2,ppm,0.0289
288,2026-01-12T14:00:00-07:00,no2,ppm,0.0332
288,2026-01-12T15:00:00-07:00,no2,ppm,0.0329
288,2026-01-12T16:00:00-07:00,no2,ppm,0.0283
288,2026-01-12T17:00:00-07:00,no2,ppm,0.032
288,2026-01-12T18:00:00-07:00,no2,ppm,0.0367
288,2026-01-12T19:00:00-07:00,no2,ppm,0.0394
288,2026-01-12T20:00:00-07:00,no2,ppm,0.0403
288,2026-01-12T21:00:00-07:00,no2,ppm,0.0419
288,2026-01-12T22:00:00-07:00,no2,ppm,0.0398
288,2026-01-12T23:00:00-07:00,no2,ppm,0.0384
288,2026-01-13T00:00:00-07:00,no2,ppm,0.0362
288,2026-01-13T01:00:00-07:00,no2,ppm,0.0361
288,2026-01-13T02:00:00-07:00,no2,ppm,0.0354
288,2026-01-13T03:00:00-07:00,no2,ppm,0.0356
288,2026-01-13T04:00:00-07:00,no2,ppm,0.0346
288,2026-01-13T05:00:00-07:00,no2,ppm,0.0346
288,2026-01-13T06:00:00-07:00,no2,ppm,0.0343
288,2026-01-13T07:00:00-07:00,no2,ppm,0.0366
288,2026-01-13T08:00:00-07:00,no2,ppm,0.0374
288,2026-01-13T09:00:00-07:00,no2,ppm,0.0386
288,2026-01-13T10:00:00-07:00,no2,ppm,0.0358
288,2026-01-13T11:00:00-07:00,no2,ppm,0.0295
288,2026-01-13T12:00:00-07:00,no2,ppm,0.0269
288,2026-01-13T13:00:00-07:00,no2,ppm,0.0326
288,2026-01-13T14:00:00-07:00,no2,ppm,0.0348
288,2026-01-13T15:00:00-07:00,no2,ppm,0.0384
288,2026-01-13T16:00:00-07:00,no2,ppm,0.035
288,2026-01-13T17:00:00-07:00,no2,ppm,0.0297
288,2026-01-13T18:00:00-07:00,no2,ppm,0.0297
288,2026-01-13T19:00:00-07:00,no2,ppm,0.0348
288,2026-01-13T20:00:00-07:00,no2,ppm,0.0377
288,2026-01-13T21:00:00-07:00,no2,ppm,0.0364
288,2026-01-13T22:00:00-07:00,no2,ppm,0.0364
288,2026-01-13T23:00:00-07:00,no2,ppm,0.0356
288,2026-01-14T00:00:00-07:00,no2,ppm,0.0343
288,2026-01-14T01:00:00-07:00,no2,ppm,0.033
288,2026-01-14T02:00:00-07:00,no2,ppm,0.0319
288,2026-01-14T03:00:00-07:00,no2,ppm,0.0331
288,2026-01-14T04:00:00-07:00,no2,ppm,0.0325
288,2026-01-14T05:00:00-07:00,no2,ppm,0.0317
288,2026-01-14T06:00:00-07:00,no2,ppm,0.0338
288,2026-01-14T07:00:00-07:00,no2,ppm,0.0346
288,2026-01-14T08:00:00-07:00,no2,ppm,0.0373
288,2026-01-14T09:00:00-07:00,no2,ppm,0.0387
288,2026-01-14T10:00:00-07:00,no2,ppm,0.0348
288,2026-01-14T11:00:00-07:00,no2,ppm,0.0296
288,2026-01-14T12:00:00-07:00,no2,ppm,0.0299
288,2026-01-14T13:00:00-07:00,no2,ppm,0.0416
288,2026-01-14T14:00:00-07:00,no2,ppm,0.0317
288,2026-01-14T15:00:00-07:00,no2,ppm,0.0281
288,2026-01-14T16:00:00-07:00,no2,ppm,0.0336
288,2026-01-14T17:00:00-07:00,no2,ppm,0.0346
288,2026-01-14T18:00:00-07:00,no2,ppm,0.0299
288,2026-01-14T19:00:00-07:00,no2,ppm,0.0401
288,2026-01-14T20:00:00-07:00,no2,ppm,0.0435
288,2026-01-14T21:00:00-07:00,no2,ppm,0.0428
288,2026-01-14T22:00:00-07:00,no2,ppm,0.0414
288,2026-01-14T23:00:00-07:00,no2,ppm,0.0392
288,2026-01-15T00:00:00-07:00,no2,ppm,0.0369
288,2026-01-15T01:00:00-07:00,no2,ppm,0.0375
288,2026-01-15T02:00:00-07:00,no2,ppm,0.0349
288,2026-01-15T03:00:00-07:00,no2,ppm,0.0344
288,2026-01-15T04:00:00-07:00,no2,ppm,0.0333
288,2026-01-15T05:00:00-07:00,no2,ppm,0.0334
288,2026-01-15T06:00:00-07:00,no2,ppm,0.0354
288,2026-01-15T07:00:00-07:00,no2,ppm,0.0374
288,2026-01-15T08:00:00-07:00,no2,ppm,0.0399
288,2026-01-15T10:00:00-07:00,no2,ppm,0.0394
288,2026-01-15T11:00:00-07:00,no2,ppm,0.0278
288,2026-01-15T12:00:00-07:00,no2,ppm,0.0297
288,2026-01-15T13:00:00-07:00,no2,ppm,0.0384
288,2026-01-15T14:00:00-07:00,no2,ppm,0.0332
288,2026-01-15T15:00:00-07:00,no2,ppm,0.0339
288,2026-01-15T16:00:00-07:00,no2,ppm,0.024
288,2026-01-15T17:00:00-07:00,no2,ppm,0.0275
288,2026-01-15T18:00:00-07:00,no2,ppm,0.0344
288,2026-01-15T19:00:00-07:00,no2,ppm,0.0383
288,2026-01-15T20:00:00-07:00,no2,ppm,0.0428
288,2026-01-15T21:00:00-07:00,no2,ppm,0.0419
288,2026-01-15T22:00:00-07:00,no2,ppm,0.0401
288,2026-01-15T23:00:00-07:00,no2,ppm,0.0386
288,2026-01-16T00:00:00-07:00,no2,ppm,0.0362
288,2026-01-16T01:00:00-07:00,no2,ppm,0.0346
288,2026-01-16T02:00:00-07:00,no2,ppm,0.0331
288,2026-01-16T03:00:00-07:00,no2,ppm,0.0324
288,2026-01-16T04:00:00-07:00,no2,ppm,0.0332
288,2026-01-16T05:00:00-07:00,no2,ppm,0.0341
288,2026-01-16T06:00:00-07:00,no2,ppm,0.0343
288,2026-01-16T07:00:00-07:00,no2,ppm,0.0353
288,2026-01-16T08:00:00-07:00,no2,ppm,0.0378
288,2026-01-16T09:00:00-07:00,no2,ppm,0.0413
288,2026-01-16T10:00:00-07:00,no2,ppm,0.036
288,2026-01-16T11:00:00-07:00,no2,ppm,0.0302
288,2026-01-16T12:00:00-07:00,no2,ppm,0.0366
288,2026-01-16T13:00:00-07:00,no2,ppm,0.0322
288,2026-01-16T14:00:00-07:00,no2,ppm,0.021
288,2026-01-16T15:00:00-07:00,no2,ppm,0.0158
288,2026-01-16T16:00:00-07:00,no2,ppm,0.0179
288,2026-01-16T17:00:00-07:00,no2,ppm,0.0178
288,2026-01-16T18:00:00-07:00,no2,ppm,0.0256
288,2026-01-16T19:00:00-07:00,no2,ppm,0.0395
288,2026-01-16T20:00:00-07:00,no2,ppm,0.0407
288,2026-01-16T21:00:00-07:00,no2,ppm,0.0379
288,2026-01-16T22:00:00-07:00,no2,ppm,0.0352
288,2026-01-16T23:00:00-07:00,no2,ppm,0.0355
288,2026-01-17T00:00:00-07:00,no2,ppm,0.0349
288,2026-01-17T01:00:00-07:00,no2,ppm,0.0329
288,2026-01-17T02:00:00-07:00,no2,ppm,0.033
288,2026-01-17T03:00:00-07:00,no2,ppm,0.0335
288,2026-01-17T04:00:00-07:00,no2,ppm,0.0327
288,2026-01-17T06:00:00-07:00,no2,ppm,0.0355
288,2026-01-17T07:00:00-07:00,no2,ppm,0.0372
288,2026-01-17T08:00:00-07:00,no2,ppm,0.0378
288,2026-01-17T09:00:00-07:00,no2,ppm,0.0388
288,2026-01-17T10:00:00-07:00,no2,ppm,0.0328
288,2026-01-17T11:00:00-07:00,no2,ppm,0.0312
288,2026-01-17T12:00:00-07:00,no2,ppm,0.0224
288,2026-01-17T13:00:00-07:00,no2,ppm,0.0192
288,2026-01-17T14:00:00-07:00,no2,ppm,0.0163
288,2026-01-17T15:00:00-07:00,no2,ppm,0.0164
288,2026-01-17T16:00:00-07:00,no2,ppm,0.0155
288,2026-01-17T17:00:00-07:00,no2,ppm,0.011
288,2026-01-17T18:00:00-07:00,no2,ppm,0.0205
288,2026-01-17T19:00:00-07:00,no2,ppm,0.0372
288,2026-01-17T20:00:00-07:00,no2,ppm,0.0374
288,2026-01-17T21:00:00-07:00,no2,ppm,0.037
288,2026-01-17T22:00:00-07:00,no2,ppm,0.0284
288,2026-01-17T23:00:00-07:00,no2,ppm,0.0357
288,2026-01-18T00:00:00-07:00,no2,ppm,0.0361
288,2026-01-18T01:00:00-07:00,no2,ppm,0.0345
288,2026-01-18T02:00:00-07:00,no2,ppm,0.0351
288,2026-01-18T03:00:00-07:00,no2,ppm,0.0354
288,2026-01-18T04:00:00-07:00,no2,ppm,0.0353
288,2026-01-18T06:00:00-07:00,no2,ppm,0.0369
288,2026-01-18T07:00:00-07:00,no2,ppm,0.0385
288,2026-01-18T08:00:00-07:00,no2,ppm,0.0396
288,2026-01-18T09:00:00-07:00,no2,ppm,0.0401
288,2026-01-18T10:00:00-07:00,no2,ppm,0.0308
288,2026-01-18T11:00:00-07:00,no2,ppm,0.0218
288,2026-01-18T12:00:00-07:00,no2,ppm,0.0155
288,2026-01-18T13:00:00-07:00,no2,ppm,0.0146
288,2026-01-18T14:00:00-07:00,no2,ppm,0.0144
288,2026-01-18T15:00:00-07:00,no2,ppm,0.012
288,2026-01-18T16:00:00-07:00,no2,ppm,0.0173
288,2026-01-18T17:00:00-07:00,no2,ppm,0.0197
288,2026-01-18T18:00:00-07:00,no2,ppm,0.0202
288,2026-01-18T19:00:00-07:00,no2,ppm,0.0256
288,2026-01-18T20:00:00-07:00,no2,ppm,0.0271
288,2026-01-18T21:00:00-07:00,no2,ppm,0.0376
288,2026-01-18T22:00:00-07:00,no2,ppm,0.037
288,2026-01-18T23:00:00-07:00,no2,ppm,0.0366
288,2026-01-19T00:00:00-07:00,no2,ppm,0.0347
288,2026-01-19T01:00:00-07:00,no2,ppm,0.0329
288,2026-01-19T02:00:00-07:00,no2,ppm,0.0333
288,2026-01-19T03:00:00-07:00,no2,ppm,0.0333
288,2026-01-19T04:00:00-07:00,no2,ppm,0.0333
288,2026-01-19T05:00:00-07:00,no2,ppm,0.0339
288,2026-01-19T06:00:00-07:00,no2,ppm,0.0334
288,2026-01-19T07:00:00-07:00,no2,ppm,0.0351
288,2026-01-19T08:00:00-07:00,no2,ppm,0.0377
288,2026-01-19T09:00:00-07:00,no2,ppm,0.0399
288,2026-01-19T10:00:00-07:00,no2,ppm,0.0316
288,2026-01-19T11:00:00-07:00,no2,ppm,0.016
288,2026-01-19T12:00:00-07:00,no2,ppm,0.0156
288,2026-01-19T13:00:00-07:00,no2,ppm,0.0169
288,2026-01-19T14:00:00-07:00,no2,ppm,0.017
288,2026-01-19T15:00:00-07:00,no2,ppm,0.0169
288,2026-01-19T16:00:00-07:00,no2,ppm,0.0117
288,2026-01-19T17:00:00-07:00,no2,ppm,0.0124
288,2026-01-19T18:00:00-07:00,no2,ppm,0.0195
288,2026-01-19T19:00:00-07:00,no2,ppm,0.0338
288,2026-01-19T20:00:00-07:00,no2,ppm,0.0375
288,2026-01-19T21:00:00-07:00,no2,ppm,0.0357
288,2026-01-19T22:00:00-07:00,no2,ppm,0.0355
288,2026-01-19T23:00:00-07:00,no2,ppm,0.0352
288,2026-01-20T00:00:00-07:00,no2,ppm,0.0335
288,2026-01-20T01:00:00-07:00,no2,ppm,0.0346
288,2026-01-20T02:00:00-07:00,no2,ppm,0.0333
288,2026-01-20T03:00:00-07:00,no2,ppm,0.0344
288,2026-01-20T04:00:00-07:00,no2,ppm,0.0354
288,2026-01-20T05:00:00-07:00,no2,ppm,0.0356
288,2026-01-20T06:00:00-07:00,no2,ppm,0.0372
288,2026-01-20T07:00:00-07:00,no2,ppm,0.0399
288,2026-01-20T08:00:00-07:00,no2,ppm,0.0422
288,2026-01-20T09:00:00-07:00,no2,ppm,0.042
288,2026-01-20T10:00:00-07:00,no2,ppm,0.03
288,2026-01-20T11:00:00-07:00,no2,ppm,0.0251
288,2026-01-20T12:00:00-07:00,no2,ppm,0.0199
288,2026-01-20T13:00:00-07:00,no2,ppm,0.0209
288,2026-01-20T14:00:00-07:00,no2,ppm,0.0175
288,2026-01-20T15:00:00-07:00,no2,ppm,0.0146
288,2026-01-20T16:00:00-07:00,no2,ppm,0.0209
288,2026-01-20T17:00:00-07:00,no2,ppm,0.022
288,2026-01-20T18:00:00-07:00,no2,ppm,0.0325
288,2026-01-20T19:00:00-07:00,no2,ppm,0.0421
288,2026-01-20T20:00:00-07:00,no2,ppm,0.0425
288,2026-01-20T21:00:00-07:00,no2,ppm,0.0423
288,2026-01-20T22:00:00-07:00,no2,ppm,0.0415
288,2026-01-20T23:00:00-07:00,no2,ppm,0.0412
288,2026-01-21T00:00:00-07:00,no2,ppm,0.0399
288,2026-01-21T01:00:00-07:00,no2,ppm,0.0387
288,2026-01-21T02:00:00-07:00,no2,ppm,0.0393
288,2026-01-21T03:00:00-07:00,no2,ppm,0.0385
288,2026-01-21T04:00:00-07:00,no2,ppm,0.0378
288,2026-01-21T05:00:00-07:00,no2,ppm,0.0387
288,2026-01-21T06:00:00-07:00,no2,ppm,0.0388
288,2026-01-21T07:00:00-07:00,no2,ppm,0.0424
288,2026-01-21T08:00:00-07:00,no2,ppm,0.0431
288,2026-01-21T09:00:00-07:00,no2,ppm,0.0427
288,2026-01-21T10:00:00-07:00,no2,ppm,0.0378
288,2026-01-21T11:00:00-07:00,no2,ppm,0.0308
288,2026-01-21T12:00:00-07:00,no2,ppm,0.0316
288,2026-01-21T13:00:00-07:00,no2,ppm,0.0252
288,2026-01-21T14:00:00-07:00,no2,ppm,0.0165
288,2026-01-21T15:00:00-07:00,no2,ppm,0.018
288,2026-01-21T16:00:00-07:00,no2,ppm,0.0231
288,2026-01-21T17:00:00-07:00,no2,ppm,0.0275
288,2026-01-21T18:00:00-07:00,no2,ppm,0.0286
288,2026-01-21T19:00:00-07:00,no2,ppm,0.0328
288,2026-01-21T20:00:00-07:00,no2,ppm,0.0423
288,2026-01-21T21:00:00-07:00,no2,ppm,0.0425
288,2026-01-21T22:00:00-07:00,no2,ppm,0.0423
288,2026-01-21T23:00:00-07:00,no2,ppm,0.0392
288,2026-01-22T00:00:00-07:00,no2,ppm,0.0386
288,2026-01-22T01:00:00-07:00,no2,ppm,0.0373
288,2026-01-22T02:00:00-07:00,no2,ppm,0.0363
288,2026-01-22T03:00:00-07:00,no2,ppm,0.037
288,2026-01-22T04:00:00-07:00,no2,ppm,0.0373
288,2026-01-22T05:00:00-07:00,no2,ppm,0.0371
288,2026-01-22T06:00:00-07:00,no2,ppm,0.0399
288,2026-01-22T07:00:00-07:00,no2,ppm,0.0415
288,2026-01-22T08:00:00-07:00,no2,ppm,0.0448
288,2026-01-22T09:00:00-07:00,no2,ppm,0.0442
288,2026-01-22T10:00:00-07:00,no2,ppm,0.0323
288,2026-01-22T11:00:00-07:00,no2,ppm,0.0324
288,2026-01-22T12:00:00-07:00,no2,ppm,0.0344
288,2026-01-22T13:00:00-07:00,no2,ppm,0.0353
288,2026-01-22T14:00:00-07:00,no2,ppm,0.0415
288,2026-01-22T15:00:00-07:00,no2,ppm,0.0389
288,2026-01-22T16:00:00-07:00,no2,ppm,0.0296
288,2026-01-22T17:00:00-07:00,no2,ppm,0.0322
288,2026-01-22T18:00:00-07:00,no2,ppm,0.0369
288,2026-01-22T19:00:00-07:00,no2,ppm,0.038
288,2026-01-22T20:00:00-07:00,no2,ppm,0.0389
288,2026-01-22T21:00:00-07:00,no2,ppm,0.0403
288,2026-01-22T22:00:00-07:00,no2,ppm,0.0409
288,2026-01-22T23:00:00-07:00,no2,ppm,0.0408
288,2026-01-23T00:00:00-07:00,no2,ppm,0.0394
288,2026-01-23T01:00:00-07:00,no2,ppm,0.0379
288,2026-01-23T02:00:00-07:00,no2,ppm,0.0382
288,2026-01-23T03:00:00-07:00,no2,ppm,0.038
288,2026-01-23T04:00:00-07:00,no2,ppm,0.0397
288,2026-01-23T05:00:00-07:00,no2,ppm,0.0393
288,2026-01-23T06:00:00-07:00,no2,ppm,0.0416
288,2026-01-23T07:00:00-07:00,no2,ppm,0.0436
288,2026-01-23T08:00:00-07:00,no2,ppm,0.0459
288,2026-01-23T09:00:00-07:00,no2,ppm,0.0475
288,2026-01-23T10:00:00-07:00,no2,ppm,0.0381
288,2026-01-23T11:00:00-07:00,no2,ppm,0.0384
288,2026-01-23T12:00:00-07:00,no2,ppm,0.0421
288,2026-01-23T13:00:00-07:00,no2,ppm,0.0439
288,2026-01-23T14:00:00-07:00,no2,ppm,0.0469
288,2026-01-23T15:00:00-07:00,no2,ppm,0.0316
288,2026-01-23T16:00:00-07:00,no2,ppm,0.0255
288,2026-01-23T17:00:00-07:00,no2,ppm,0.0283
288,2026-01-23T18:00:00-07:00,no2,ppm,0.0198
288,2026-01-23T19:00:00-07:00,no2,ppm,0.0205
288,2026-01-23T20:00:00-07:00,no2,ppm,0.0253
288,2026-01-23T21:00:00-07:00,no2,ppm,0.0283
288,2026-01-23T22:00:00-07:00,no2,ppm,0.0173
288,2026-01-23T23:00:00-07:00,no2,ppm,0.0149
288,2026-01-24T00:00:00-07:00,no2,ppm,0.0167
288,2026-01-24T01:00:00-07:00,no2,ppm,0.0213
288,2026-01-24T02:00:00-07:00,no2,ppm,0.0164
288,2026-01-24T03:00:00-07:00,no2,ppm,0.0196
288,2026-01-24T04:00:00-07:00,no2,ppm,0.0243
288,2026-01-24T06:00:00-07:00,no2,ppm,0.029
288,2026-01-24T07:00:00-07:00,no2,ppm,0.0237
288,2026-01-24T08:00:00-07:00,no2,ppm,0.0296
288,2026-01-24T09:00:00-07:00,no2,ppm,0.0271
288,2026-01-24T10:00:00-07:00,no2,ppm,0.0143
288,2026-01-24T11:00:00-07:00,no2,ppm,0.0112
288,2026-01-24T12:00:00-07:00,no2,ppm,0.0079
288,2026-01-24T13:00:00-07:00,no2,ppm,0.006
288,2026-01-24T14:00:00-07:00,no2,ppm,0.0048
288,2026-01-24T15:00:00-07:00,no2,ppm,0.0039
288,2026-01-24T16:00:00-07:00,no2,ppm,0.0039
288,2026-01-24T17:00:00-07:00,no2,ppm,0.0045
288,2026-01-24T18:00:00-07:00,no2,ppm,0.0061
288,2026-01-24T19:00:00-07:00,no2,ppm,0.0104
288,2026-01-24T20:00:00-07:00,no2,ppm,0.0145
288,2026-01-24T21:00:00-07:00,no2,ppm,0.0258
288,2026-01-24T22:00:00-07:00,no2,ppm,0.0117
288,2026-01-24T23:00:00-07:00,no2,ppm,0.0104
288,2026-01-25T00:00:00-07:00,no2,ppm,0.0111
288,2026-01-25T01:00:00-07:00,no2,ppm,0.0147
288,2026-01-25T02:00:00-07:00,no2,ppm,0.0222
288,2026-01-25T03:00:00-07:00,no2,ppm,0.0262
288,2026-01-25T04:00:00-07:00,no2,ppm,0.0281
288,2026-01-25T06:00:00-07:00,no2,ppm,0.0313
288,2026-01-25T07:00:00-07:00,no2,ppm,0.0335
288,2026-01-25T08:00:00-07:00,no2,ppm,0.034
288,2026-01-25T09:00:00-07:00,no2,ppm,0.0332
288,2026-01-25T10:00:00-07:00,no2,ppm,0.0292
288,2026-01-25T11:00:00-07:00,no2,ppm,0.0163
288,2026-01-25T12:00:00-07:00,no2,ppm,0.0133
288,2026-01-25T13:00:00-07:00,no2,ppm,0.0081
288,2026-01-25T14:00:00-07:00,no2,ppm,0.0043
288,2026-01-25T15:00:00-07:00,no2,ppm,0.0028
288,2026-01-25T16:00:00-07:00,no2,ppm,0.0027
288,2026-01-25T17:00:00-07:00,no2,ppm,0.0036
288,2026-01-25T18:00:00-07:00,no2,ppm,0.0079
288,2026-01-25T19:00:00-07:00,no2,ppm,0.032
288,2026-01-25T20:00:00-07:00,no2,ppm,0.0276
288,2026-01-25T21:00:00-07:00,no2,ppm,0.0141
288,2026-01-25T22:00:00-07:00,no2,ppm,0.0221
288,2026-01-25T23:00:00-07:00,no2,ppm,0.007
288,2026-01-26T00:00:00-07:00,no2,ppm,0.0128
288,2026-01-26T01:00:00-07:00,no2,ppm,0.0251
288,2026-01-26T02:00:00-07:00,no2,ppm,0.0279
288,2026-01-26T03:00:00-07:00,no2,ppm,0.0247
288,2026-01-26T04:00:00-07:00,no2,ppm,0.0272
288,2026-01-26T05:00:00-07:00,no2,ppm,0.0372
288,2026-01-26T06:00:00-07:00,no2,ppm,0.0409
288,2026-01-26T07:00:00-07:00,no2,ppm,0.0428
288,2026-01-26T08:00:00-07:00,no2,ppm,0.0452
288,2026-01-26T09:00:00-07:00,no2,ppm,0.0463
288,2026-01-26T10:00:00-07:00,no2,ppm,0.0257
288,2026-01-26T11:00:00-07:00,no2,ppm,0.0141
288,2026-01-26T12:00:00-07:00,no2,ppm,0.0143
288,2026-01-26T13:00:00-07:00,no2,ppm,0.0114
288,2026-01-26T14:00:00-07:00,no2,ppm,0.0094
288,2026-01-26T15:00:00-07:00,no2,ppm,0.0062
288,2026-01-26T16:00:00-07:00,no2,ppm,0.0067
288,2026-01-26T17:00:00-07:00,no2,ppm,0.0093
288,2026-01-26T18:00:00-07:00,no2,ppm,0.017
288,2026-01-26T19:00:00-07:00,no2,ppm,0.0301
288,2026-01-26T20:00:00-07:00,no2,ppm,0.0412
288,2026-01-26T21:00:00-07:00,no2,ppm,0.0431
288,2026-01-26T22:00:00-07:00,no2,ppm,0.0422
288,2026-01-26T23:00:00-07:00,no2,ppm,0.0411
288,2026-01-27T00:00:00-07:00,no2,ppm,0.0418
288,2026-01-27T01:00:00-07:00,no2,ppm,0.0423
288,2026-01-27T02:00:00-07:00,no2,ppm,0.0441
288,2026-01-27T03:00:00-07:00,no2,ppm,0.0424
288,2026-01-27T04:00:00-07:00,no2,ppm,0.0402
288,2026-01-27T05:00:00-07:00,no2,ppm,0.0397
288,2026-01-27T06:00:00-07:00,no2,ppm,0.0409
288,2026-01-27T07:00:00-07:00,no2,ppm,0.0412
288,2026-01-27T08:00:00-07:00,no2,ppm,0.0443
288,2026-01-27T09:00:00-07:00,no2,ppm,0.0456
288,2026-01-27T10:00:00-07:00,no2,ppm,0.034
288,2026-01-27T11:00:00-07:00,no2,ppm,0.022
288,2026-01-27T12:00:00-07:00,no2,ppm,0.0246
288,2026-01-27T13:00:00-07:00,no2,ppm,0.0331
288,2026-01-27T14:00:00-07:00,no2,ppm,0.0231
288,2026-01-27T15:00:00-07:00,no2,ppm,0.0168
288,2026-01-27T16:00:00-07:00,no2,ppm,0.0174
288,2026-01-27T17:00:00-07:00,no2,ppm,0.0262
288,2026-01-27T18:00:00-07:00,no2,ppm,0.0359
288,2026-01-27T19:00:00-07:00,no2,ppm,0.0293
288,2026-01-27T20:00:00-07:00,no2,ppm,0.0382
288,2026-01-27T21:00:00-07:00,no2,ppm,0.041
288,2026-01-27T22:00:00-07:00,no2,ppm,0.0407
288,2026-01-27T23:00:00-07:00,no2,ppm,0.0399
288,2026-01-28T00:00:00-07:00,no2,ppm,0.0375
288,2026-01-28T01:00:00-07:00,no2,ppm,0.0371
288,2026-01-28T02:00:00-07:00,no2,ppm,0.0354
288,2026-01-28T03:00:00-07:00,no2,ppm,0.0364
288,2026-01-28T04:00:00-07:00,no2,ppm,0.0369
288,2026-01-28T05:00:00-07:00,no2,ppm,0.0372
288,2026-01-28T06:00:00-07:00,no2,ppm,0.039
288,2026-01-28T07:00:00-07:00,no2,ppm,0.0415
288,2026-01-28T08:00:00-07:00,no2,ppm,0.044
288,2026-01-28T09:00:00-07:00,no2,ppm,0.0454
288,2026-01-28T10:00:00-07:00,no2,ppm,0.0461
288,2026-01-28T11:00:00-07:00,no2,ppm,0.0466
288,2026-01-28T12:00:00-07:00,no2,ppm,0.023
288,2026-01-28T13:00:00-07:00,no2,ppm,0.024
288,2026-01-28T14:00:00-07:00,no2,ppm,0.0252
288,2026-01-28T15:00:00-07:00,no2,ppm,0.0111
288,2026-01-28T16:00:00-07:00,no2,ppm,0.0142
288,2026-01-28T17:00:00-07:00,no2,ppm,0.0191
288,2026-01-28T18:00:00-07:00,no2,ppm,0.0234
288,2026-01-28T19:00:00-07:00,no2,ppm,0.0165
288,2026-01-28T20:00:00-07:00,no2,ppm,0.0188
288,2026-01-28T21:00:00-07:00,no2,ppm,0.0205
288,2026-01-28T22:00:00-07:00,no2,ppm,0.0314
288,2026-01-28T23:00:00-07:00,no2,ppm,0.0362
288,2026-01-29T00:00:00-07:00,no2,ppm,0.0363
288,2026-01-29T01:00:00-07:00,no2,ppm,0.0333
288,2026-01-29T02:00:00-07:00,no2,ppm,0.0289
288,2026-01-29T03:00:00-07:00,no2,ppm,0.0295
288,2026-01-29T04:00:00-07:00,no2,ppm,0.0309
288,2026-01-29T05:00:00-07:00,no2,ppm,0.036
288,2026-01-29T06:00:00-07:00,no2,ppm,0.0353
288,2026-01-29T07:00:00-07:00,no2,ppm,0.036
288,2026-01-29T08:00:00-07:00,no2,ppm,0.0378
288,2026-01-29T09:00:00-07:00,no2,ppm,0.0347
288,2026-01-29T10:00:00-07:00,no2,ppm,0.0309
288,2026-01-29T11:00:00-07:00,no2,ppm,0.0338
288,2026-01-29T12:00:00-07:00,no2,ppm,0.0274
288,2026-01-29T13:00:00-07:00,no2,ppm,0.0214
288,2026-01-29T14:00:00-07:00,no2,ppm,0.0224
288,2026-01-29T15:00:00-07:00,no2,ppm,0.02
288,2026-01-29T16:00:00-07:00,no2,ppm,0.0112
288,2026-01-29T17:00:00-07:00,no2,ppm,0.0168
288,2026-01-29T18:00:00-07:00,no2,ppm,0.0194
288,2026-01-29T19:00:00-07:00,no2,ppm,0.0237
288,2026-01-29T20:00:00-07:00,no2,ppm,0.0274
288,2026-01-29T21:00:00-07:00,no2,ppm,0.0218
288,2026-01-29T22:00:00-07:00,no2,ppm,0.0257
288,2026-01-29T23:00:00-07:00,no2,ppm,0.0325
288,2026-01-30T00:00:00-07:00,no2,ppm,0.0322
288,2026-01-30T01:00:00-07:00,no2,ppm,0.0321
288,2026-01-30T02:00:00-07:00,no2,ppm,0.0326
288,2026-01-30T03:00:00-07:00,no2,ppm,0.0327
288,2026-01-30T04:00:00-07:00,no2,ppm,0.0326
288,2026-01-30T05:00:00-07:00,no2,ppm,0.0324
288,2026-01-30T06:00:00-07:00,no2,ppm,0.0323
288,2026-01-30T07:00:00-07:00,no2,ppm,0.0344
288,2026-01-30T08:00:00-07:00,no2,ppm,0.0376
288,2026-01-30T09:00:00-07:00,no2,ppm,0.0396
288,2026-01-30T10:00:00-07:00,no2,ppm,0.0359
288,2026-01-30T11:00:00-07:00,no2,ppm,0.0264
288,2026-01-30T12:00:00-07:00,no2,ppm,0.028
288,2026-01-30T13:00:00-07:00,no2,ppm,0.0174
288,2026-01-30T14:00:00-07:00,no2,ppm,0.0176
288,2026-01-30T15:00:00-07:00,no2,ppm,0.0226
288,2026-01-30T16:00:00-07:00,no2,ppm,0.0234
288,2026-01-30T17:00:00-07:00,no2,ppm,0.0263
288,2026-01-30T18:00:00-07:00,no2,ppm,0.0373
288,2026-01-30T19:00:00-07:00,no2,ppm,0.0419
288,2026-01-30T20:00:00-07:00,no2,ppm,0.0426
288,2026-01-30T21:00:00-07:00,no2,ppm,0.0424
288,2026-01-30T22:00:00-07:00,no2,ppm,0.0427
288,2026-01-30T23:00:00-07:00,no2,ppm,0.0408
288,2026-01-31T00:00:00-07:00,no2,ppm,0.0399
288,2026-01-31T01:00:00-07:00,no2,ppm,0.0398
288,2026-01-31T02:00:00-07:00,no2,ppm,0.0378
288,2026-01-31T03:00:00-07:00,no2,ppm,0.037
288,2026-01-31T04:00:00-07:00,no2,ppm,0.0358
288,2026-01-31T06:00:00-07:00,no2,ppm,0.0362
288,2026-01-31T07:00:00-07:00,no2,ppm,0.0359
288,2026-01-31T08:00:00-07:00,no2,ppm,0.0379
288,2026-01-31T09:00:00-07:00,no2,ppm,0.0386
288,2026-01-31T10:00:00-07:00,no2,ppm,0.0232
288,2026-01-31T11:00:00-07:00,no2,ppm,0.0124
288,2026-01-31T12:00:00-07:00,no2,ppm,0.0123
288,2026-01-31T13:00:00-07:00,no2,ppm,0.017
288,2026-01-31T14:00:00-07:00,no2,ppm,0.0165
288,2026-01-31T15:00:00-07:00,no2,ppm,0.0179
288,2026-01-31T16:00:00-07:00,no2,ppm,0.0182
288,2026-01-31T17:00:00-07:00,no2,ppm,0.0163
288,2026-01-31T18:00:00-07:00,no2,ppm,0.0208
288,2026-01-31T19:00:00-07:00,no2,ppm,0.032
288,2026-01-31T20:00:00-07:00,no2,ppm,0.0398
288,2026-01-31T21:00:00-07:00,no2,ppm,0.0392
288,2026-01-31T22:00:00-07:00,no2,ppm,0.0384
288,2026-01-31T23:00:00-07:00,no2,ppm,0.0388
288,2026-02-01T00:00:00-07:00,no2,ppm,0.0379
station_id,timestamp,parameter,unit,value
288,2026-01-01T01:00:00-07:00,no,ppm,0.0672
288,2026-01-01T02:00:00-07:00,no,ppm,0.0553
288,2026-01-01T03:00:00-07:00,no,ppm,0.0692
288,2026-01-01T04:00:00-07:00,no,ppm,0.0696
288,2026-01-01T05:00:00-07:00,no,ppm,0.0722
288,2026-01-01T06:00:00-07:00,no,ppm,0.0719
288,2026-01-01T07:00:00-07:00,no,ppm,0.072
288,2026-01-01T08:00:00-07:00,no,ppm,0.0592
288,2026-01-01T09:00:00-07:00,no,ppm,0.0546
288,2026-01-01T10:00:00-07:00,no,ppm,0.049
288,2026-01-01T11:00:00-07:00,no,ppm,0.0173
288,2026-01-01T12:00:00-07:00,no,ppm,0.0141
288,2026-01-01T13:00:00-07:00,no,ppm,0.017
288,2026-01-01T14:00:00-07:00,no,ppm,0.0118
288,2026-01-01T15:00:00-07:00,no,ppm,0.0089
288,2026-01-01T16:00:00-07:00,no,ppm,0.007
288,2026-01-01T17:00:00-07:00,no,ppm,0.0109
288,2026-01-01T18:00:00-07:00,no,ppm,0.0148
288,2026-01-01T19:00:00-07:00,no,ppm,0.0225
288,2026-01-01T20:00:00-07:00,no,ppm,0.0182
288,2026-01-01T21:00:00-07:00,no,ppm,0.0202
288,2026-01-01T22:00:00-07:00,no,ppm,0.0274
288,2026-01-01T23:00:00-07:00,no,ppm,0.0232
288,2026-01-02T00:00:00-07:00,no,ppm,0.0027
288,2026-01-02T01:00:00-07:00,no,ppm,0.0074
288,2026-01-02T02:00:00-07:00,no,ppm,0.0086
288,2026-01-02T03:00:00-07:00,no,ppm,0.0019
288,2026-01-02T04:00:00-07:00,no,ppm,0.0011
288,2026-01-02T05:00:00-07:00,no,ppm,0.0013
288,2026-01-02T06:00:00-07:00,no,ppm,0.0023
288,2026-01-02T07:00:00-07:00,no,ppm,0.0104
288,2026-01-02T08:00:00-07:00,no,ppm,0.0222
288,2026-01-02T09:00:00-07:00,no,ppm,0.0181
288,2026-01-02T10:00:00-07:00,no,ppm,0.0153
288,2026-01-02T11:00:00-07:00,no,ppm,0.0035
288,2026-01-02T12:00:00-07:00,no,ppm,0.0017
288,2026-01-02T13:00:00-07:00,no,ppm,0.0012
288,2026-01-02T14:00:00-07:00,no,ppm,0.0016
288,2026-01-02T15:00:00-07:00,no,ppm,0.0009
288,2026-01-02T16:00:00-07:00,no,ppm,0.0011
288,2026-01-02T17:00:00-07:00,no,ppm,0.0019
288,2026-01-02T18:00:00-07:00,no,ppm,0.0028
288,2026-01-02T19:00:00-07:00,no,ppm,0.0102
288,2026-01-02T20:00:00-07:00,no,ppm,0.0159
288,2026-01-02T21:00:00-07:00,no,ppm,0.0163
288,2026-01-02T22:00:00-07:00,no,ppm,0.0139
288,2026-01-02T23:00:00-07:00,no,ppm,0.0058
288,2026-01-03T00:00:00-07:00,no,ppm,0.0105
288,2026-01-03T01:00:00-07:00,no,ppm,0.0098
288,2026-01-03T02:00:00-07:00,no,ppm,0.0161
288,2026-01-03T03:00:00-07:00,no,ppm,0.006
288,2026-01-03T04:00:00-07:00,no,ppm,0.0027
288,2026-01-03T06:00:00-07:00,no,ppm,0.0117
288,2026-01-03T07:00:00-07:00,no,ppm,0.0034
288,2026-01-03T08:00:00-07:00,no,ppm,0.0032
288,2026-01-03T09:00:00-07:00,no,ppm,0.0058
288,2026-01-03T10:00:00-07:00,no,ppm,0.0023
288,2026-01-03T11:00:00-07:00,no,ppm,0.004
288,2026-01-03T12:00:00-07:00,no,ppm,0.0034
288,2026-01-03T13:00:00-07:00,no,ppm,0.0021
288,2026-01-03T14:00:00-07:00,no,ppm,0.0013
288,2026-01-03T15:00:00-07:00,no,ppm,0.0014
288,2026-01-03T16:00:00-07:00,no,ppm,0.0015
288,2026-01-03T17:00:00-07:00,no,ppm,0.001
288,2026-01-03T18:00:00-07:00,no,ppm,0.0007
288,2026-01-03T19:00:00-07:00,no,ppm,0.0009
288,2026-01-03T20:00:00-07:00,no,ppm,0.0003
288,2026-01-03T21:00:00-07:00,no,ppm,0.0005
288,2026-01-03T22:00:00-07:00,no,ppm,0.0001
288,2026-01-03T23:00:00-07:00,no,ppm,0.0003
288,2026-01-04T00:00:00-07:00,no,ppm,0.0001
288,2026-01-04T01:00:00-07:00,no,ppm,0.0002
288,2026-01-04T02:00:00-07:00,no,ppm,0.0002
288,2026-01-04T03:00:00-07:00,no,ppm,0.0001
288,2026-01-04T04:00:00-07:00,no,ppm,0.0001
288,2026-01-04T06:00:00-07:00,no,ppm,0.0001
288,2026-01-04T07:00:00-07:00,no,ppm,0.0002
288,2026-01-04T08:00:00-07:00,no,ppm,0.0002
288,2026-01-04T09:00:00-07:00,no,ppm,0.0006
288,2026-01-04T10:00:00-07:00,no,ppm,0.0008
288,2026-01-04T11:00:00-07:00,no,ppm,0.0008
288,2026-01-04T12:00:00-07:00,no,ppm,0.0009
288,2026-01-04T13:00:00-07:00,no,ppm,0.0009
288,2026-01-04T14:00:00-07:00,no,ppm,0.0011
288,2026-01-04T15:00:00-07:00,no,ppm,0.0006
288,2026-01-04T16:00:00-07:00,no,ppm,0.0004
288,2026-01-04T17:00:00-07:00,no,ppm,0.0005
288,2026-01-04T18:00:00-07:00,no,ppm,0.0004
288,2026-01-04T19:00:00-07:00,no,ppm,0.0003
288,2026-01-04T20:00:00-07:00,no,ppm,0.0003
288,2026-01-04T21:00:00-07:00,no,ppm,0.0004
288,2026-01-04T22:00:00-07:00,no,ppm,0.0004
288,2026-01-04T23:00:00-07:00,no,ppm,0.0006
288,2026-01-05T00:00:00-07:00,no,ppm,0.0005
288,2026-01-05T01:00:00-07:00,no,ppm,0.0001
288,2026-01-05T02:00:00-07:00,no,ppm,0.0002
288,2026-01-05T03:00:00-07:00,no,ppm,0.0002
288,2026-01-05T04:00:00-07:00,no,ppm,0.0001
288,2026-01-05T05:00:00-07:00,no,ppm,0.0001
288,2026-01-05T06:00:00-07:00,no,ppm,0.0003
288,2026-01-05T07:00:00-07:00,no,ppm,0.0006
288,2026-01-05T08:00:00-07:00,no,ppm,0.0012
288,2026-01-05T09:00:00-07:00,no,ppm,0.0042
288,2026-01-05T10:00:00-07:00,no,ppm,0.0015
288,2026-01-05T11:00:00-07:00,no,ppm,0.0017
288,2026-01-05T12:00:00-07:00,no,ppm,0.0015
288,2026-01-05T13:00:00-07:00,no,ppm,0.0023
288,2026-01-05T14:00:00-07:00,no,ppm,0.0023
288,2026-01-05T15:00:00-07:00,no,ppm,0.001
288,2026-01-05T16:00:00-07:00,no,ppm,0.002
288,2026-01-05T17:00:00-07:00,no,ppm,0.0017
288,2026-01-05T18:00:00-07:00,no,ppm,0.0013
288,2026-01-05T19:00:00-07:00,no,ppm,0.0051
288,2026-01-05T20:00:00-07:00,no,ppm,0.006
288,2026-01-05T21:00:00-07:00,no,ppm,0.0098
288,2026-01-05T22:00:00-07:00,no,ppm,0.0154
288,2026-01-05T23:00:00-07:00,no,ppm,0.0147
288,2026-01-06T00:00:00-07:00,no,ppm,0.015
288,2026-01-06T01:00:00-07:00,no,ppm,0.0069
288,2026-01-06T02:00:00-07:00,no,ppm,0.0032
288,2026-01-06T03:00:00-07:00,no,ppm,0.0019
288,2026-01-06T04:00:00-07:00,no,ppm,0.0018
288,2026-01-06T05:00:00-07:00,no,ppm,0.0037
288,2026-01-06T06:00:00-07:00,no,ppm,0.004
288,2026-01-06T07:00:00-07:00,no,ppm,0.0062
288,2026-01-06T08:00:00-07:00,no,ppm,0.0234
288,2026-01-06T09:00:00-07:00,no,ppm,0.0495
288,2026-01-06T10:00:00-07:00,no,ppm,0.0193
288,2026-01-06T11:00:00-07:00,no,ppm,0.0081
288,2026-01-06T12:00:00-07:00,no,ppm,0.0049
288,2026-01-06T13:00:00-07:00,no,ppm,0.002
288,2026-01-06T14:00:00-07:00,no,ppm,0.0012
288,2026-01-06T15:00:00-07:00,no,ppm,0.0011
288,2026-01-06T16:00:00-07:00,no,ppm,0.0008
288,2026-01-06T17:00:00-07:00,no,ppm,0.0005
288,2026-01-06T18:00:00-07:00,no,ppm,0.0008
288,2026-01-06T19:00:00-07:00,no,ppm,0.0022
288,2026-01-06T20:00:00-07:00,no,ppm,0.016
288,2026-01-06T21:00:00-07:00,no,ppm,0.0267
288,2026-01-06T22:00:00-07:00,no,ppm,0.0179
288,2026-01-06T23:00:00-07:00,no,ppm,0.0166
288,2026-01-07T00:00:00-07:00,no,ppm,0.0035
288,2026-01-07T01:00:00-07:00,no,ppm,0.0022
288,2026-01-07T02:00:00-07:00,no,ppm,0.0065
288,2026-01-07T03:00:00-07:00,no,ppm,0.003
288,2026-01-07T04:00:00-07:00,no,ppm,0.002
288,2026-01-07T05:00:00-07:00,no,ppm,0.0086
288,2026-01-07T06:00:00-07:00,no,ppm,0.0119
288,2026-01-07T07:00:00-07:00,no,ppm,0.0151
288,2026-01-07T08:00:00-07:00,no,ppm,0.0285
288,2026-01-07T09:00:00-07:00,no,ppm,0.0288
288,2026-01-07T10:00:00-07:00,no,ppm,0.0159
288,2026-01-07T11:00:00-07:00,no,ppm,0.0052
288,2026-01-07T12:00:00-07:00,no,ppm,0.0013
288,2026-01-07T13:00:00-07:00,no,ppm,0.0009
288,2026-01-07T14:00:00-07:00,no,ppm,0.0011
288,2026-01-07T15:00:00-07:00,no,ppm,0.0007
288,2026-01-07T16:00:00-07:00,no,ppm,0.0018
288,2026-01-07T17:00:00-07:00,no,ppm,0.001
288,2026-01-07T18:00:00-07:00,no,ppm,0.0005
288,2026-01-07T19:00:00-07:00,no,ppm,0.0007
288,2026-01-07T20:00:00-07:00,no,ppm,0.0008
288,2026-01-07T21:00:00-07:00,no,ppm,0.0013
288,2026-01-07T22:00:00-07:00,no,ppm,0.0026
288,2026-01-07T23:00:00-07:00,no,ppm,0.0018
288,2026-01-08T00:00:00-07:00,no,ppm,0.0009
288,2026-01-08T01:00:00-07:00,no,ppm,0.0007
288,2026-01-08T02:00:00-07:00,no,ppm,0.0006
288,2026-01-08T03:00:00-07:00,no,ppm,0.0003
288,2026-01-08T04:00:00-07:00,no,ppm,0.0004
288,2026-01-08T05:00:00-07:00,no,ppm,0.0003
288,2026-01-08T06:00:00-07:00,no,ppm,0.0005
288,2026-01-08T07:00:00-07:00,no,ppm,0.0039
288,2026-01-08T08:00:00-07:00,no,ppm,0.0162
288,2026-01-08T09:00:00-07:00,no,ppm,0.0369
288,2026-01-08T10:00:00-07:00,no,ppm,0.0293
288,2026-01-08T11:00:00-07:00,no,ppm,0.0062
288,2026-01-08T12:00:00-07:00,no,ppm,0.0015
288,2026-01-08T13:00:00-07:00,no,ppm,0.001
288,2026-01-08T14:00:00-07:00,no,ppm,0.0009
288,2026-01-08T15:00:00-07:00,no,ppm,0.0007
288,2026-01-08T16:00:00-07:00,no,ppm,0.0008
288,2026-01-08T17:00:00-07:00,no,ppm,0.0007
288,2026-01-08T18:00:00-07:00,no,ppm,0.0008
288,2026-01-08T19:00:00-07:00,no,ppm,0.0006
288,2026-01-08T20:00:00-07:00,no,ppm,0.0005
288,2026-01-08T21:00:00-07:00,no,ppm,0.0007
288,2026-01-08T22:00:00-07:00,no,ppm,0.0005
288,2026-01-08T23:00:00-07:00,no,ppm,0.0006
288,2026-01-09T00:00:00-07:00,no,ppm,0.0004
288,2026-01-09T01:00:00-07:00,no,ppm,0.0005
288,2026-01-09T02:00:00-07:00,no,ppm,0.0007
288,2026-01-09T03:00:00-07:00,no,ppm,0.0006
288,2026-01-09T04:00:00-07:00,no,ppm,0.0006
288,2026-01-09T05:00:00-07:00,no,ppm,0.0006
288,2026-01-09T06:00:00-07:00,no,ppm,0.0009
288,2026-01-09T07:00:00-07:00,no,ppm,0.0029
288,2026-01-09T08:00:00-07:00,no,ppm,0.0034
288,2026-01-09T09:00:00-07:00,no,ppm,0.0034
288,2026-01-09T10:00:00-07:00,no,ppm,0.0021
288,2026-01-09T11:00:00-07:00,no,ppm,0.0051
288,2026-01-09T12:00:00-07:00,no,ppm,0.0061
288,2026-01-09T13:00:00-07:00,no,ppm,0.0019
288,2026-01-09T14:00:00-07:00,no,ppm,0.0015
288,2026-01-09T15:00:00-07:00,no,ppm,0.0019
288,2026-01-09T16:00:00-07:00,no,ppm,0.0015
288,2026-01-09T17:00:00-07:00,no,ppm,0.0011
288,2026-01-09T18:00:00-07:00,no,ppm,0.0008
288,2026-01-09T19:00:00-07:00,no,ppm,0.0007
288,2026-01-09T20:00:00-07:00,no,ppm,0.0015
288,2026-01-09T21:00:00-07:00,no,ppm,0.0021
288,2026-01-09T22:00:00-07:00,no,ppm,0.0021
288,2026-01-09T23:00:00-07:00,no,ppm,0.0011
288,2026-01-10T00:00:00-07:00,no,ppm,0.0006
288,2026-01-10T01:00:00-07:00,no,ppm,0.0004
288,2026-01-10T02:00:00-07:00,no,ppm,0.0005
288,2026-01-10T03:00:00-07:00,no,ppm,0.0006
288,2026-01-10T04:00:00-07:00,no,ppm,0.0006
288,2026-01-10T06:00:00-07:00,no,ppm,0.0007
288,2026-01-10T07:00:00-07:00,no,ppm,0.0015
288,2026-01-10T08:00:00-07:00,no,ppm,0.0019
288,2026-01-10T09:00:00-07:00,no,ppm,0.0021
288,2026-01-10T10:00:00-07:00,no,ppm,0.0045
288,2026-01-10T11:00:00-07:00,no,ppm,0.0034
288,2026-01-10T12:00:00-07:00,no,ppm,0.0034
288,2026-01-10T13:00:00-07:00,no,ppm,0.0041
288,2026-01-10T14:00:00-07:00,no,ppm,0.0036
288,2026-01-10T15:00:00-07:00,no,ppm,0.003
288,2026-01-10T16:00:00-07:00,no,ppm,0.0023
288,2026-01-10T17:00:00-07:00,no,ppm,0.0012
288,2026-01-10T18:00:00-07:00,no,ppm,0.0004
288,2026-01-10T19:00:00-07:00,no,ppm,0.0004
288,2026-01-10T20:00:00-07:00,no,ppm,0.0008
288,2026-01-10T21:00:00-07:00,no,ppm,0.0047
288,2026-01-10T22:00:00-07:00,no,ppm,0.0032
288,2026-01-10T23:00:00-07:00,no,ppm,0.0035
288,2026-01-11T00:00:00-07:00,no,ppm,0.0056
288,2026-01-11T01:00:00-07:00,no,ppm,0.0085
288,2026-01-11T02:00:00-07:00,no,ppm,0.0062
288,2026-01-11T03:00:00-07:00,no,ppm,0.009
288,2026-01-11T04:00:00-07:00,no,ppm,0.0078
288,2026-01-11T06:00:00-07:00,no,ppm,0.0131
288,2026-01-11T07:00:00-07:00,no,ppm,0.0255
288,2026-01-11T08:00:00-07:00,no,ppm,0.0426
288,2026-01-11T09:00:00-07:00,no,ppm,0.0595
288,2026-01-11T10:00:00-07:00,no,ppm,0.0303
288,2026-01-11T11:00:00-07:00,no,ppm,0.0153
288,2026-01-11T12:00:00-07:00,no,ppm,0.0198
288,2026-01-11T13:00:00-07:00,no,ppm,0.0116
288,2026-01-11T14:00:00-07:00,no,ppm,0.0073
288,2026-01-11T15:00:00-07:00,no,ppm,0.0064
288,2026-01-11T16:00:00-07:00,no,ppm,0.0087
288,2026-01-11T17:00:00-07:00,no,ppm,0.0049
288,2026-01-11T18:00:00-07:00,no,ppm,0.0015
288,2026-01-11T19:00:00-07:00,no,ppm,0.0017
288,2026-01-11T20:00:00-07:00,no,ppm,0.0145
288,2026-01-11T21:00:00-07:00,no,ppm,0.0354
288,2026-01-11T22:00:00-07:00,no,ppm,0.0482
288,2026-01-11T23:00:00-07:00,no,ppm,0.0515
288,2026-01-12T00:00:00-07:00,no,ppm,0.0437
288,2026-01-12T01:00:00-07:00,no,ppm,0.0442
288,2026-01-12T02:00:00-07:00,no,ppm,0.04
288,2026-01-12T03:00:00-07:00,no,ppm,0.0284
288,2026-01-12T04:00:00-07:00,no,ppm,0.0282
288,2026-01-12T05:00:00-07:00,no,ppm,0.0367
288,2026-01-12T06:00:00-07:00,no,ppm,0.051
288,2026-01-12T07:00:00-07:00,no,ppm,0.0639
288,2026-01-12T08:00:00-07:00,no,ppm,0.0834
288,2026-01-12T09:00:00-07:00,no,ppm,0.0971
288,2026-01-12T10:00:00-07:00,no,ppm,0.0528
288,2026-01-12T11:00:00-07:00,no,ppm,0.0201
288,2026-01-12T12:00:00-07:00,no,ppm,0.0233
288,2026-01-12T13:00:00-07:00,no,ppm,0.0241
288,2026-01-12T14:00:00-07:00,no,ppm,0.0243
288,2026-01-12T15:00:00-07:00,no,ppm,0.0182
288,2026-01-12T16:00:00-07:00,no,ppm,0.0108
288,2026-01-12T17:00:00-07:00,no,ppm,0.0077
288,2026-01-12T18:00:00-07:00,no,ppm,0.0033
288,2026-01-12T19:00:00-07:00,no,ppm,0.0052
288,2026-01-12T20:00:00-07:00,no,ppm,0.0349
288,2026-01-12T21:00:00-07:00,no,ppm,0.0681
288,2026-01-12T22:00:00-07:00,no,ppm,0.0692
288,2026-01-12T23:00:00-07:00,no,ppm,0.0438
288,2026-01-13T00:00:00-07:00,no,ppm,0.0622
288,2026-01-13T01:00:00-07:00,no,ppm,0.0487
288,2026-01-13T02:00:00-07:00,no,ppm,0.0501
288,2026-01-13T03:00:00-07:00,no,ppm,0.052
288,2026-01-13T04:00:00-07:00,no,ppm,0.0493
288,2026-01-13T05:00:00-07:00,no,ppm,0.0589
288,2026-01-13T06:00:00-07:00,no,ppm,0.0668
288,2026-01-13T07:00:00-07:00,no,ppm,0.0736
288,2026-01-13T08:00:00-07:00,no,ppm,0.0916
288,2026-01-13T09:00:00-07:00,no,ppm,0.11
288,2026-01-13T10:00:00-07:00,no,ppm,0.0751
288,2026-01-13T11:00:00-07:00,no,ppm,0.038
288,2026-01-13T12:00:00-07:00,no,ppm,0.0217
288,2026-01-13T13:00:00-07:00,no,ppm,0.0265
288,2026-01-13T14:00:00-07:00,no,ppm,0.0279
288,2026-01-13T15:00:00-07:00,no,ppm,0.0246
288,2026-01-13T16:00:00-07:00,no,ppm,0.0141
288,2026-01-13T17:00:00-07:00,no,ppm,0.005
288,2026-01-13T18:00:00-07:00,no,ppm,0.0014
288,2026-01-13T19:00:00-07:00,no,ppm,0.0036
288,2026-01-13T20:00:00-07:00,no,ppm,0.011
288,2026-01-13T21:00:00-07:00,no,ppm,0.0288
288,2026-01-13T22:00:00-07:00,no,ppm,0.0497
288,2026-01-13T23:00:00-07:00,no,ppm,0.0539
288,2026-01-14T00:00:00-07:00,no,ppm,0.0523
288,2026-01-14T01:00:00-07:00,no,ppm,0.0528
288,2026-01-14T02:00:00-07:00,no,ppm,0.0437
288,2026-01-14T03:00:00-07:00,no,ppm,0.0467
288,2026-01-14T04:00:00-07:00,no,ppm,0.0515
288,2026-01-14T05:00:00-07:00,no,ppm,0.052
288,2026-01-14T06:00:00-07:00,no,ppm,0.0593
288,2026-01-14T07:00:00-07:00,no,ppm,0.0754
288,2026-01-14T08:00:00-07:00,no,ppm,0.106
288,2026-01-14T09:00:00-07:00,no,ppm,0.125
288,2026-01-14T10:00:00-07:00,no,ppm,0.0726
288,2026-01-14T11:00:00-07:00,no,ppm,0.0342
288,2026-01-14T12:00:00-07:00,no,ppm,0.0278
288,2026-01-14T13:00:00-07:00,no,ppm,0.0464
288,2026-01-14T14:00:00-07:00,no,ppm,0.0207
288,2026-01-14T15:00:00-07:00,no,ppm,0.0111
288,2026-01-14T16:00:00-07:00,no,ppm,0.0113
288,2026-01-14T17:00:00-07:00,no,ppm,0.007
288,2026-01-14T18:00:00-07:00,no,ppm,0.0017
288,2026-01-14T19:00:00-07:00,no,ppm,0.0076
288,2026-01-14T20:00:00-07:00,no,ppm,0.037
288,2026-01-14T21:00:00-07:00,no,ppm,0.0502
288,2026-01-14T22:00:00-07:00,no,ppm,0.052
288,2026-01-14T23:00:00-07:00,no,ppm,0.0493
288,2026-01-15T00:00:00-07:00,no,ppm,0.0417
288,2026-01-15T01:00:00-07:00,no,ppm,0.0379
288,2026-01-15T02:00:00-07:00,no,ppm,0.0415
288,2026-01-15T03:00:00-07:00,no,ppm,0.03
288,2026-01-15T04:00:00-07:00,no,ppm,0.0263
288,2026-01-15T05:00:00-07:00,no,ppm,0.0378
288,2026-01-15T06:00:00-07:00,no,ppm,0.0529
288,2026-01-15T07:00:00-07:00,no,ppm,0.0759
288,2026-01-15T08:00:00-07:00,no,ppm,0.0968
288,2026-01-15T10:00:00-07:00,no,ppm,0.0791
288,2026-01-15T11:00:00-07:00,no,ppm,0.0275
288,2026-01-15T12:00:00-07:00,no,ppm,0.0301
288,2026-01-15T13:00:00-07:00,no,ppm,0.0418
288,2026-01-15T14:00:00-07:00,no,ppm,0.0265
288,2026-01-15T15:00:00-07:00,no,ppm,0.0218
288,2026-01-15T16:00:00-07:00,no,ppm,0.0075
288,2026-01-15T17:00:00-07:00,no,ppm,0.0049
288,2026-01-15T18:00:00-07:00,no,ppm,0.0026
288,2026-01-15T19:00:00-07:00,no,ppm,0.0032
288,2026-01-15T20:00:00-07:00,no,ppm,0.0173
288,2026-01-15T21:00:00-07:00,no,ppm,0.0438
288,2026-01-15T22:00:00-07:00,no,ppm,0.0433
288,2026-01-15T23:00:00-07:00,no,ppm,0.0527
288,2026-01-16T00:00:00-07:00,no,ppm,0.0428
288,2026-01-16T01:00:00-07:00,no,ppm,0.0369
288,2026-01-16T02:00:00-07:00,no,ppm,0.0294
288,2026-01-16T03:00:00-07:00,no,ppm,0.0306
288,2026-01-16T04:00:00-07:00,no,ppm,0.0398
288,2026-01-16T05:00:00-07:00,no,ppm,0.0518
288,2026-01-16T06:00:00-07:00,no,ppm,0.0585
288,2026-01-16T07:00:00-07:00,no,ppm,0.0688
288,2026-01-16T08:00:00-07:00,no,ppm,0.0859
288,2026-01-16T09:00:00-07:00,no,ppm,0.106
288,2026-01-16T10:00:00-07:00,no,ppm,0.073
288,2026-01-16T11:00:00-07:00,no,ppm,0.0368
288,2026-01-16T12:00:00-07:00,no,ppm,0.0486
288,2026-01-16T13:00:00-07:00,no,ppm,0.0322
288,2026-01-16T14:00:00-07:00,no,ppm,0.0112
288,2026-01-16T15:00:00-07:00,no,ppm,0.0051
288,2026-01-16T16:00:00-07:00,no,ppm,0.0055
288,2026-01-16T17:00:00-07:00,no,ppm,0.0025
288,2026-01-16T18:00:00-07:00,no,ppm,0.0013
288,2026-01-16T19:00:00-07:00,no,ppm,0.0087
288,2026-01-16T20:00:00-07:00,no,ppm,0.029
288,2026-01-16T21:00:00-07:00,no,ppm,0.0407
288,2026-01-16T22:00:00-07:00,no,ppm,0.0346
288,2026-01-16T23:00:00-07:00,no,ppm,0.0316
288,2026-01-17T00:00:00-07:00,no,ppm,0.0385
288,2026-01-17T01:00:00-07:00,no,ppm,0.0328
288,2026-01-17T02:00:00-07:00,no,ppm,0.0337
288,2026-01-17T03:00:00-07:00,no,ppm,0.0297
288,2026-01-17T04:00:00-07:00,no,ppm,0.0336
288,2026-01-17T06:00:00-07:00,no,ppm,0.0387
288,2026-01-17T07:00:00-07:00,no,ppm,0.0533
288,2026-01-17T08:00:00-07:00,no,ppm,0.0625
288,2026-01-17T09:00:00-07:00,no,ppm,0.0735
288,2026-01-17T10:00:00-07:00,no,ppm,0.0561
288,2026-01-17T11:00:00-07:00,no,ppm,0.0438
288,2026-01-17T12:00:00-07:00,no,ppm,0.0188
288,2026-01-17T13:00:00-07:00,no,ppm,0.0132
288,2026-01-17T14:00:00-07:00,no,ppm,0.0087
288,2026-01-17T15:00:00-07:00,no,ppm,0.007
288,2026-01-17T16:00:00-07:00,no,ppm,0.0048
288,2026-01-17T17:00:00-07:00,no,ppm,0.0012
288,2026-01-17T18:00:00-07:00,no,ppm,0.0009
288,2026-01-17T19:00:00-07:00,no,ppm,0.0104
288,2026-01-17T20:00:00-07:00,no,ppm,0.0166
288,2026-01-17T21:00:00-07:00,no,ppm,0.0139
288,2026-01-17T22:00:00-07:00,no,ppm,0.0075
288,2026-01-17T23:00:00-07:00,no,ppm,0.0192
288,2026-01-18T00:00:00-07:00,no,ppm,0.0256
288,2026-01-18T01:00:00-07:00,no,ppm,0.0213
288,2026-01-18T02:00:00-07:00,no,ppm,0.0267
288,2026-01-18T03:00:00-07:00,no,ppm,0.0253
288,2026-01-18T04:00:00-07:00,no,ppm,0.024
288,2026-01-18T06:00:00-07:00,no,ppm,0.0359
288,2026-01-18T07:00:00-07:00,no,ppm,0.0442
288,2026-01-18T08:00:00-07:00,no,ppm,0.0565
288,2026-01-18T09:00:00-07:00,no,ppm,0.0651
288,2026-01-18T10:00:00-07:00,no,ppm,0.0348
288,2026-01-18T11:00:00-07:00,no,ppm,0.0155
288,2026-01-18T12:00:00-07:00,no,ppm,0.0092
288,2026-01-18T13:00:00-07:00,no,ppm,0.0079
288,2026-01-18T14:00:00-07:00,no,ppm,0.007
288,2026-01-18T15:00:00-07:00,no,ppm,0.0047
288,2026-01-18T16:00:00-07:00,no,ppm,0.0052
288,2026-01-18T17:00:00-07:00,no,ppm,0.0031
288,2026-01-18T18:00:00-07:00,no,ppm,0.0011
288,2026-01-18T19:00:00-07:00,no,ppm,0.0013
288,2026-01-18T20:00:00-07:00,no,ppm,0.0043
288,2026-01-18T21:00:00-07:00,no,ppm,0.0269
288,2026-01-18T22:00:00-07:00,no,ppm,0.0382
288,2026-01-18T23:00:00-07:00,no,ppm,0.0449
288,2026-01-19T00:00:00-07:00,no,ppm,0.0369
288,2026-01-19T01:00:00-07:00,no,ppm,0.0244
288,2026-01-19T02:00:00-07:00,no,ppm,0.0315
288,2026-01-19T03:00:00-07:00,no,ppm,0.0313
288,2026-01-19T04:00:00-07:00,no,ppm,0.0271
288,2026-01-19T05:00:00-07:00,no,ppm,0.0337
288,2026-01-19T06:00:00-07:00,no,ppm,0.0372
288,2026-01-19T07:00:00-07:00,no,ppm,0.0456
288,2026-01-19T08:00:00-07:00,no,ppm,0.0777
288,2026-01-19T09:00:00-07:00,no,ppm,0.0943
288,2026-01-19T10:00:00-07:00,no,ppm,0.0525
288,2026-01-19T11:00:00-07:00,no,ppm,0.0114
288,2026-01-19T12:00:00-07:00,no,ppm,0.0106
288,2026-01-19T13:00:00-07:00,no,ppm,0.0115
288,2026-01-19T14:00:00-07:00,no,ppm,0.01
288,2026-01-19T15:00:00-07:00,no,ppm,0.0081
288,2026-01-19T16:00:00-07:00,no,ppm,0.0035
288,2026-01-19T17:00:00-07:00,no,ppm,0.0019
288,2026-01-19T18:00:00-07:00,no,ppm,0.001
288,2026-01-19T19:00:00-07:00,no,ppm,0.0086
288,2026-01-19T20:00:00-07:00,no,ppm,0.0279
288,2026-01-19T21:00:00-07:00,no,ppm,0.0238
288,2026-01-19T22:00:00-07:00,no,ppm,0.0192
288,2026-01-19T23:00:00-07:00,no,ppm,0.0269
288,2026-01-20T00:00:00-07:00,no,ppm,0.0193
288,2026-01-20T01:00:00-07:00,no,ppm,0.0152
288,2026-01-20T02:00:00-07:00,no,ppm,0.0195
288,2026-01-20T03:00:00-07:00,no,ppm,0.0261
288,2026-01-20T04:00:00-07:00,no,ppm,0.0239
288,2026-01-20T05:00:00-07:00,no,ppm,0.0307
288,2026-01-20T06:00:00-07:00,no,ppm,0.0416
288,2026-01-20T07:00:00-07:00,no,ppm,0.0562
288,2026-01-20T08:00:00-07:00,no,ppm,0.0865
288,2026-01-20T09:00:00-07:00,no,ppm,0.108
288,2026-01-20T10:00:00-07:00,no,ppm,0.0311
288,2026-01-20T11:00:00-07:00,no,ppm,0.023
288,2026-01-20T12:00:00-07:00,no,ppm,0.015
288,2026-01-20T13:00:00-07:00,no,ppm,0.0149
288,2026-01-20T14:00:00-07:00,no,ppm,0.0099
288,2026-01-20T15:00:00-07:00,no,ppm,0.0061
288,2026-01-20T16:00:00-07:00,no,ppm,0.0067
288,2026-01-20T17:00:00-07:00,no,ppm,0.004
288,2026-01-20T18:00:00-07:00,no,ppm,0.0033
288,2026-01-20T19:00:00-07:00,no,ppm,0.0183
288,2026-01-20T20:00:00-07:00,no,ppm,0.0413
288,2026-01-20T21:00:00-07:00,no,ppm,0.0575
288,2026-01-20T22:00:00-07:00,no,ppm,0.0635
288,2026-01-20T23:00:00-07:00,no,ppm,0.0465
288,2026-01-21T00:00:00-07:00,no,ppm,0.0297
288,2026-01-21T01:00:00-07:00,no,ppm,0.0269
288,2026-01-21T02:00:00-07:00,no,ppm,0.0367
288,2026-01-21T03:00:00-07:00,no,ppm,0.0237
288,2026-01-21T04:00:00-07:00,no,ppm,0.013
288,2026-01-21T05:00:00-07:00,no,ppm,0.0277
288,2026-01-21T06:00:00-07:00,no,ppm,0.0404
288,2026-01-21T07:00:00-07:00,no,ppm,0.0602
288,2026-01-21T08:00:00-07:00,no,ppm,0.0726
288,2026-01-21T09:00:00-07:00,no,ppm,0.0903
288,2026-01-21T10:00:00-07:00,no,ppm,0.0571
288,2026-01-21T11:00:00-07:00,no,ppm,0.0354
288,2026-01-21T12:00:00-07:00,no,ppm,0.0345
288,2026-01-21T13:00:00-07:00,no,ppm,0.0199
288,2026-01-21T14:00:00-07:00,no,ppm,0.0079
288,2026-01-21T15:00:00-07:00,no,ppm,0.0075
288,2026-01-21T16:00:00-07:00,no,ppm,0.0093
288,2026-01-21T17:00:00-07:00,no,ppm,0.0067
288,2026-01-21T18:00:00-07:00,no,ppm,0.0023
288,2026-01-21T19:00:00-07:00,no,ppm,0.0017
288,2026-01-21T20:00:00-07:00,no,ppm,0.0236
288,2026-01-21T21:00:00-07:00,no,ppm,0.0502
288,2026-01-21T22:00:00-07:00,no,ppm,0.0668
288,2026-01-21T23:00:00-07:00,no,ppm,0.0591
288,2026-01-22T00:00:00-07:00,no,ppm,0.0461
288,2026-01-22T01:00:00-07:00,no,ppm,0.0398
288,2026-01-22T02:00:00-07:00,no,ppm,0.0362
288,2026-01-22T03:00:00-07:00,no,ppm,0.0308
288,2026-01-22T04:00:00-07:00,no,ppm,0.0278
288,2026-01-22T05:00:00-07:00,no,ppm,0.0388
288,2026-01-22T06:00:00-07:00,no,ppm,0.0478
288,2026-01-22T07:00:00-07:00,no,ppm,0.0626
288,2026-01-22T08:00:00-07:00,no,ppm,0.0761
288,2026-01-22T09:00:00-07:00,no,ppm,0.101
288,2026-01-22T10:00:00-07:00,no,ppm,0.0431
288,2026-01-22T11:00:00-07:00,no,ppm,0.0403
288,2026-01-22T12:00:00-07:00,no,ppm,0.041
288,2026-01-22T13:00:00-07:00,no,ppm,0.0326
288,2026-01-22T14:00:00-07:00,no,ppm,0.0398
288,2026-01-22T15:00:00-07:00,no,ppm,0.029
288,2026-01-22T16:00:00-07:00,no,ppm,0.0139
288,2026-01-22T17:00:00-07:00,no,ppm,0.0104
288,2026-01-22T18:00:00-07:00,no,ppm,0.0081
288,2026-01-22T19:00:00-07:00,no,ppm,0.0256
288,2026-01-22T20:00:00-07:00,no,ppm,0.0722
288,2026-01-22T21:00:00-07:00,no,ppm,0.085
288,2026-01-22T22:00:00-07:00,no,ppm,0.0875
288,2026-01-22T23:00:00-07:00,no,ppm,0.0836
288,2026-01-23T00:00:00-07:00,no,ppm,0.0598
288,2026-01-23T01:00:00-07:00,no,ppm,0.0514
288,2026-01-23T02:00:00-07:00,no,ppm,0.0486
288,2026-01-23T03:00:00-07:00,no,ppm,0.0514
288,2026-01-23T04:00:00-07:00,no,ppm,0.0624
288,2026-01-23T05:00:00-07:00,no,ppm,0.0631
288,2026-01-23T06:00:00-07:00,no,ppm,0.0758
288,2026-01-23T07:00:00-07:00,no,ppm,0.0963
288,2026-01-23T08:00:00-07:00,no,ppm,0.117
288,2026-01-23T09:00:00-07:00,no,ppm,0.136
288,2026-01-23T10:00:00-07:00,no,ppm,0.075
288,2026-01-23T11:00:00-07:00,no,ppm,0.0655
288,2026-01-23T12:00:00-07:00,no,ppm,0.0648
288,2026-01-23T13:00:00-07:00,no,ppm,0.0525
288,2026-01-23T14:00:00-07:00,no,ppm,0.0448
288,2026-01-23T15:00:00-07:00,no,ppm,0.016
288,2026-01-23T16:00:00-07:00,no,ppm,0.006
288,2026-01-23T17:00:00-07:00,no,ppm,0.0042
288,2026-01-23T18:00:00-07:00,no,ppm,0.0015
288,2026-01-23T19:00:00-07:00,no,ppm,0.0012
288,2026-01-23T20:00:00-07:00,no,ppm,0.0012
288,2026-01-23T21:00:00-07:00,no,ppm,0.0021
288,2026-01-23T22:00:00-07:00,no,ppm,0.0006
288,2026-01-23T23:00:00-07:00,no,ppm,0.001
288,2026-01-24T00:00:00-07:00,no,ppm,0.0013
288,2026-01-24T01:00:00-07:00,no,ppm,0.0042
288,2026-01-24T02:00:00-07:00,no,ppm,0.0016
288,2026-01-24T03:00:00-07:00,no,ppm,0.002
288,2026-01-24T04:00:00-07:00,no,ppm,0.0091
288,2026-01-24T06:00:00-07:00,no,ppm,0.0293
288,2026-01-24T07:00:00-07:00,no,ppm,0.0098
288,2026-01-24T08:00:00-07:00,no,ppm,0.0323
288,2026-01-24T09:00:00-07:00,no,ppm,0.0335
288,2026-01-24T10:00:00-07:00,no,ppm,0.006
288,2026-01-24T11:00:00-07:00,no,ppm,0.006
288,2026-01-24T12:00:00-07:00,no,ppm,0.0046
288,2026-01-24T13:00:00-07:00,no,ppm,0.0021
288,2026-01-24T14:00:00-07:00,no,ppm,0.0014
288,2026-01-24T15:00:00-07:00,no,ppm,0.0012
288,2026-01-24T16:00:00-07:00,no,ppm,0.0009
288,2026-01-24T17:00:00-07:00,no,ppm,0.0008
288,2026-01-24T18:00:00-07:00,no,ppm,0.0005
288,2026-01-24T19:00:00-07:00,no,ppm,0.0007
288,2026-01-24T20:00:00-07:00,no,ppm,0.0012
288,2026-01-24T21:00:00-07:00,no,ppm,0.0039
288,2026-01-24T22:00:00-07:00,no,ppm,0.0016
288,2026-01-24T23:00:00-07:00,no,ppm,0.0008
288,2026-01-25T00:00:00-07:00,no,ppm,0.001
288,2026-01-25T01:00:00-07:00,no,ppm,0.0017
288,2026-01-25T02:00:00-07:00,no,ppm,0.0032
288,2026-01-25T03:00:00-07:00,no,ppm,0.0047
288,2026-01-25T04:00:00-07:00,no,ppm,0.0042
288,2026-01-25T06:00:00-07:00,no,ppm,0.0078
288,2026-01-25T07:00:00-07:00,no,ppm,0.0149
288,2026-01-25T08:00:00-07:00,no,ppm,0.0206
288,2026-01-25T09:00:00-07:00,no,ppm,0.0239
288,2026-01-25T10:00:00-07:00,no,ppm,0.0203
288,2026-01-25T11:00:00-07:00,no,ppm,0.0078
288,2026-01-25T12:00:00-07:00,no,ppm,0.0076
288,2026-01-25T13:00:00-07:00,no,ppm,0.0034
288,2026-01-25T14:00:00-07:00,no,ppm,0.0014
288,2026-01-25T15:00:00-07:00,no,ppm,0.0008
288,2026-01-25T16:00:00-07:00,no,ppm,0.0007
288,2026-01-25T17:00:00-07:00,no,ppm,0.0007
288,2026-01-25T18:00:00-07:00,no,ppm,0.0005
288,2026-01-25T19:00:00-07:00,no,ppm,0.0081
288,2026-01-25T20:00:00-07:00,no,ppm,0.009
288,2026-01-25T21:00:00-07:00,no,ppm,0.002
288,2026-01-25T22:00:00-07:00,no,ppm,0.0027
288,2026-01-25T23:00:00-07:00,no,ppm,0.0009
288,2026-01-26T00:00:00-07:00,no,ppm,0.0011
288,2026-01-26T01:00:00-07:00,no,ppm,0.0023
288,2026-01-26T02:00:00-07:00,no,ppm,0.0033
288,2026-01-26T03:00:00-07:00,no,ppm,0.0028
288,2026-01-26T04:00:00-07:00,no,ppm,0.0028
288,2026-01-26T05:00:00-07:00,no,ppm,0.0104
288,2026-01-26T06:00:00-07:00,no,ppm,0.0262
288,2026-01-26T07:00:00-07:00,no,ppm,0.0372
288,2026-01-26T08:00:00-07:00,no,ppm,0.066
288,2026-01-26T09:00:00-07:00,no,ppm,0.0873
288,2026-01-26T10:00:00-07:00,no,ppm,0.0232
288,2026-01-26T11:00:00-07:00,no,ppm,0.0088
288,2026-01-26T12:00:00-07:00,no,ppm,0.0097
288,2026-01-26T13:00:00-07:00,no,ppm,0.0068
288,2026-01-26T14:00:00-07:00,no,ppm,0.0047
288,2026-01-26T15:00:00-07:00,no,ppm,0.0026
288,2026-01-26T16:00:00-07:00,no,ppm,0.0022
288,2026-01-26T17:00:00-07:00,no,ppm,0.0016
288,2026-01-26T18:00:00-07:00,no,ppm,0.0022
288,2026-01-26T19:00:00-07:00,no,ppm,0.0046
288,2026-01-26T20:00:00-07:00,no,ppm,0.0141
288,2026-01-26T21:00:00-07:00,no,ppm,0.0443
288,2026-01-26T22:00:00-07:00,no,ppm,0.0451
288,2026-01-26T23:00:00-07:00,no,ppm,0.0471
288,2026-01-27T00:00:00-07:00,no,ppm,0.0451
288,2026-01-27T01:00:00-07:00,no,ppm,0.0534
288,2026-01-27T02:00:00-07:00,no,ppm,0.0415
288,2026-01-27T03:00:00-07:00,no,ppm,0.0488
288,2026-01-27T04:00:00-07:00,no,ppm,0.0467
288,2026-01-27T05:00:00-07:00,no,ppm,0.05
288,2026-01-27T06:00:00-07:00,no,ppm,0.057
288,2026-01-27T07:00:00-07:00,no,ppm,0.074
288,2026-01-27T08:00:00-07:00,no,ppm,0.0932
288,2026-01-27T09:00:00-07:00,no,ppm,0.0978
288,2026-01-27T10:00:00-07:00,no,ppm,0.0428
288,2026-01-27T11:00:00-07:00,no,ppm,0.017
288,2026-01-27T12:00:00-07:00,no,ppm,0.0209
288,2026-01-27T13:00:00-07:00,no,ppm,0.0313
288,2026-01-27T14:00:00-07:00,no,ppm,0.0136
288,2026-01-27T15:00:00-07:00,no,ppm,0.0071
288,2026-01-27T16:00:00-07:00,no,ppm,0.006
288,2026-01-27T17:00:00-07:00,no,ppm,0.0056
288,2026-01-27T18:00:00-07:00,no,ppm,0.0045
288,2026-01-27T19:00:00-07:00,no,ppm,0.0019
288,2026-01-27T20:00:00-07:00,no,ppm,0.0067
288,2026-01-27T21:00:00-07:00,no,ppm,0.0285
288,2026-01-27T22:00:00-07:00,no,ppm,0.0407
288,2026-01-27T23:00:00-07:00,no,ppm,0.0491
288,2026-01-28T00:00:00-07:00,no,ppm,0.0398
288,2026-01-28T01:00:00-07:00,no,ppm,0.0361
288,2026-01-28T02:00:00-07:00,no,ppm,0.0206
288,2026-01-28T03:00:00-07:00,no,ppm,0.0249
288,2026-01-28T04:00:00-07:00,no,ppm,0.0304
288,2026-01-28T05:00:00-07:00,no,ppm,0.0309
288,2026-01-28T06:00:00-07:00,no,ppm,0.0402
288,2026-01-28T07:00:00-07:00,no,ppm,0.0569
288,2026-01-28T08:00:00-07:00,no,ppm,0.0798
288,2026-01-28T09:00:00-07:00,no,ppm,0.0994
288,2026-01-28T10:00:00-07:00,no,ppm,0.119
288,2026-01-28T11:00:00-07:00,no,ppm,0.106
288,2026-01-28T12:00:00-07:00,no,ppm,0.0143
288,2026-01-28T13:00:00-07:00,no,ppm,0.0102
288,2026-01-28T14:00:00-07:00,no,ppm,0.0106
288,2026-01-28T15:00:00-07:00,no,ppm,0.0034
288,2026-01-28T16:00:00-07:00,no,ppm,0.0024
288,2026-01-28T17:00:00-07:00,no,ppm,0.0032
288,2026-01-28T18:00:00-07:00,no,ppm,0.0024
288,2026-01-28T19:00:00-07:00,no,ppm,0.0019
288,2026-01-28T20:00:00-07:00,no,ppm,0.0017
288,2026-01-28T21:00:00-07:00,no,ppm,0.0019
288,2026-01-28T22:00:00-07:00,no,ppm,0.0048
288,2026-01-28T23:00:00-07:00,no,ppm,0.0165
288,2026-01-29T00:00:00-07:00,no,ppm,0.0307
288,2026-01-29T01:00:00-07:00,no,ppm,0.0411
288,2026-01-29T02:00:00-07:00,no,ppm,0.0129
288,2026-01-29T03:00:00-07:00,no,ppm,0.0148
288,2026-01-29T04:00:00-07:00,no,ppm,0.0326
288,2026-01-29T05:00:00-07:00,no,ppm,0.0444
288,2026-01-29T06:00:00-07:00,no,ppm,0.0434
288,2026-01-29T07:00:00-07:00,no,ppm,0.057
288,2026-01-29T08:00:00-07:00,no,ppm,0.0866
288,2026-01-29T09:00:00-07:00,no,ppm,0.0995
288,2026-01-29T10:00:00-07:00,no,ppm,0.0614
288,2026-01-29T11:00:00-07:00,no,ppm,0.0558
288,2026-01-29T12:00:00-07:00,no,ppm,0.0301
288,2026-01-29T13:00:00-07:00,no,ppm,0.0155
288,2026-01-29T14:00:00-07:00,no,ppm,0.0155
288,2026-01-29T15:00:00-07:00,no,ppm,0.0131
288,2026-01-29T16:00:00-07:00,no,ppm,0.0036
288,2026-01-29T17:00:00-07:00,no,ppm,0.0042
288,2026-01-29T18:00:00-07:00,no,ppm,0.0015
288,2026-01-29T19:00:00-07:00,no,ppm,0.001
288,2026-01-29T20:00:00-07:00,no,ppm,0.0027
288,2026-01-29T21:00:00-07:00,no,ppm,0.0012
288,2026-01-29T22:00:00-07:00,no,ppm,0.0008
288,2026-01-29T23:00:00-07:00,no,ppm,0.0046
288,2026-01-30T00:00:00-07:00,no,ppm,0.0101
288,2026-01-30T01:00:00-07:00,no,ppm,0.0173
288,2026-01-30T02:00:00-07:00,no,ppm,0.0217
288,2026-01-30T03:00:00-07:00,no,ppm,0.0325
288,2026-01-30T04:00:00-07:00,no,ppm,0.0342
288,2026-01-30T05:00:00-07:00,no,ppm,0.0423
288,2026-01-30T06:00:00-07:00,no,ppm,0.0594
288,2026-01-30T07:00:00-07:00,no,ppm,0.0739
288,2026-01-30T08:00:00-07:00,no,ppm,0.098
288,2026-01-30T09:00:00-07:00,no,ppm,0.101
288,2026-01-30T10:00:00-07:00,no,ppm,0.0748
288,2026-01-30T11:00:00-07:00,no,ppm,0.0311
288,2026-01-30T12:00:00-07:00,no,ppm,0.027
288,2026-01-30T13:00:00-07:00,no,ppm,0.01
288,2026-01-30T14:00:00-07:00,no,ppm,0.0076
288,2026-01-30T15:00:00-07:00,no,ppm,0.011
288,2026-01-30T16:00:00-07:00,no,ppm,0.0098
288,2026-01-30T17:00:00-07:00,no,ppm,0.0059
288,2026-01-30T18:00:00-07:00,no,ppm,0.005
288,2026-01-30T19:00:00-07:00,no,ppm,0.0174
288,2026-01-30T20:00:00-07:00,no,ppm,0.0433
288,2026-01-30T21:00:00-07:00,no,ppm,0.0611
288,2026-01-30T22:00:00-07:00,no,ppm,0.0459
288,2026-01-30T23:00:00-07:00,no,ppm,0.0398
288,2026-01-31T00:00:00-07:00,no,ppm,0.0498
288,2026-01-31T01:00:00-07:00,no,ppm,0.048
288,2026-01-31T02:00:00-07:00,no,ppm,0.0489
288,2026-01-31T03:00:00-07:00,no,ppm,0.0536
288,2026-01-31T04:00:00-07:00,no,ppm,0.0526
288,2026-01-31T06:00:00-07:00,no,ppm,0.062
288,2026-01-31T07:00:00-07:00,no,ppm,0.0535
288,2026-01-31T08:00:00-07:00,no,ppm,0.0644
288,2026-01-31T09:00:00-07:00,no,ppm,0.0725
288,2026-01-31T10:00:00-07:00,no,ppm,0.0222
288,2026-01-31T11:00:00-07:00,no,ppm,0.0062
288,2026-01-31T12:00:00-07:00,no,ppm,0.0067
288,2026-01-31T13:00:00-07:00,no,ppm,0.0101
288,2026-01-31T14:00:00-07:00,no,ppm,0.0082
288,2026-01-31T15:00:00-07:00,no,ppm,0.0073
288,2026-01-31T16:00:00-07:00,no,ppm,0.0051
288,2026-01-31T17:00:00-07:00,no,ppm,0.0032
288,2026-01-31T18:00:00-07:00,no,ppm,0.0027
288,2026-01-31T19:00:00-07:00,no,ppm,0.0027
288,2026-01-31T20:00:00-07:00,no,ppm,0.0213
288,2026-01-31T21:00:00-07:00,no,ppm,0.0402
288,2026-01-31T22:00:00-07:00,no,ppm,0.0503
288,2026-01-31T23:00:00-07:00,no,ppm,0.0397
288,2026-02-01T00:00:00-07:00,no,ppm,0.0271
station_id,timestamp,parameter,unit,value
288,2026-01-01T01:00:00-07:00,nox,ppm,0.104
288,2026-01-01T02:00:00-07:00,nox,ppm,0.0908
288,2026-01-01T03:00:00-07:00,nox,ppm,0.106
288,2026-01-01T04:00:00-07:00,nox,ppm,0.106
288,2026-01-01T05:00:00-07:00,nox,ppm,0.109
288,2026-01-01T06:00:00-07:00,nox,ppm,0.109
288,2026-01-01T07:00:00-07:00,nox,ppm,0.108
288,2026-01-01T08:00:00-07:00,nox,ppm,0.0948
288,2026-01-01T09:00:00-07:00,nox,ppm,0.0889
288,2026-01-01T10:00:00-07:00,nox,ppm,0.0827
288,2026-01-01T11:00:00-07:00,nox,ppm,0.0463
288,2026-01-01T12:00:00-07:00,nox,ppm,0.04
288,2026-01-01T13:00:00-07:00,nox,ppm,0.0402
288,2026-01-01T14:00:00-07:00,nox,ppm,0.0353
288,2026-01-01T15:00:00-07:00,nox,ppm,0.0301
288,2026-01-01T16:00:00-07:00,nox,ppm,0.0312
288,2026-01-01T17:00:00-07:00,nox,ppm,0.0398
288,2026-01-01T18:00:00-07:00,nox,ppm,0.0448
288,2026-01-01T19:00:00-07:00,nox,ppm,0.0526
288,2026-01-01T20:00:00-07:00,nox,ppm,0.0466
288,2026-01-01T21:00:00-07:00,nox,ppm,0.0478
288,2026-01-01T22:00:00-07:00,nox,ppm,0.0563
288,2026-01-01T23:00:00-07:00,nox,ppm,0.0531
288,2026-01-02T00:00:00-07:00,nox,ppm,0.0278
288,2026-01-02T01:00:00-07:00,nox,ppm,0.0339
288,2026-01-02T02:00:00-07:00,nox,ppm,0.0321
288,2026-01-02T03:00:00-07:00,nox,ppm,0.0216
288,2026-01-02T04:00:00-07:00,nox,ppm,0.0183
288,2026-01-02T05:00:00-07:00,nox,ppm,0.0203
288,2026-01-02T06:00:00-07:00,nox,ppm,0.0214
288,2026-01-02T07:00:00-07:00,nox,ppm,0.0345
288,2026-01-02T08:00:00-07:00,nox,ppm,0.0476
288,2026-01-02T09:00:00-07:00,nox,ppm,0.0427
288,2026-01-02T10:00:00-07:00,nox,ppm,0.0384
288,2026-01-02T11:00:00-07:00,nox,ppm,0.0154
288,2026-01-02T12:00:00-07:00,nox,ppm,0.009
288,2026-01-02T13:00:00-07:00,nox,ppm,0.0071
288,2026-01-02T14:00:00-07:00,nox,ppm,0.0074
288,2026-01-02T15:00:00-07:00,nox,ppm,0.0062
288,2026-01-02T16:00:00-07:00,nox,ppm,0.0079
288,2026-01-02T17:00:00-07:00,nox,ppm,0.0153
288,2026-01-02T18:00:00-07:00,nox,ppm,0.0228
288,2026-01-02T19:00:00-07:00,nox,ppm,0.0363
288,2026-01-02T20:00:00-07:00,nox,ppm,0.0418
288,2026-01-02T21:00:00-07:00,nox,ppm,0.0395
288,2026-01-02T22:00:00-07:00,nox,ppm,0.0366
288,2026-01-02T23:00:00-07:00,nox,ppm,0.024
288,2026-01-03T00:00:00-07:00,nox,ppm,0.0317
288,2026-01-03T01:00:00-07:00,nox,ppm,0.0296
288,2026-01-03T02:00:00-07:00,nox,ppm,0.0357
288,2026-01-03T03:00:00-07:00,nox,ppm,0.0233
288,2026-01-03T04:00:00-07:00,nox,ppm,0.0192
288,2026-01-03T06:00:00-07:00,nox,ppm,0.0318
288,2026-01-03T07:00:00-07:00,nox,ppm,0.0206
288,2026-01-03T08:00:00-07:00,nox,ppm,0.0168
288,2026-01-03T09:00:00-07:00,nox,ppm,0.0235
288,2026-01-03T10:00:00-07:00,nox,ppm,0.0104
288,2026-01-03T11:00:00-07:00,nox,ppm,0.0152
288,2026-01-03T12:00:00-07:00,nox,ppm,0.0116
288,2026-01-03T13:00:00-07:00,nox,ppm,0.0067
288,2026-01-03T14:00:00-07:00,nox,ppm,0.0059
288,2026-01-03T15:00:00-07:00,nox,ppm,0.0067
288,2026-01-03T16:00:00-07:00,nox,ppm,0.0073
288,2026-01-03T17:00:00-07:00,nox,ppm,0.0077
288,2026-01-03T18:00:00-07:00,nox,ppm,0.0063
288,2026-01-03T19:00:00-07:00,nox,ppm,0.0082
288,2026-01-03T20:00:00-07:00,nox,ppm,0.0038
288,2026-01-03T21:00:00-07:00,nox,ppm,0.0031
288,2026-01-03T22:00:00-07:00,nox,ppm,0.0026
288,2026-01-03T23:00:00-07:00,nox,ppm,0.0028
288,2026-01-04T00:00:00-07:00,nox,ppm,0.0027
288,2026-01-04T01:00:00-07:00,nox,ppm,0.0023
288,2026-01-04T02:00:00-07:00,nox,ppm,0.0021
288,2026-01-04T03:00:00-07:00,nox,ppm,0.0019
288,2026-01-04T04:00:00-07:00,nox,ppm,0.002
288,2026-01-04T06:00:00-07:00,nox,ppm,0.0027
288,2026-01-04T07:00:00-07:00,nox,ppm,0.0041
288,2026-01-04T08:00:00-07:00,nox,ppm,0.0043
288,2026-01-04T09:00:00-07:00,nox,ppm,0.0084
288,2026-01-04T10:00:00-07:00,nox,ppm,0.0095
288,2026-01-04T11:00:00-07:00,nox,ppm,0.0062
288,2026-01-04T12:00:00-07:00,nox,ppm,0.0044
288,2026-01-04T13:00:00-07:00,nox,ppm,0.0041
288,2026-01-04T14:00:00-07:00,nox,ppm,0.0046
288,2026-01-04T15:00:00-07:00,nox,ppm,0.0035
288,2026-01-04T16:00:00-07:00,nox,ppm,0.0031
288,2026-01-04T17:00:00-07:00,nox,ppm,0.0039
288,2026-01-04T18:00:00-07:00,nox,ppm,0.0033
288,2026-01-04T19:00:00-07:00,nox,ppm,0.0034
288,2026-01-04T20:00:00-07:00,nox,ppm,0.0042
288,2026-01-04T21:00:00-07:00,nox,ppm,0.0092
288,2026-01-04T22:00:00-07:00,nox,ppm,0.0096
288,2026-01-04T23:00:00-07:00,nox,ppm,0.0114
288,2026-01-05T00:00:00-07:00,nox,ppm,0.0116
288,2026-01-05T01:00:00-07:00,nox,ppm,0.0033
288,2026-01-05T02:00:00-07:00,nox,ppm,0.0018
288,2026-01-05T03:00:00-07:00,nox,ppm,0.0018
288,2026-01-05T04:00:00-07:00,nox,ppm,0.0017
288,2026-01-05T05:00:00-07:00,nox,ppm,0.0022
288,2026-01-05T06:00:00-07:00,nox,ppm,0.0043
288,2026-01-05T07:00:00-07:00,nox,ppm,0.0085
288,2026-01-05T08:00:00-07:00,nox,ppm,0.0162
288,2026-01-05T09:00:00-07:00,nox,ppm,0.0247
288,2026-01-05T10:00:00-07:00,nox,ppm,0.011
288,2026-01-05T11:00:00-07:00,nox,ppm,0.0104
288,2026-01-05T12:00:00-07:00,nox,ppm,0.0085
288,2026-01-05T13:00:00-07:00,nox,ppm,0.0112
288,2026-01-05T14:00:00-07:00,nox,ppm,0.0104
288,2026-01-05T15:00:00-07:00,nox,ppm,0.006
288,2026-01-05T16:00:00-07:00,nox,ppm,0.0097
288,2026-01-05T17:00:00-07:00,nox,ppm,0.0131
288,2026-01-05T18:00:00-07:00,nox,ppm,0.0171
288,2026-01-05T19:00:00-07:00,nox,ppm,0.0316
288,2026-01-05T20:00:00-07:00,nox,ppm,0.0291
288,2026-01-05T21:00:00-07:00,nox,ppm,0.0349
288,2026-01-05T22:00:00-07:00,nox,ppm,0.0439
288,2026-01-05T23:00:00-07:00,nox,ppm,0.0426
288,2026-01-06T00:00:00-07:00,nox,ppm,0.0423
288,2026-01-06T01:00:00-07:00,nox,ppm,0.033
288,2026-01-06T02:00:00-07:00,nox,ppm,0.0259
288,2026-01-06T03:00:00-07:00,nox,ppm,0.0217
288,2026-01-06T04:00:00-07:00,nox,ppm,0.0203
288,2026-01-06T05:00:00-07:00,nox,ppm,0.024
288,2026-01-06T06:00:00-07:00,nox,ppm,0.0259
288,2026-01-06T07:00:00-07:00,nox,ppm,0.0318
288,2026-01-06T08:00:00-07:00,nox,ppm,0.0556
288,2026-01-06T09:00:00-07:00,nox,ppm,0.0828
288,2026-01-06T10:00:00-07:00,nox,ppm,0.0422
288,2026-01-06T11:00:00-07:00,nox,ppm,0.0218
288,2026-01-06T12:00:00-07:00,nox,ppm,0.0139
288,2026-01-06T13:00:00-07:00,nox,ppm,0.0063
288,2026-01-06T14:00:00-07:00,nox,ppm,0.0041
288,2026-01-06T15:00:00-07:00,nox,ppm,0.0042
288,2026-01-06T16:00:00-07:00,nox,ppm,0.0035
288,2026-01-06T17:00:00-07:00,nox,ppm,0.0032
288,2026-01-06T18:00:00-07:00,nox,ppm,0.0067
288,2026-01-06T19:00:00-07:00,nox,ppm,0.0202
288,2026-01-06T20:00:00-07:00,nox,ppm,0.052
288,2026-01-06T21:00:00-07:00,nox,ppm,0.0609
288,2026-01-06T22:00:00-07:00,nox,ppm,0.0499
288,2026-01-06T23:00:00-07:00,nox,ppm,0.0461
288,2026-01-07T00:00:00-07:00,nox,ppm,0.0255
288,2026-01-07T01:00:00-07:00,nox,ppm,0.0256
288,2026-01-07T02:00:00-07:00,nox,ppm,0.0338
288,2026-01-07T03:00:00-07:00,nox,ppm,0.0272
288,2026-01-07T04:00:00-07:00,nox,ppm,0.0233
288,2026-01-07T05:00:00-07:00,nox,ppm,0.0375
288,2026-01-07T06:00:00-07:00,nox,ppm,0.0426
288,2026-01-07T07:00:00-07:00,nox,ppm,0.0474
288,2026-01-07T08:00:00-07:00,nox,ppm,0.0627
288,2026-01-07T09:00:00-07:00,nox,ppm,0.0598
288,2026-01-07T10:00:00-07:00,nox,ppm,0.0378
288,2026-01-07T11:00:00-07:00,nox,ppm,0.0155
288,2026-01-07T12:00:00-07:00,nox,ppm,0.0072
288,2026-01-07T13:00:00-07:00,nox,ppm,0.0068
288,2026-01-07T14:00:00-07:00,nox,ppm,0.0066
288,2026-01-07T15:00:00-07:00,nox,ppm,0.0073
288,2026-01-07T16:00:00-07:00,nox,ppm,0.0145
288,2026-01-07T17:00:00-07:00,nox,ppm,0.0168
288,2026-01-07T18:00:00-07:00,nox,ppm,0.0103
288,2026-01-07T19:00:00-07:00,nox,ppm,0.0086
288,2026-01-07T20:00:00-07:00,nox,ppm,0.0126
288,2026-01-07T21:00:00-07:00,nox,ppm,0.018
288,2026-01-07T22:00:00-07:00,nox,ppm,0.028
288,2026-01-07T23:00:00-07:00,nox,ppm,0.0241
288,2026-01-08T00:00:00-07:00,nox,ppm,0.0177
288,2026-01-08T01:00:00-07:00,nox,ppm,0.0157
288,2026-01-08T02:00:00-07:00,nox,ppm,0.0128
288,2026-01-08T03:00:00-07:00,nox,ppm,0.0054
288,2026-01-08T04:00:00-07:00,nox,ppm,0.0065
288,2026-01-08T05:00:00-07:00,nox,ppm,0.0102
288,2026-01-08T06:00:00-07:00,nox,ppm,0.0157
288,2026-01-08T07:00:00-07:00,nox,ppm,0.0309
288,2026-01-08T08:00:00-07:00,nox,ppm,0.0518
288,2026-01-08T09:00:00-07:00,nox,ppm,0.072
288,2026-01-08T10:00:00-07:00,nox,ppm,0.0586
288,2026-01-08T11:00:00-07:00,nox,ppm,0.0198
288,2026-01-08T12:00:00-07:00,nox,ppm,0.0095
288,2026-01-08T13:00:00-07:00,nox,ppm,0.0048
288,2026-01-08T14:00:00-07:00,nox,ppm,0.0048
288,2026-01-08T15:00:00-07:00,nox,ppm,0.0054
288,2026-01-08T16:00:00-07:00,nox,ppm,0.0059
288,2026-01-08T17:00:00-07:00,nox,ppm,0.0046
288,2026-01-08T18:00:00-07:00,nox,ppm,0.0055
288,2026-01-08T19:00:00-07:00,nox,ppm,0.005
288,2026-01-08T20:00:00-07:00,nox,ppm,0.0061
288,2026-01-08T21:00:00-07:00,nox,ppm,0.0056
288,2026-01-08T22:00:00-07:00,nox,ppm,0.0047
288,2026-01-08T23:00:00-07:00,nox,ppm,0.0043
288,2026-01-09T00:00:00-07:00,nox,ppm,0.0039
288,2026-01-09T01:00:00-07:00,nox,ppm,0.0038
288,2026-01-09T02:00:00-07:00,nox,ppm,0.0053
288,2026-01-09T03:00:00-07:00,nox,ppm,0.0058
288,2026-01-09T04:00:00-07:00,nox,ppm,0.0054
288,2026-01-09T05:00:00-07:00,nox,ppm,0.0054
288,2026-01-09T06:00:00-07:00,nox,ppm,0.012
288,2026-01-09T07:00:00-07:00,nox,ppm,0.023
288,2026-01-09T08:00:00-07:00,nox,ppm,0.0229
288,2026-01-09T09:00:00-07:00,nox,ppm,0.0172
288,2026-01-09T10:00:00-07:00,nox,ppm,0.008
288,2026-01-09T11:00:00-07:00,nox,ppm,0.0147
288,2026-01-09T12:00:00-07:00,nox,ppm,0.0167
288,2026-01-09T13:00:00-07:00,nox,ppm,0.0056
288,2026-01-09T14:00:00-07:00,nox,ppm,0.0046
288,2026-01-09T15:00:00-07:00,nox,ppm,0.0069
288,2026-01-09T16:00:00-07:00,nox,ppm,0.0082
288,2026-01-09T17:00:00-07:00,nox,ppm,0.0076
288,2026-01-09T18:00:00-07:00,nox,ppm,0.0101
288,2026-01-09T19:00:00-07:00,nox,ppm,0.0102
288,2026-01-09T20:00:00-07:00,nox,ppm,0.0146
288,2026-01-09T21:00:00-07:00,nox,ppm,0.0208
288,2026-01-09T22:00:00-07:00,nox,ppm,0.0192
288,2026-01-09T23:00:00-07:00,nox,ppm,0.0102
288,2026-01-10T00:00:00-07:00,nox,ppm,0.0076
288,2026-01-10T01:00:00-07:00,nox,ppm,0.0063
288,2026-01-10T02:00:00-07:00,nox,ppm,0.0105
288,2026-01-10T03:00:00-07:00,nox,ppm,0.0152
288,2026-01-10T04:00:00-07:00,nox,ppm,0.0169
288,2026-01-10T06:00:00-07:00,nox,ppm,0.0138
288,2026-01-10T07:00:00-07:00,nox,ppm,0.025
288,2026-01-10T08:00:00-07:00,nox,ppm,0.0212
288,2026-01-10T09:00:00-07:00,nox,ppm,0.0171
288,2026-01-10T10:00:00-07:00,nox,ppm,0.0178
288,2026-01-10T11:00:00-07:00,nox,ppm,0.0105
288,2026-01-10T12:00:00-07:00,nox,ppm,0.01
288,2026-01-10T13:00:00-07:00,nox,ppm,0.0121
288,2026-01-10T14:00:00-07:00,nox,ppm,0.0113
288,2026-01-10T15:00:00-07:00,nox,ppm,0.011
288,2026-01-10T16:00:00-07:00,nox,ppm,0.0106
288,2026-01-10T17:00:00-07:00,nox,ppm,0.0094
288,2026-01-10T18:00:00-07:00,nox,ppm,0.0091
288,2026-01-10T19:00:00-07:00,nox,ppm,0.0113
288,2026-01-10T20:00:00-07:00,nox,ppm,0.016
288,2026-01-10T21:00:00-07:00,nox,ppm,0.0347
288,2026-01-10T22:00:00-07:00,nox,ppm,0.0285
288,2026-01-10T23:00:00-07:00,nox,ppm,0.0292
288,2026-01-11T00:00:00-07:00,nox,ppm,0.0351
288,2026-01-11T01:00:00-07:00,nox,ppm,0.0401
288,2026-01-11T02:00:00-07:00,nox,ppm,0.035
288,2026-01-11T03:00:00-07:00,nox,ppm,0.0381
288,2026-01-11T04:00:00-07:00,nox,ppm,0.038
288,2026-01-11T06:00:00-07:00,nox,ppm,0.0452
288,2026-01-11T07:00:00-07:00,nox,ppm,0.059
288,2026-01-11T08:00:00-07:00,nox,ppm,0.0777
288,2026-01-11T09:00:00-07:00,nox,ppm,0.0942
288,2026-01-11T10:00:00-07:00,nox,ppm,0.0585
288,2026-01-11T11:00:00-07:00,nox,ppm,0.035
288,2026-01-11T12:00:00-07:00,nox,ppm,0.0431
288,2026-01-11T13:00:00-07:00,nox,ppm,0.0303
288,2026-01-11T14:00:00-07:00,nox,ppm,0.0227
288,2026-01-11T15:00:00-07:00,nox,ppm,0.0228
288,2026-01-11T16:00:00-07:00,nox,ppm,0.0308
288,2026-01-11T17:00:00-07:00,nox,ppm,0.0303
288,2026-01-11T18:00:00-07:00,nox,ppm,0.0248
288,2026-01-11T19:00:00-07:00,nox,ppm,0.0272
288,2026-01-11T20:00:00-07:00,nox,ppm,0.0519
288,2026-01-11T21:00:00-07:00,nox,ppm,0.0735
288,2026-01-11T22:00:00-07:00,nox,ppm,0.0845
288,2026-01-11T23:00:00-07:00,nox,ppm,0.0864
288,2026-01-12T00:00:00-07:00,nox,ppm,0.0765
288,2026-01-12T01:00:00-07:00,nox,ppm,0.076
288,2026-01-12T02:00:00-07:00,nox,ppm,0.0709
288,2026-01-12T03:00:00-07:00,nox,ppm,0.0581
288,2026-01-12T04:00:00-07:00,nox,ppm,0.0585
288,2026-01-12T05:00:00-07:00,nox,ppm,0.067
288,2026-01-12T06:00:00-07:00,nox,ppm,0.0832
288,2026-01-12T07:00:00-07:00,nox,ppm,0.0978
288,2026-01-12T08:00:00-07:00,nox,ppm,0.121
288,2026-01-12T09:00:00-07:00,nox,ppm,0.134
288,2026-01-12T10:00:00-07:00,nox,ppm,0.0831
288,2026-01-12T11:00:00-07:00,nox,ppm,0.0422
288,2026-01-12T12:00:00-07:00,nox,ppm,0.0498
288,2026-01-12T13:00:00-07:00,nox,ppm,0.053
288,2026-01-12T14:00:00-07:00,nox,ppm,0.0576
288,2026-01-12T15:00:00-07:00,nox,ppm,0.0511
288,2026-01-12T16:00:00-07:00,nox,ppm,0.039
288,2026-01-12T17:00:00-07:00,nox,ppm,0.0396
288,2026-01-12T18:00:00-07:00,nox,ppm,0.04
288,2026-01-12T19:00:00-07:00,nox,ppm,0.0445
288,2026-01-12T20:00:00-07:00,nox,ppm,0.0752
288,2026-01-12T21:00:00-07:00,nox,ppm,0.11
288,2026-01-12T22:00:00-07:00,nox,ppm,0.109
288,2026-01-12T23:00:00-07:00,nox,ppm,0.0822
288,2026-01-13T00:00:00-07:00,nox,ppm,0.0984
288,2026-01-13T01:00:00-07:00,nox,ppm,0.0848
288,2026-01-13T02:00:00-07:00,nox,ppm,0.0855
288,2026-01-13T03:00:00-07:00,nox,ppm,0.0876
288,2026-01-13T04:00:00-07:00,nox,ppm,0.0839
288,2026-01-13T05:00:00-07:00,nox,ppm,0.0934
288,2026-01-13T06:00:00-07:00,nox,ppm,0.101
288,2026-01-13T07:00:00-07:00,nox,ppm,0.11
288,2026-01-13T08:00:00-07:00,nox,ppm,0.129
288,2026-01-13T09:00:00-07:00,nox,ppm,0.149
288,2026-01-13T10:00:00-07:00,nox,ppm,0.111
288,2026-01-13T11:00:00-07:00,nox,ppm,0.0675
288,2026-01-13T12:00:00-07:00,nox,ppm,0.0486
288,2026-01-13T13:00:00-07:00,nox,ppm,0.0591
288,2026-01-13T14:00:00-07:00,nox,ppm,0.0628
288,2026-01-13T15:00:00-07:00,nox,ppm,0.063
288,2026-01-13T16:00:00-07:00,nox,ppm,0.0491
288,2026-01-13T17:00:00-07:00,nox,ppm,0.0347
288,2026-01-13T18:00:00-07:00,nox,ppm,0.0311
288,2026-01-13T19:00:00-07:00,nox,ppm,0.0384
288,2026-01-13T20:00:00-07:00,nox,ppm,0.0487
288,2026-01-13T21:00:00-07:00,nox,ppm,0.0652
288,2026-01-13T22:00:00-07:00,nox,ppm,0.0862
288,2026-01-13T23:00:00-07:00,nox,ppm,0.0894
288,2026-01-14T00:00:00-07:00,nox,ppm,0.0865
288,2026-01-14T01:00:00-07:00,nox,ppm,0.0858
288,2026-01-14T02:00:00-07:00,nox,ppm,0.0756
288,2026-01-14T03:00:00-07:00,nox,ppm,0.0797
288,2026-01-14T04:00:00-07:00,nox,ppm,0.0841
288,2026-01-14T05:00:00-07:00,nox,ppm,0.0836
288,2026-01-14T06:00:00-07:00,nox,ppm,0.0931
288,2026-01-14T07:00:00-07:00,nox,ppm,0.11
288,2026-01-14T08:00:00-07:00,nox,ppm,0.143
288,2026-01-14T09:00:00-07:00,nox,ppm,0.164
288,2026-01-14T10:00:00-07:00,nox,ppm,0.107
288,2026-01-14T11:00:00-07:00,nox,ppm,0.0638
288,2026-01-14T12:00:00-07:00,nox,ppm,0.0577
288,2026-01-14T13:00:00-07:00,nox,ppm,0.088
288,2026-01-14T14:00:00-07:00,nox,ppm,0.0524
288,2026-01-14T15:00:00-07:00,nox,ppm,0.0392
288,2026-01-14T16:00:00-07:00,nox,ppm,0.0449
288,2026-01-14T17:00:00-07:00,nox,ppm,0.0416
288,2026-01-14T18:00:00-07:00,nox,ppm,0.0316
288,2026-01-14T19:00:00-07:00,nox,ppm,0.0477
288,2026-01-14T20:00:00-07:00,nox,ppm,0.0805
288,2026-01-14T21:00:00-07:00,nox,ppm,0.093
288,2026-01-14T22:00:00-07:00,nox,ppm,0.0933
288,2026-01-14T23:00:00-07:00,nox,ppm,0.0885
288,2026-01-15T00:00:00-07:00,nox,ppm,0.0787
288,2026-01-15T01:00:00-07:00,nox,ppm,0.0754
288,2026-01-15T02:00:00-07:00,nox,ppm,0.0764
288,2026-01-15T03:00:00-07:00,nox,ppm,0.0644
288,2026-01-15T04:00:00-07:00,nox,ppm,0.0597
288,2026-01-15T05:00:00-07:00,nox,ppm,0.0711
288,2026-01-15T06:00:00-07:00,nox,ppm,0.0883
288,2026-01-15T07:00:00-07:00,nox,ppm,0.113
288,2026-01-15T08:00:00-07:00,nox,ppm,0.137
288,2026-01-15T10:00:00-07:00,nox,ppm,0.119
288,2026-01-15T11:00:00-07:00,nox,ppm,0.0553
288,2026-01-15T12:00:00-07:00,nox,ppm,0.0597
288,2026-01-15T13:00:00-07:00,nox,ppm,0.0802
288,2026-01-15T14:00:00-07:00,nox,ppm,0.0596
288,2026-01-15T15:00:00-07:00,nox,ppm,0.0558
288,2026-01-15T16:00:00-07:00,nox,ppm,0.0315
288,2026-01-15T17:00:00-07:00,nox,ppm,0.0324
288,2026-01-15T18:00:00-07:00,nox,ppm,0.0369
288,2026-01-15T19:00:00-07:00,nox,ppm,0.0415
288,2026-01-15T20:00:00-07:00,nox,ppm,0.0601
288,2026-01-15T21:00:00-07:00,nox,ppm,0.0857
288,2026-01-15T22:00:00-07:00,nox,ppm,0.0834
288,2026-01-15T23:00:00-07:00,nox,ppm,0.0912
288,2026-01-16T00:00:00-07:00,nox,ppm,0.0791
288,2026-01-16T01:00:00-07:00,nox,ppm,0.0715
288,2026-01-16T02:00:00-07:00,nox,ppm,0.0625
288,2026-01-16T03:00:00-07:00,nox,ppm,0.063
288,2026-01-16T04:00:00-07:00,nox,ppm,0.0731
288,2026-01-16T05:00:00-07:00,nox,ppm,0.0859
288,2026-01-16T06:00:00-07:00,nox,ppm,0.0928
288,2026-01-16T07:00:00-07:00,nox,ppm,0.104
288,2026-01-16T08:00:00-07:00,nox,ppm,0.124
288,2026-01-16T09:00:00-07:00,nox,ppm,0.147
288,2026-01-16T10:00:00-07:00,nox,ppm,0.109
288,2026-01-16T11:00:00-07:00,nox,ppm,0.067
288,2026-01-16T12:00:00-07:00,nox,ppm,0.0852
288,2026-01-16T13:00:00-07:00,nox,ppm,0.0644
288,2026-01-16T14:00:00-07:00,nox,ppm,0.0321
288,2026-01-16T15:00:00-07:00,nox,ppm,0.0209
288,2026-01-16T16:00:00-07:00,nox,ppm,0.0234
288,2026-01-16T17:00:00-07:00,nox,ppm,0.0203
288,2026-01-16T18:00:00-07:00,nox,ppm,0.0269
288,2026-01-16T19:00:00-07:00,nox,ppm,0.0482
288,2026-01-16T20:00:00-07:00,nox,ppm,0.0697
288,2026-01-16T21:00:00-07:00,nox,ppm,0.0787
288,2026-01-16T22:00:00-07:00,nox,ppm,0.0698
288,2026-01-16T23:00:00-07:00,nox,ppm,0.0671
288,2026-01-17T00:00:00-07:00,nox,ppm,0.0734
288,2026-01-17T01:00:00-07:00,nox,ppm,0.0658
288,2026-01-17T02:00:00-07:00,nox,ppm,0.0667
288,2026-01-17T03:00:00-07:00,nox,ppm,0.0633
288,2026-01-17T04:00:00-07:00,nox,ppm,0.0662
288,2026-01-17T06:00:00-07:00,nox,ppm,0.0743
288,2026-01-17T07:00:00-07:00,nox,ppm,0.0904
288,2026-01-17T08:00:00-07:00,nox,ppm,0.1
288,2026-01-17T09:00:00-07:00,nox,ppm,0.112
288,2026-01-17T10:00:00-07:00,nox,ppm,0.0889
288,2026-01-17T11:00:00-07:00,nox,ppm,0.075
288,2026-01-17T12:00:00-07:00,nox,ppm,0.0413
288,2026-01-17T13:00:00-07:00,nox,ppm,0.0324
288,2026-01-17T14:00:00-07:00,nox,ppm,0.0249
288,2026-01-17T15:00:00-07:00,nox,ppm,0.0234
288,2026-01-17T16:00:00-07:00,nox,ppm,0.0203
288,2026-01-17T17:00:00-07:00,nox,ppm,0.0122
288,2026-01-17T18:00:00-07:00,nox,ppm,0.0214
288,2026-01-17T19:00:00-07:00,nox,ppm,0.0475
288,2026-01-17T20:00:00-07:00,nox,ppm,0.054
288,2026-01-17T21:00:00-07:00,nox,ppm,0.0509
288,2026-01-17T22:00:00-07:00,nox,ppm,0.0358
288,2026-01-17T23:00:00-07:00,nox,ppm,0.055
288,2026-01-18T00:00:00-07:00,nox,ppm,0.0617
288,2026-01-18T01:00:00-07:00,nox,ppm,0.0559
288,2026-01-18T02:00:00-07:00,nox,ppm,0.0618
288,2026-01-18T03:00:00-07:00,nox,ppm,0.0606
288,2026-01-18T04:00:00-07:00,nox,ppm,0.0592
288,2026-01-18T06:00:00-07:00,nox,ppm,0.0728
288,2026-01-18T07:00:00-07:00,nox,ppm,0.0827
288,2026-01-18T08:00:00-07:00,nox,ppm,0.0961
288,2026-01-18T09:00:00-07:00,nox,ppm,0.105
288,2026-01-18T10:00:00-07:00,nox,ppm,0.0656
288,2026-01-18T11:00:00-07:00,nox,ppm,0.0373
288,2026-01-18T12:00:00-07:00,nox,ppm,0.0247
288,2026-01-18T13:00:00-07:00,nox,ppm,0.0225
288,2026-01-18T14:00:00-07:00,nox,ppm,0.0215
288,2026-01-18T15:00:00-07:00,nox,ppm,0.0167
288,2026-01-18T16:00:00-07:00,nox,ppm,0.0226
288,2026-01-18T17:00:00-07:00,nox,ppm,0.0228
288,2026-01-18T18:00:00-07:00,nox,ppm,0.0212
288,2026-01-18T19:00:00-07:00,nox,ppm,0.0268
288,2026-01-18T20:00:00-07:00,nox,ppm,0.0314
288,2026-01-18T21:00:00-07:00,nox,ppm,0.0645
288,2026-01-18T22:00:00-07:00,nox,ppm,0.0752
288,2026-01-18T23:00:00-07:00,nox,ppm,0.0815
288,2026-01-19T00:00:00-07:00,nox,ppm,0.0716
288,2026-01-19T01:00:00-07:00,nox,ppm,0.0573
288,2026-01-19T02:00:00-07:00,nox,ppm,0.0648
288,2026-01-19T03:00:00-07:00,nox,ppm,0.0645
288,2026-01-19T04:00:00-07:00,nox,ppm,0.0604
288,2026-01-19T05:00:00-07:00,nox,ppm,0.0677
288,2026-01-19T06:00:00-07:00,nox,ppm,0.0706
288,2026-01-19T07:00:00-07:00,nox,ppm,0.0807
288,2026-01-19T08:00:00-07:00,nox,ppm,0.115
288,2026-01-19T09:00:00-07:00,nox,ppm,0.134
288,2026-01-19T10:00:00-07:00,nox,ppm,0.0841
288,2026-01-19T11:00:00-07:00,nox,ppm,0.0274
288,2026-01-19T12:00:00-07:00,nox,ppm,0.0262
288,2026-01-19T13:00:00-07:00,nox,ppm,0.0284
288,2026-01-19T14:00:00-07:00,nox,ppm,0.0269
288,2026-01-19T15:00:00-07:00,nox,ppm,0.025
288,2026-01-19T16:00:00-07:00,nox,ppm,0.0151
288,2026-01-19T17:00:00-07:00,nox,ppm,0.0142
288,2026-01-19T18:00:00-07:00,nox,ppm,0.0205
288,2026-01-19T19:00:00-07:00,nox,ppm,0.0424
288,2026-01-19T20:00:00-07:00,nox,ppm,0.0654
288,2026-01-19T21:00:00-07:00,nox,ppm,0.0595
288,2026-01-19T22:00:00-07:00,nox,ppm,0.0548
288,2026-01-19T23:00:00-07:00,nox,ppm,0.0621
288,2026-01-20T00:00:00-07:00,nox,ppm,0.0528
288,2026-01-20T01:00:00-07:00,nox,ppm,0.0498
288,2026-01-20T02:00:00-07:00,nox,ppm,0.0528
288,2026-01-20T03:00:00-07:00,nox,ppm,0.0605
288,2026-01-20T04:00:00-07:00,nox,ppm,0.0594
288,2026-01-20T05:00:00-07:00,nox,ppm,0.0663
288,2026-01-20T06:00:00-07:00,nox,ppm,0.0788
288,2026-01-20T07:00:00-07:00,nox,ppm,0.0961
288,2026-01-20T08:00:00-07:00,nox,ppm,0.129
288,2026-01-20T09:00:00-07:00,nox,ppm,0.15
288,2026-01-20T10:00:00-07:00,nox,ppm,0.0612
288,2026-01-20T11:00:00-07:00,nox,ppm,0.0481
288,2026-01-20T12:00:00-07:00,nox,ppm,0.0349
288,2026-01-20T13:00:00-07:00,nox,ppm,0.0358
288,2026-01-20T14:00:00-07:00,nox,ppm,0.0275
288,2026-01-20T15:00:00-07:00,nox,ppm,0.0207
288,2026-01-20T16:00:00-07:00,nox,ppm,0.0275
288,2026-01-20T17:00:00-07:00,nox,ppm,0.0259
288,2026-01-20T18:00:00-07:00,nox,ppm,0.0358
288,2026-01-20T19:00:00-07:00,nox,ppm,0.0604
288,2026-01-20T20:00:00-07:00,nox,ppm,0.0838
288,2026-01-20T21:00:00-07:00,nox,ppm,0.0997
288,2026-01-20T22:00:00-07:00,nox,ppm,0.105
288,2026-01-20T23:00:00-07:00,nox,ppm,0.0877
288,2026-01-21T00:00:00-07:00,nox,ppm,0.0697
288,2026-01-21T01:00:00-07:00,nox,ppm,0.0656
288,2026-01-21T02:00:00-07:00,nox,ppm,0.076
288,2026-01-21T03:00:00-07:00,nox,ppm,0.0622
288,2026-01-21T04:00:00-07:00,nox,ppm,0.0508
288,2026-01-21T05:00:00-07:00,nox,ppm,0.0664
288,2026-01-21T06:00:00-07:00,nox,ppm,0.0792
288,2026-01-21T07:00:00-07:00,nox,ppm,0.103
288,2026-01-21T08:00:00-07:00,nox,ppm,0.116
288,2026-01-21T09:00:00-07:00,nox,ppm,0.133
288,2026-01-21T10:00:00-07:00,nox,ppm,0.0949
288,2026-01-21T11:00:00-07:00,nox,ppm,0.0662
288,2026-01-21T12:00:00-07:00,nox,ppm,0.0661
288,2026-01-21T13:00:00-07:00,nox,ppm,0.0451
288,2026-01-21T14:00:00-07:00,nox,ppm,0.0244
288,2026-01-21T15:00:00-07:00,nox,ppm,0.0255
288,2026-01-21T16:00:00-07:00,nox,ppm,0.0324
288,2026-01-21T17:00:00-07:00,nox,ppm,0.0342
288,2026-01-21T18:00:00-07:00,nox,ppm,0.0309
288,2026-01-21T19:00:00-07:00,nox,ppm,0.0345
288,2026-01-21T20:00:00-07:00,nox,ppm,0.0658
288,2026-01-21T21:00:00-07:00,nox,ppm,0.0926
288,2026-01-21T22:00:00-07:00,nox,ppm,0.109
288,2026-01-21T23:00:00-07:00,nox,ppm,0.0983
288,2026-01-22T00:00:00-07:00,nox,ppm,0.0847
288,2026-01-22T01:00:00-07:00,nox,ppm,0.0771
288,2026-01-22T02:00:00-07:00,nox,ppm,0.0725
288,2026-01-22T03:00:00-07:00,nox,ppm,0.0678
288,2026-01-22T04:00:00-07:00,nox,ppm,0.0651
288,2026-01-22T05:00:00-07:00,nox,ppm,0.0759
288,2026-01-22T06:00:00-07:00,nox,ppm,0.0876
288,2026-01-22T07:00:00-07:00,nox,ppm,0.104
288,2026-01-22T08:00:00-07:00,nox,ppm,0.121
288,2026-01-22T09:00:00-07:00,nox,ppm,0.145
288,2026-01-22T10:00:00-07:00,nox,ppm,0.0755
288,2026-01-22T11:00:00-07:00,nox,ppm,0.0727
288,2026-01-22T12:00:00-07:00,nox,ppm,0.0754
288,2026-01-22T13:00:00-07:00,nox,ppm,0.0678
288,2026-01-22T14:00:00-07:00,nox,ppm,0.0813
288,2026-01-22T15:00:00-07:00,nox,ppm,0.0679
288,2026-01-22T16:00:00-07:00,nox,ppm,0.0435
288,2026-01-22T17:00:00-07:00,nox,ppm,0.0426
288,2026-01-22T18:00:00-07:00,nox,ppm,0.045
288,2026-01-22T19:00:00-07:00,nox,ppm,0.0636
288,2026-01-22T20:00:00-07:00,nox,ppm,0.111
288,2026-01-22T21:00:00-07:00,nox,ppm,0.125
288,2026-01-22T22:00:00-07:00,nox,ppm,0.128
288,2026-01-22T23:00:00-07:00,nox,ppm,0.124
288,2026-01-23T00:00:00-07:00,nox,ppm,0.0992
288,2026-01-23T01:00:00-07:00,nox,ppm,0.0893
288,2026-01-23T02:00:00-07:00,nox,ppm,0.0868
288,2026-01-23T03:00:00-07:00,nox,ppm,0.0894
288,2026-01-23T04:00:00-07:00,nox,ppm,0.102
288,2026-01-23T05:00:00-07:00,nox,ppm,0.102
288,2026-01-23T06:00:00-07:00,nox,ppm,0.117
288,2026-01-23T07:00:00-07:00,nox,ppm,0.14
288,2026-01-23T08:00:00-07:00,nox,ppm,0.163
288,2026-01-23T09:00:00-07:00,nox,ppm,0.183
288,2026-01-23T10:00:00-07:00,nox,ppm,0.113
288,2026-01-23T11:00:00-07:00,nox,ppm,0.104
288,2026-01-23T12:00:00-07:00,nox,ppm,0.107
288,2026-01-23T13:00:00-07:00,nox,ppm,0.0963
288,2026-01-23T14:00:00-07:00,nox,ppm,0.0917
288,2026-01-23T15:00:00-07:00,nox,ppm,0.0476
288,2026-01-23T16:00:00-07:00,nox,ppm,0.0316
288,2026-01-23T17:00:00-07:00,nox,ppm,0.0325
288,2026-01-23T18:00:00-07:00,nox,ppm,0.0213
288,2026-01-23T19:00:00-07:00,nox,ppm,0.0217
288,2026-01-23T20:00:00-07:00,nox,ppm,0.0265
288,2026-01-23T21:00:00-07:00,nox,ppm,0.0304
288,2026-01-23T22:00:00-07:00,nox,ppm,0.018
288,2026-01-23T23:00:00-07:00,nox,ppm,0.0159
288,2026-01-24T00:00:00-07:00,nox,ppm,0.0179
288,2026-01-24T01:00:00-07:00,nox,ppm,0.0255
288,2026-01-24T02:00:00-07:00,nox,ppm,0.018
288,2026-01-24T03:00:00-07:00,nox,ppm,0.0216
288,2026-01-24T04:00:00-07:00,nox,ppm,0.0334
288,2026-01-24T06:00:00-07:00,nox,ppm,0.0583
288,2026-01-24T07:00:00-07:00,nox,ppm,0.0335
288,2026-01-24T08:00:00-07:00,nox,ppm,0.0619
288,2026-01-24T09:00:00-07:00,nox,ppm,0.0606
288,2026-01-24T10:00:00-07:00,nox,ppm,0.0203
288,2026-01-24T11:00:00-07:00,nox,ppm,0.0173
288,2026-01-24T12:00:00-07:00,nox,ppm,0.0125
288,2026-01-24T13:00:00-07:00,nox,ppm,0.008
288,2026-01-24T14:00:00-07:00,nox,ppm,0.0063
288,2026-01-24T15:00:00-07:00,nox,ppm,0.0052
288,2026-01-24T16:00:00-07:00,nox,ppm,0.0048
288,2026-01-24T17:00:00-07:00,nox,ppm,0.0053
288,2026-01-24T18:00:00-07:00,nox,ppm,0.0066
288,2026-01-24T19:00:00-07:00,nox,ppm,0.0111
288,2026-01-24T20:00:00-07:00,nox,ppm,0.0157
288,2026-01-24T21:00:00-07:00,nox,ppm,0.0297
288,2026-01-24T22:00:00-07:00,nox,ppm,0.0134
288,2026-01-24T23:00:00-07:00,nox,ppm,0.0113
288,2026-01-25T00:00:00-07:00,nox,ppm,0.0121
288,2026-01-25T01:00:00-07:00,nox,ppm,0.0165
288,2026-01-25T02:00:00-07:00,nox,ppm,0.0254
288,2026-01-25T03:00:00-07:00,nox,ppm,0.0309
288,2026-01-25T04:00:00-07:00,nox,ppm,0.0323
288,2026-01-25T06:00:00-07:00,nox,ppm,0.0391
288,2026-01-25T07:00:00-07:00,nox,ppm,0.0485
288,2026-01-25T08:00:00-07:00,nox,ppm,0.0546
288,2026-01-25T09:00:00-07:00,nox,ppm,0.0571
288,2026-01-25T10:00:00-07:00,nox,ppm,0.0494
288,2026-01-25T11:00:00-07:00,nox,ppm,0.0241
288,2026-01-25T12:00:00-07:00,nox,ppm,0.0209
288,2026-01-25T13:00:00-07:00,nox,ppm,0.0115
288,2026-01-25T14:00:00-07:00,nox,ppm,0.0057
288,2026-01-25T15:00:00-07:00,nox,ppm,0.0036
288,2026-01-25T16:00:00-07:00,nox,ppm,0.0034
288,2026-01-25T17:00:00-07:00,nox,ppm,0.0043
288,2026-01-25T18:00:00-07:00,nox,ppm,0.0084
288,2026-01-25T19:00:00-07:00,nox,ppm,0.0402
288,2026-01-25T20:00:00-07:00,nox,ppm,0.0366
288,2026-01-25T21:00:00-07:00,nox,ppm,0.0161
288,2026-01-25T22:00:00-07:00,nox,ppm,0.0249
288,2026-01-25T23:00:00-07:00,nox,ppm,0.0079
288,2026-01-26T00:00:00-07:00,nox,ppm,0.0139
288,2026-01-26T01:00:00-07:00,nox,ppm,0.0274
288,2026-01-26T02:00:00-07:00,nox,ppm,0.0312
288,2026-01-26T03:00:00-07:00,nox,ppm,0.0275
288,2026-01-26T04:00:00-07:00,nox,ppm,0.0301
288,2026-01-26T05:00:00-07:00,nox,ppm,0.0475
288,2026-01-26T06:00:00-07:00,nox,ppm,0.0671
288,2026-01-26T07:00:00-07:00,nox,ppm,0.08
288,2026-01-26T08:00:00-07:00,nox,ppm,0.111
288,2026-01-26T09:00:00-07:00,nox,ppm,0.134
288,2026-01-26T10:00:00-07:00,nox,ppm,0.0488
288,2026-01-26T11:00:00-07:00,nox,ppm,0.0229
288,2026-01-26T12:00:00-07:00,nox,ppm,0.024
288,2026-01-26T13:00:00-07:00,nox,ppm,0.0182
288,2026-01-26T14:00:00-07:00,nox,ppm,0.0141
288,2026-01-26T15:00:00-07:00,nox,ppm,0.0088
288,2026-01-26T16:00:00-07:00,nox,ppm,0.0089
288,2026-01-26T17:00:00-07:00,nox,ppm,0.0109
288,2026-01-26T18:00:00-07:00,nox,ppm,0.0192
288,2026-01-26T19:00:00-07:00,nox,ppm,0.0347
288,2026-01-26T20:00:00-07:00,nox,ppm,0.0552
288,2026-01-26T21:00:00-07:00,nox,ppm,0.0874
288,2026-01-26T22:00:00-07:00,nox,ppm,0.0873
288,2026-01-26T23:00:00-07:00,nox,ppm,0.0883
288,2026-01-27T00:00:00-07:00,nox,ppm,0.0869
288,2026-01-27T01:00:00-07:00,nox,ppm,0.0957
288,2026-01-27T02:00:00-07:00,nox,ppm,0.0856
288,2026-01-27T03:00:00-07:00,nox,ppm,0.0913
288,2026-01-27T04:00:00-07:00,nox,ppm,0.087
288,2026-01-27T05:00:00-07:00,nox,ppm,0.0897
288,2026-01-27T06:00:00-07:00,nox,ppm,0.0979
288,2026-01-27T07:00:00-07:00,nox,ppm,0.115
288,2026-01-27T08:00:00-07:00,nox,ppm,0.138
288,2026-01-27T09:00:00-07:00,nox,ppm,0.143
288,2026-01-27T10:00:00-07:00,nox,ppm,0.0768
288,2026-01-27T11:00:00-07:00,nox,ppm,0.039
288,2026-01-27T12:00:00-07:00,nox,ppm,0.0455
288,2026-01-27T13:00:00-07:00,nox,ppm,0.0644
288,2026-01-27T14:00:00-07:00,nox,ppm,0.0367
288,2026-01-27T15:00:00-07:00,nox,ppm,0.0239
288,2026-01-27T16:00:00-07:00,nox,ppm,0.0234
288,2026-01-27T17:00:00-07:00,nox,ppm,0.0318
288,2026-01-27T18:00:00-07:00,nox,ppm,0.0404
288,2026-01-27T19:00:00-07:00,nox,ppm,0.0312
288,2026-01-27T20:00:00-07:00,nox,ppm,0.0449
288,2026-01-27T21:00:00-07:00,nox,ppm,0.0694
288,2026-01-27T22:00:00-07:00,nox,ppm,0.0814
288,2026-01-27T23:00:00-07:00,nox,ppm,0.089
288,2026-01-28T00:00:00-07:00,nox,ppm,0.0773
288,2026-01-28T01:00:00-07:00,nox,ppm,0.0732
288,2026-01-28T02:00:00-07:00,nox,ppm,0.0561
288,2026-01-28T03:00:00-07:00,nox,ppm,0.0612
288,2026-01-28T04:00:00-07:00,nox,ppm,0.0674
288,2026-01-28T05:00:00-07:00,nox,ppm,0.0681
288,2026-01-28T06:00:00-07:00,nox,ppm,0.0791
288,2026-01-28T07:00:00-07:00,nox,ppm,0.0984
288,2026-01-28T08:00:00-07:00,nox,ppm,0.124
288,2026-01-28T09:00:00-07:00,nox,ppm,0.145
288,2026-01-28T10:00:00-07:00,nox,ppm,0.165
288,2026-01-28T11:00:00-07:00,nox,ppm,0.153
288,2026-01-28T12:00:00-07:00,nox,ppm,0.0373
288,2026-01-28T13:00:00-07:00,nox,ppm,0.0343
288,2026-01-28T14:00:00-07:00,nox,ppm,0.0358
288,2026-01-28T15:00:00-07:00,nox,ppm,0.0144
288,2026-01-28T16:00:00-07:00,nox,ppm,0.0166
288,2026-01-28T17:00:00-07:00,nox,ppm,0.0222
288,2026-01-28T18:00:00-07:00,nox,ppm,0.0258
288,2026-01-28T19:00:00-07:00,nox,ppm,0.0184
288,2026-01-28T20:00:00-07:00,nox,ppm,0.0204
288,2026-01-28T21:00:00-07:00,nox,ppm,0.0223
288,2026-01-28T22:00:00-07:00,nox,ppm,0.0362
288,2026-01-28T23:00:00-07:00,nox,ppm,0.0527
288,2026-01-29T00:00:00-07:00,nox,ppm,0.0669
288,2026-01-29T01:00:00-07:00,nox,ppm,0.0744
288,2026-01-29T02:00:00-07:00,nox,ppm,0.0418
288,2026-01-29T03:00:00-07:00,nox,ppm,0.0444
288,2026-01-29T04:00:00-07:00,nox,ppm,0.0634
288,2026-01-29T05:00:00-07:00,nox,ppm,0.0803
288,2026-01-29T06:00:00-07:00,nox,ppm,0.0787
288,2026-01-29T07:00:00-07:00,nox,ppm,0.093
288,2026-01-29T08:00:00-07:00,nox,ppm,0.124
288,2026-01-29T09:00:00-07:00,nox,ppm,0.134
288,2026-01-29T10:00:00-07:00,nox,ppm,0.0923
288,2026-01-29T11:00:00-07:00,nox,ppm,0.0897
288,2026-01-29T12:00:00-07:00,nox,ppm,0.0574
288,2026-01-29T13:00:00-07:00,nox,ppm,0.0369
288,2026-01-29T14:00:00-07:00,nox,ppm,0.0379
288,2026-01-29T15:00:00-07:00,nox,ppm,0.0331
288,2026-01-29T16:00:00-07:00,nox,ppm,0.0148
288,2026-01-29T17:00:00-07:00,nox,ppm,0.021
288,2026-01-29T18:00:00-07:00,nox,ppm,0.0209
288,2026-01-29T19:00:00-07:00,nox,ppm,0.0247
288,2026-01-29T20:00:00-07:00,nox,ppm,0.0301
288,2026-01-29T21:00:00-07:00,nox,ppm,0.0229
288,2026-01-29T22:00:00-07:00,nox,ppm,0.0265
288,2026-01-29T23:00:00-07:00,nox,ppm,0.0371
288,2026-01-30T00:00:00-07:00,nox,ppm,0.0424
288,2026-01-30T01:00:00-07:00,nox,ppm,0.0494
288,2026-01-30T02:00:00-07:00,nox,ppm,0.0543
288,2026-01-30T03:00:00-07:00,nox,ppm,0.0652
288,2026-01-30T04:00:00-07:00,nox,ppm,0.0667
288,2026-01-30T05:00:00-07:00,nox,ppm,0.0747
288,2026-01-30T06:00:00-07:00,nox,ppm,0.0917
288,2026-01-30T07:00:00-07:00,nox,ppm,0.108
288,2026-01-30T08:00:00-07:00,nox,ppm,0.136
288,2026-01-30T09:00:00-07:00,nox,ppm,0.141
288,2026-01-30T10:00:00-07:00,nox,ppm,0.111
288,2026-01-30T11:00:00-07:00,nox,ppm,0.0575
288,2026-01-30T12:00:00-07:00,nox,ppm,0.0551
288,2026-01-30T13:00:00-07:00,nox,ppm,0.0274
288,2026-01-30T14:00:00-07:00,nox,ppm,0.0252
288,2026-01-30T15:00:00-07:00,nox,ppm,0.0335
288,2026-01-30T16:00:00-07:00,nox,ppm,0.0332
288,2026-01-30T17:00:00-07:00,nox,ppm,0.0322
288,2026-01-30T18:00:00-07:00,nox,ppm,0.0423
288,2026-01-30T19:00:00-07:00,nox,ppm,0.0593
288,2026-01-30T20:00:00-07:00,nox,ppm,0.0859
288,2026-01-30T21:00:00-07:00,nox,ppm,0.104
288,2026-01-30T22:00:00-07:00,nox,ppm,0.0886
288,2026-01-30T23:00:00-07:00,nox,ppm,0.0806
288,2026-01-31T00:00:00-07:00,nox,ppm,0.0897
288,2026-01-31T01:00:00-07:00,nox,ppm,0.0878
288,2026-01-31T02:00:00-07:00,nox,ppm,0.0867
288,2026-01-31T03:00:00-07:00,nox,ppm,0.0905
288,2026-01-31T04:00:00-07:00,nox,ppm,0.0883
288,2026-01-31T06:00:00-07:00,nox,ppm,0.0982
288,2026-01-31T07:00:00-07:00,nox,ppm,0.0894
288,2026-01-31T08:00:00-07:00,nox,ppm,0.102
288,2026-01-31T09:00:00-07:00,nox,ppm,0.111
288,2026-01-31T10:00:00-07:00,nox,ppm,0.0454
288,2026-01-31T11:00:00-07:00,nox,ppm,0.0186
288,2026-01-31T12:00:00-07:00,nox,ppm,0.019
288,2026-01-31T13:00:00-07:00,nox,ppm,0.0272
288,2026-01-31T14:00:00-07:00,nox,ppm,0.0248
288,2026-01-31T15:00:00-07:00,nox,ppm,0.0251
288,2026-01-31T16:00:00-07:00,nox,ppm,0.0233
288,2026-01-31T17:00:00-07:00,nox,ppm,0.0195
288,2026-01-31T18:00:00-07:00,nox,ppm,0.0235
288,2026-01-31T19:00:00-07:00,nox,ppm,0.0348
288,2026-01-31T20:00:00-07:00,nox,ppm,0.0611
288,2026-01-31T21:00:00-07:00,nox,ppm,0.0794
288,2026-01-31T22:00:00-07:00,nox,ppm,0.0887
288,2026-01-31T23:00:00-07:00,nox,ppm,0.0785
288,2026-02-01T00:00:00-07:00,nox,ppm,0.065
station_id,timestamp,parameter,unit,value
288,2026-01-01T01:00:00-07:00,o3,ppm,0.0
288,2026-01-01T02:00:00-07:00,o3,ppm,0.001
288,2026-01-01T03:00:00-07:00,o3,ppm,0.001
288,2026-01-01T04:00:00-07:00,o3,ppm,0.001
288,2026-01-01T05:00:00-07:00,o3,ppm,0.001
288,2026-01-01T06:00:00-07:00,o3,ppm,0.0
288,2026-01-01T07:00:00-07:00,o3,ppm,0.0
288,2026-01-01T08:00:00-07:00,o3,ppm,0.0
288,2026-01-01T09:00:00-07:00,o3,ppm,0.0
288,2026-01-01T10:00:00-07:00,o3,ppm,0.001
288,2026-01-01T11:00:00-07:00,o3,ppm,0.005
288,2026-01-01T12:00:00-07:00,o3,ppm,0.007
288,2026-01-01T13:00:00-07:00,o3,ppm,0.006
288,2026-01-01T14:00:00-07:00,o3,ppm,0.007
288,2026-01-01T15:00:00-07:00,o3,ppm,0.007
288,2026-01-01T16:00:00-07:00,o3,ppm,0.005
288,2026-01-01T17:00:00-07:00,o3,ppm,0.002
288,2026-01-01T18:00:00-07:00,o3,ppm,0.0
288,2026-01-01T19:00:00-07:00,o3,ppm,0.0
288,2026-01-01T20:00:00-07:00,o3,ppm,0.0
288,2026-01-01T21:00:00-07:00,o3,ppm,0.0
288,2026-01-01T22:00:00-07:00,o3,ppm,0.0
288,2026-01-01T23:00:00-07:00,o3,ppm,0.0
288,2026-01-02T00:00:00-07:00,o3,ppm,0.001
288,2026-01-02T01:00:00-07:00,o3,ppm,0.0
288,2026-01-02T02:00:00-07:00,o3,ppm,0.0
288,2026-01-02T03:00:00-07:00,o3,ppm,0.004
288,2026-01-02T04:00:00-07:00,o3,ppm,0.006
288,2026-01-02T05:00:00-07:00,o3,ppm,0.005
288,2026-01-02T06:00:00-07:00,o3,ppm,0.004
288,2026-01-02T07:00:00-07:00,o3,ppm,0.0
288,2026-01-02T08:00:00-07:00,o3,ppm,0.0
288,2026-01-02T09:00:00-07:00,o3,ppm,0.001
288,2026-01-02T10:00:00-07:00,o3,ppm,0.005
288,2026-01-02T11:00:00-07:00,o3,ppm,0.023
288,2026-01-02T12:00:00-07:00,o3,ppm,0.031
288,2026-01-02T13:00:00-07:00,o3,ppm,0.032
288,2026-01-02T14:00:00-07:00,o3,ppm,0.033
288,2026-01-02T15:00:00-07:00,o3,ppm,0.033
288,2026-01-02T16:00:00-07:00,o3,ppm,0.031
288,2026-01-02T17:00:00-07:00,o3,ppm,0.019
288,2026-01-02T18:00:00-07:00,o3,ppm,0.01
288,2026-01-02T19:00:00-07:00,o3,ppm,0.002
288,2026-01-02T20:00:00-07:00,o3,ppm,0.001
288,2026-01-02T21:00:00-07:00,o3,ppm,0.0
288,2026-01-02T22:00:00-07:00,o3,ppm,0.002
288,2026-01-02T23:00:00-07:00,o3,ppm,0.006
288,2026-01-03T00:00:00-07:00,o3,ppm,0.001
288,2026-01-03T01:00:00-07:00,o3,ppm,0.001
288,2026-01-03T02:00:00-07:00,o3,ppm,0.0
288,2026-01-03T03:00:00-07:00,o3,ppm,0.004
288,2026-01-03T04:00:00-07:00,o3,ppm,0.007
288,2026-01-03T05:00:00-07:00,o3,ppm,0.002
288,2026-01-03T06:00:00-07:00,o3,ppm,0.003
288,2026-01-03T07:00:00-07:00,o3,ppm,0.007
288,2026-01-03T08:00:00-07:00,o3,ppm,0.015
288,2026-01-03T09:00:00-07:00,o3,ppm,0.01
288,2026-01-03T10:00:00-07:00,o3,ppm,0.021
288,2026-01-03T11:00:00-07:00,o3,ppm,0.019
288,2026-01-03T12:00:00-07:00,o3,ppm,0.023
288,2026-01-03T13:00:00-07:00,o3,ppm,0.029
288,2026-01-03T14:00:00-07:00,o3,ppm,0.029
288,2026-01-03T15:00:00-07:00,o3,ppm,0.029
288,2026-01-03T16:00:00-07:00,o3,ppm,0.028
288,2026-01-03T17:00:00-07:00,o3,ppm,0.028
288,2026-01-03T18:00:00-07:00,o3,ppm,0.029
288,2026-01-03T19:00:00-07:00,o3,ppm,0.028
288,2026-01-03T20:00:00-07:00,o3,ppm,0.033
288,2026-01-03T21:00:00-07:00,o3,ppm,0.034
288,2026-01-03T22:00:00-07:00,o3,ppm,0.035
288,2026-01-03T23:00:00-07:00,o3,ppm,0.034
288,2026-01-04T00:00:00-07:00,o3,ppm,0.034
288,2026-01-04T01:00:00-07:00,o3,ppm,0.034
288,2026-01-04T02:00:00-07:00,o3,ppm,0.034
288,2026-01-04T03:00:00-07:00,o3,ppm,0.035
288,2026-01-04T04:00:00-07:00,o3,ppm,0.034
288,2026-01-04T05:00:00-07:00,o3,ppm,0.033
288,2026-01-04T06:00:00-07:00,o3,ppm,0.033
288,2026-01-04T07:00:00-07:00,o3,ppm,0.031
288,2026-01-04T08:00:00-07:00,o3,ppm,0.031
288,2026-01-04T09:00:00-07:00,o3,ppm,0.025
288,2026-01-04T10:00:00-07:00,o3,ppm,0.025
288,2026-01-04T11:00:00-07:00,o3,ppm,0.028
288,2026-01-04T12:00:00-07:00,o3,ppm,0.03
288,2026-01-04T13:00:00-07:00,o3,ppm,0.031
288,2026-01-04T14:00:00-07:00,o3,ppm,0.032
288,2026-01-04T15:00:00-07:00,o3,ppm,0.033
288,2026-01-04T16:00:00-07:00,o3,ppm,0.034
288,2026-01-04T17:00:00-07:00,o3,ppm,0.032
288,2026-01-04T18:00:00-07:00,o3,ppm,0.033
288,2026-01-04T19:00:00-07:00,o3,ppm,0.036
288,2026-01-04T20:00:00-07:00,o3,ppm,0.033
288,2026-01-04T21:00:00-07:00,o3,ppm,0.027
288,2026-01-04T22:00:00-07:00,o3,ppm,0.027
288,2026-01-04T23:00:00-07:00,o3,ppm,0.023
288,2026-01-05T00:00:00-07:00,o3,ppm,0.021
288,2026-01-05T01:00:00-07:00,o3,ppm,0.035
288,2026-01-05T02:00:00-07:00,o3,ppm,0.039
288,2026-01-05T03:00:00-07:00,o3,ppm,0.039
288,2026-01-05T04:00:00-07:00,o3,ppm,0.04
288,2026-01-05T05:00:00-07:00,o3,ppm,0.039
288,2026-01-05T06:00:00-07:00,o3,ppm,0.037
288,2026-01-05T07:00:00-07:00,o3,ppm,0.032
288,2026-01-05T08:00:00-07:00,o3,ppm,0.026
288,2026-01-05T09:00:00-07:00,o3,ppm,0.022
288,2026-01-05T10:00:00-07:00,o3,ppm,0.035
288,2026-01-05T11:00:00-07:00,o3,ppm,0.034
288,2026-01-05T12:00:00-07:00,o3,ppm,0.036
288,2026-01-05T13:00:00-07:00,o3,ppm,0.036
288,2026-01-05T14:00:00-07:00,o3,ppm,0.037
288,2026-01-05T15:00:00-07:00,o3,ppm,0.04
288,2026-01-05T16:00:00-07:00,o3,ppm,0.035
288,2026-01-05T17:00:00-07:00,o3,ppm,0.031
288,2026-01-05T18:00:00-07:00,o3,ppm,0.026
288,2026-01-05T19:00:00-07:00,o3,ppm,0.012
288,2026-01-05T20:00:00-07:00,o3,ppm,0.007
288,2026-01-05T21:00:00-07:00,o3,ppm,0.005
288,2026-01-05T22:00:00-07:00,o3,ppm,0.001
288,2026-01-05T23:00:00-07:00,o3,ppm,0.001
288,2026-01-06T00:00:00-07:00,o3,ppm,0.0
288,2026-01-06T01:00:00-07:00,o3,ppm,0.003
288,2026-01-06T02:00:00-07:00,o3,ppm,0.007
288,2026-01-06T03:00:00-07:00,o3,ppm,0.009
288,2026-01-06T04:00:00-07:00,o3,ppm,0.01
288,2026-01-06T05:00:00-07:00,o3,ppm,0.009
288,2026-01-06T06:00:00-07:00,o3,ppm,0.008
288,2026-01-06T07:00:00-07:00,o3,ppm,0.008
288,2026-01-06T08:00:00-07:00,o3,ppm,0.001
288,2026-01-06T09:00:00-07:00,o3,ppm,0.002
288,2026-01-06T10:00:00-07:00,o3,ppm,0.014
288,2026-01-06T11:00:00-07:00,o3,ppm,0.025
288,2026-01-06T12:00:00-07:00,o3,ppm,0.032
288,2026-01-06T13:00:00-07:00,o3,ppm,0.04
288,2026-01-06T14:00:00-07:00,o3,ppm,0.042
288,2026-01-06T15:00:00-07:00,o3,ppm,0.041
288,2026-01-06T16:00:00-07:00,o3,ppm,0.042
288,2026-01-06T17:00:00-07:00,o3,ppm,0.042
288,2026-01-06T18:00:00-07:00,o3,ppm,0.037
288,2026-01-06T19:00:00-07:00,o3,ppm,0.023
288,2026-01-06T20:00:00-07:00,o3,ppm,0.001
288,2026-01-06T21:00:00-07:00,o3,ppm,0.0
288,2026-01-06T22:00:00-07:00,o3,ppm,0.0
288,2026-01-06T23:00:00-07:00,o3,ppm,0.001
288,2026-01-07T00:00:00-07:00,o3,ppm,0.009
288,2026-01-07T01:00:00-07:00,o3,ppm,0.006
288,2026-01-07T02:00:00-07:00,o3,ppm,0.002
288,2026-01-07T03:00:00-07:00,o3,ppm,0.006
288,2026-01-07T04:00:00-07:00,o3,ppm,0.01
288,2026-01-07T06:00:00-07:00,o3,ppm,0.002
288,2026-01-07T07:00:00-07:00,o3,ppm,0.002
288,2026-01-07T08:00:00-07:00,o3,ppm,0.001
288,2026-01-07T09:00:00-07:00,o3,ppm,0.005
288,2026-01-07T10:00:00-07:00,o3,ppm,0.015
288,2026-01-07T11:00:00-07:00,o3,ppm,0.027
288,2026-01-07T12:00:00-07:00,o3,ppm,0.034
288,2026-01-07T13:00:00-07:00,o3,ppm,0.035
288,2026-01-07T14:00:00-07:00,o3,ppm,0.035
288,2026-01-07T15:00:00-07:00,o3,ppm,0.035
288,2026-01-07T16:00:00-07:00,o3,ppm,0.028
288,2026-01-07T17:00:00-07:00,o3,ppm,0.024
288,2026-01-07T18:00:00-07:00,o3,ppm,0.029
288,2026-01-07T19:00:00-07:00,o3,ppm,0.032
288,2026-01-07T20:00:00-07:00,o3,ppm,0.027
288,2026-01-07T21:00:00-07:00,o3,ppm,0.019
288,2026-01-07T22:00:00-07:00,o3,ppm,0.009
288,2026-01-07T23:00:00-07:00,o3,ppm,0.012
288,2026-01-08T00:00:00-07:00,o3,ppm,0.015
288,2026-01-08T01:00:00-07:00,o3,ppm,0.016
288,2026-01-08T02:00:00-07:00,o3,ppm,0.022
288,2026-01-08T03:00:00-07:00,o3,ppm,0.036
288,2026-01-08T04:00:00-07:00,o3,ppm,0.035
288,2026-01-08T05:00:00-07:00,o3,ppm,0.03
288,2026-01-08T06:00:00-07:00,o3,ppm,0.023
288,2026-01-08T07:00:00-07:00,o3,ppm,0.01
288,2026-01-08T08:00:00-07:00,o3,ppm,0.001
288,2026-01-08T09:00:00-07:00,o3,ppm,0.002
288,2026-01-08T10:00:00-07:00,o3,ppm,0.009
288,2026-01-08T11:00:00-07:00,o3,ppm,0.031
288,2026-01-08T12:00:00-07:00,o3,ppm,0.034
288,2026-01-08T13:00:00-07:00,o3,ppm,0.038
288,2026-01-08T14:00:00-07:00,o3,ppm,0.039
288,2026-01-08T15:00:00-07:00,o3,ppm,0.038
288,2026-01-08T16:00:00-07:00,o3,ppm,0.037
288,2026-01-08T17:00:00-07:00,o3,ppm,0.038
288,2026-01-08T18:00:00-07:00,o3,ppm,0.037
288,2026-01-08T19:00:00-07:00,o3,ppm,0.037
288,2026-01-08T20:00:00-07:00,o3,ppm,0.035
288,2026-01-08T21:00:00-07:00,o3,ppm,0.035
288,2026-01-08T22:00:00-07:00,o3,ppm,0.035
288,2026-01-08T23:00:00-07:00,o3,ppm,0.036
288,2026-01-09T00:00:00-07:00,o3,ppm,0.037
288,2026-01-09T01:00:00-07:00,o3,ppm,0.037
288,2026-01-09T02:00:00-07:00,o3,ppm,0.035
288,2026-01-09T03:00:00-07:00,o3,ppm,0.035
288,2026-01-09T04:00:00-07:00,o3,ppm,0.036
288,2026-01-09T05:00:00-07:00,o3,ppm,0.035
288,2026-01-09T06:00:00-07:00,o3,ppm,0.027
288,2026-01-09T07:00:00-07:00,o3,ppm,0.018
288,2026-01-09T08:00:00-07:00,o3,ppm,0.018
288,2026-01-09T09:00:00-07:00,o3,ppm,0.025
288,2026-01-09T10:00:00-07:00,o3,ppm,0.033
288,2026-01-09T11:00:00-07:00,o3,ppm,0.032
288,2026-01-09T12:00:00-07:00,o3,ppm,0.033
288,2026-01-09T13:00:00-07:00,o3,ppm,0.037
288,2026-01-09T14:00:00-07:00,o3,ppm,0.039
288,2026-01-09T15:00:00-07:00,o3,ppm,0.036
288,2026-01-09T16:00:00-07:00,o3,ppm,0.034
288,2026-01-09T17:00:00-07:00,o3,ppm,0.034
288,2026-01-09T18:00:00-07:00,o3,ppm,0.03
288,2026-01-09T19:00:00-07:00,o3,ppm,0.029
288,2026-01-09T20:00:00-07:00,o3,ppm,0.022
288,2026-01-09T21:00:00-07:00,o3,ppm,0.016
288,2026-01-09T22:00:00-07:00,o3,ppm,0.019
288,2026-01-09T23:00:00-07:00,o3,ppm,0.026
288,2026-01-10T00:00:00-07:00,o3,ppm,0.029
288,2026-01-10T01:00:00-07:00,o3,ppm,0.031
288,2026-01-10T02:00:00-07:00,o3,ppm,0.026
288,2026-01-10T03:00:00-07:00,o3,ppm,0.021
288,2026-01-10T04:00:00-07:00,o3,ppm,0.02
288,2026-01-10T05:00:00-07:00,o3,ppm,0.021
288,2026-01-10T06:00:00-07:00,o3,ppm,0.022
288,2026-01-10T07:00:00-07:00,o3,ppm,0.012
288,2026-01-10T08:00:00-07:00,o3,ppm,0.017
288,2026-01-10T09:00:00-07:00,o3,ppm,0.023
288,2026-01-10T10:00:00-07:00,o3,ppm,0.026
288,2026-01-10T11:00:00-07:00,o3,ppm,0.032
288,2026-01-10T12:00:00-07:00,o3,ppm,0.034
288,2026-01-10T13:00:00-07:00,o3,ppm,0.033
288,2026-01-10T14:00:00-07:00,o3,ppm,0.034
288,2026-01-10T15:00:00-07:00,o3,ppm,0.036
288,2026-01-10T16:00:00-07:00,o3,ppm,0.035
288,2026-01-10T17:00:00-07:00,o3,ppm,0.034
288,2026-01-10T18:00:00-07:00,o3,ppm,0.033
288,2026-01-10T19:00:00-07:00,o3,ppm,0.029
288,2026-01-10T20:00:00-07:00,o3,ppm,0.023
288,2026-01-10T21:00:00-07:00,o3,ppm,0.006
288,2026-01-10T22:00:00-07:00,o3,ppm,0.009
288,2026-01-10T23:00:00-07:00,o3,ppm,0.007
288,2026-01-11T00:00:00-07:00,o3,ppm,0.003
288,2026-01-11T01:00:00-07:00,o3,ppm,0.001
288,2026-01-11T02:00:00-07:00,o3,ppm,0.003
288,2026-01-11T03:00:00-07:00,o3,ppm,0.003
288,2026-01-11T04:00:00-07:00,o3,ppm,0.001
288,2026-01-11T05:00:00-07:00,o3,ppm,0.0
288,2026-01-11T06:00:00-07:00,o3,ppm,0.0
288,2026-01-11T07:00:00-07:00,o3,ppm,0.0
288,2026-01-11T08:00:00-07:00,o3,ppm,0.0
288,2026-01-11T09:00:00-07:00,o3,ppm,0.001
288,2026-01-11T10:00:00-07:00,o3,ppm,0.007
288,2026-01-11T11:00:00-07:00,o3,ppm,0.015
288,2026-01-11T12:00:00-07:00,o3,ppm,0.015
288,2026-01-11T13:00:00-07:00,o3,ppm,0.022
288,2026-01-11T14:00:00-07:00,o3,ppm,0.028
288,2026-01-11T15:00:00-07:00,o3,ppm,0.028
288,2026-01-11T16:00:00-07:00,o3,ppm,0.022
288,2026-01-11T17:00:00-07:00,o3,ppm,0.018
288,2026-01-11T18:00:00-07:00,o3,ppm,0.017
288,2026-01-11T19:00:00-07:00,o3,ppm,0.014
288,2026-01-11T20:00:00-07:00,o3,ppm,0.0
288,2026-01-11T21:00:00-07:00,o3,ppm,0.0
288,2026-01-11T22:00:00-07:00,o3,ppm,0.0
288,2026-01-11T23:00:00-07:00,o3,ppm,0.0
288,2026-01-12T00:00:00-07:00,o3,ppm,0.0
288,2026-01-12T01:00:00-07:00,o3,ppm,0.0
288,2026-01-12T02:00:00-07:00,o3,ppm,0.0
288,2026-01-12T03:00:00-07:00,o3,ppm,0.0
288,2026-01-12T04:00:00-07:00,o3,ppm,0.0
288,2026-01-12T05:00:00-07:00,o3,ppm,0.0
288,2026-01-12T06:00:00-07:00,o3,ppm,0.0
288,2026-01-12T07:00:00-07:00,o3,ppm,0.0
288,2026-01-12T08:00:00-07:00,o3,ppm,0.0
288,2026-01-12T09:00:00-07:00,o3,ppm,0.001
288,2026-01-12T10:00:00-07:00,o3,ppm,0.006
288,2026-01-12T11:00:00-07:00,o3,ppm,0.013
288,2026-01-12T12:00:00-07:00,o3,ppm,0.015
288,2026-01-12T13:00:00-07:00,o3,ppm,0.017
288,2026-01-12T14:00:00-07:00,o3,ppm,0.017
288,2026-01-12T15:00:00-07:00,o3,ppm,0.019
288,2026-01-12T16:00:00-07:00,o3,ppm,0.018
288,2026-01-12T17:00:00-07:00,o3,ppm,0.011
288,2026-01-12T18:00:00-07:00,o3,ppm,0.007
288,2026-01-12T19:00:00-07:00,o3,ppm,0.001
288,2026-01-12T20:00:00-07:00,o3,ppm,
288,2026-01-12T21:00:00-07:00,o3,ppm,
288,2026-01-12T22:00:00-07:00,o3,ppm,
288,2026-01-12T23:00:00-07:00,o3,ppm,
288,2026-01-13T00:00:00-07:00,o3,ppm,
288,2026-01-13T01:00:00-07:00,o3,ppm,
288,2026-01-13T02:00:00-07:00,o3,ppm,
288,2026-01-13T03:00:00-07:00,o3,ppm,
288,2026-01-13T04:00:00-07:00,o3,ppm,0.0
288,2026-01-13T05:00:00-07:00,o3,ppm,0.0
288,2026-01-13T06:00:00-07:00,o3,ppm,0.0
288,2026-01-13T07:00:00-07:00,o3,ppm,0.0
288,2026-01-13T08:00:00-07:00,o3,ppm,0.0
288,2026-01-13T09:00:00-07:00,o3,ppm,0.0
288,2026-01-13T10:00:00-07:00,o3,ppm,0.003
288,2026-01-13T11:00:00-07:00,o3,ppm,0.009
288,2026-01-13T12:00:00-07:00,o3,ppm,0.014
288,2026-01-13T13:00:00-07:00,o3,ppm,0.013
288,2026-01-13T14:00:00-07:00,o3,ppm,0.014
288,2026-01-13T15:00:00-07:00,o3,ppm,0.016
288,2026-01-13T16:00:00-07:00,o3,ppm,0.015
288,2026-01-13T17:00:00-07:00,o3,ppm,0.017
288,2026-01-13T18:00:00-07:00,o3,ppm,0.013
288,2026-01-13T19:00:00-07:00,o3,ppm,0.004
288,2026-01-13T20:00:00-07:00,o3,ppm,0.0
288,2026-01-13T21:00:00-07:00,o3,ppm,0.0
288,2026-01-13T22:00:00-07:00,o3,ppm,0.0
288,2026-01-13T23:00:00-07:00,o3,ppm,0.0
288,2026-01-14T00:00:00-07:00,o3,ppm,0.0
288,2026-01-14T01:00:00-07:00,o3,ppm,0.0
288,2026-01-14T02:00:00-07:00,o3,ppm,0.0
288,2026-01-14T03:00:00-07:00,o3,ppm,
288,2026-01-14T04:00:00-07:00,o3,ppm,
288,2026-01-14T06:00:00-07:00,o3,ppm,
288,2026-01-14T07:00:00-07:00,o3,ppm,
288,2026-01-14T08:00:00-07:00,o3,ppm,0.0
288,2026-01-14T09:00:00-07:00,o3,ppm,0.0
288,2026-01-14T10:00:00-07:00,o3,ppm,0.003
288,2026-01-14T11:00:00-07:00,o3,ppm,0.008
288,2026-01-14T13:00:00-07:00,o3,ppm,0.011
288,2026-01-14T14:00:00-07:00,o3,ppm,0.018
288,2026-01-14T15:00:00-07:00,o3,ppm,0.023
288,2026-01-14T16:00:00-07:00,o3,ppm,0.019
288,2026-01-14T17:00:00-07:00,o3,ppm,0.016
288,2026-01-14T18:00:00-07:00,o3,ppm,0.017
288,2026-01-14T19:00:00-07:00,o3,ppm,0.004
288,2026-01-14T20:00:00-07:00,o3,ppm,
288,2026-01-14T21:00:00-07:00,o3,ppm,
288,2026-01-14T22:00:00-07:00,o3,ppm,0.0
288,2026-01-14T23:00:00-07:00,o3,ppm,
288,2026-01-15T00:00:00-07:00,o3,ppm,
288,2026-01-15T01:00:00-07:00,o3,ppm,
288,2026-01-15T02:00:00-07:00,o3,ppm,
288,2026-01-15T03:00:00-07:00,o3,ppm,
288,2026-01-15T04:00:00-07:00,o3,ppm,
288,2026-01-15T05:00:00-07:00,o3,ppm,
288,2026-01-15T06:00:00-07:00,o3,ppm,
288,2026-01-15T07:00:00-07:00,o3,ppm,0.0
288,2026-01-15T08:00:00-07:00,o3,ppm,0.0
288,2026-01-15T10:00:00-07:00,o3,ppm,0.004
288,2026-01-15T11:00:00-07:00,o3,ppm,0.012
288,2026-01-15T12:00:00-07:00,o3,ppm,0.014
288,2026-01-15T13:00:00-07:00,o3,ppm,0.013
288,2026-01-15T14:00:00-07:00,o3,ppm,0.017
288,2026-01-15T15:00:00-07:00,o3,ppm,0.018
288,2026-01-15T16:00:00-07:00,o3,ppm,0.023
288,2026-01-15T17:00:00-07:00,o3,ppm,0.019
288,2026-01-15T18:00:00-07:00,o3,ppm,0.009
288,2026-01-15T19:00:00-07:00,o3,ppm,0.005
288,2026-01-15T20:00:00-07:00,o3,ppm,0.0
288,2026-01-15T21:00:00-07:00,o3,ppm,
288,2026-01-15T22:00:00-07:00,o3,ppm,
288,2026-01-15T23:00:00-07:00,o3,ppm,
288,2026-01-16T00:00:00-07:00,o3,ppm,
288,2026-01-16T01:00:00-07:00,o3,ppm,
288,2026-01-16T02:00:00-07:00,o3,ppm,0.0
288,2026-01-16T03:00:00-07:00,o3,ppm,0.0
288,2026-01-16T04:00:00-07:00,o3,ppm,0.0
288,2026-01-16T05:00:00-07:00,o3,ppm,0.0
288,2026-01-16T06:00:00-07:00,o3,ppm,0.0
288,2026-01-16T07:00:00-07:00,o3,ppm,0.0
288,2026-01-16T08:00:00-07:00,o3,ppm,0.0
288,2026-01-16T09:00:00-07:00,o3,ppm,0.001
288,2026-01-16T10:00:00-07:00,o3,ppm,0.003
288,2026-01-16T11:00:00-07:00,o3,ppm,0.009
288,2026-01-16T12:00:00-07:00,o3,ppm,0.01
288,2026-01-16T13:00:00-07:00,o3,ppm,0.015
288,2026-01-16T14:00:00-07:00,o3,ppm,0.024
288,2026-01-16T15:00:00-07:00,o3,ppm,0.026
288,2026-01-16T16:00:00-07:00,o3,ppm,0.023
288,2026-01-16T17:00:00-07:00,o3,ppm,0.023
288,2026-01-16T18:00:00-07:00,o3,ppm,0.016
288,2026-01-16T19:00:00-07:00,o3,ppm,0.003
288,2026-01-16T20:00:00-07:00,o3,ppm,0.0
288,2026-01-16T21:00:00-07:00,o3,ppm,0.0
288,2026-01-16T22:00:00-07:00,o3,ppm,0.0
288,2026-01-16T23:00:00-07:00,o3,ppm,0.0
288,2026-01-17T00:00:00-07:00,o3,ppm,0.0
288,2026-01-17T01:00:00-07:00,o3,ppm,0.0
288,2026-01-17T02:00:00-07:00,o3,ppm,0.0
288,2026-01-17T03:00:00-07:00,o3,ppm,0.0
288,2026-01-17T04:00:00-07:00,o3,ppm,0.0
288,2026-01-17T05:00:00-07:00,o3,ppm,0.0
288,2026-01-17T06:00:00-07:00,o3,ppm,0.0
288,2026-01-17T07:00:00-07:00,o3,ppm,0.0
288,2026-01-17T08:00:00-07:00,o3,ppm,0.0
288,2026-01-17T09:00:00-07:00,o3,ppm,0.001
288,2026-01-17T10:00:00-07:00,o3,ppm,0.005
288,2026-01-17T11:00:00-07:00,o3,ppm,0.01
288,2026-01-17T12:00:00-07:00,o3,ppm,0.018
288,2026-01-17T13:00:00-07:00,o3,ppm,0.021
288,2026-01-17T14:00:00-07:00,o3,ppm,0.025
288,2026-01-17T15:00:00-07:00,o3,ppm,0.027
288,2026-01-17T16:00:00-07:00,o3,ppm,0.029
288,2026-01-17T17:00:00-07:00,o3,ppm,0.036
288,2026-01-17T18:00:00-07:00,o3,ppm,0.024
288,2026-01-17T19:00:00-07:00,o3,ppm,0.005
288,2026-01-17T20:00:00-07:00,o3,ppm,0.002
288,2026-01-17T21:00:00-07:00,o3,ppm,0.001
288,2026-01-17T22:00:00-07:00,o3,ppm,0.008
288,2026-01-17T23:00:00-07:00,o3,ppm,0.001
288,2026-01-18T00:00:00-07:00,o3,ppm,0.0
288,2026-01-18T01:00:00-07:00,o3,ppm,0.0
288,2026-01-18T02:00:00-07:00,o3,ppm,0.0
288,2026-01-18T03:00:00-07:00,o3,ppm,0.0
288,2026-01-18T04:00:00-07:00,o3,ppm,0.0
288,2026-01-18T05:00:00-07:00,o3,ppm,0.0
288,2026-01-18T06:00:00-07:00,o3,ppm,0.0
288,2026-01-18T07:00:00-07:00,o3,ppm,0.0
288,2026-01-18T08:00:00-07:00,o3,ppm,0.0
288,2026-01-18T09:00:00-07:00,o3,ppm,0.002
288,2026-01-18T10:00:00-07:00,o3,ppm,0.01
288,2026-01-18T11:00:00-07:00,o3,ppm,0.02
288,2026-01-18T12:00:00-07:00,o3,ppm,0.025
288,2026-01-18T13:00:00-07:00,o3,ppm,0.028
288,2026-01-18T14:00:00-07:00,o3,ppm,0.029
288,2026-01-18T15:00:00-07:00,o3,ppm,0.032
288,2026-01-18T16:00:00-07:00,o3,ppm,0.031
288,2026-01-18T17:00:00-07:00,o3,ppm,0.026
288,2026-01-18T18:00:00-07:00,o3,ppm,0.022
288,2026-01-18T19:00:00-07:00,o3,ppm,0.014
288,2026-01-18T20:00:00-07:00,o3,ppm,0.01
288,2026-01-18T21:00:00-07:00,o3,ppm,0.0
288,2026-01-18T22:00:00-07:00,o3,ppm,0.0
288,2026-01-18T23:00:00-07:00,o3,ppm,0.0
288,2026-01-19T00:00:00-07:00,o3,ppm,0.0
288,2026-01-19T01:00:00-07:00,o3,ppm,0.0
288,2026-01-19T02:00:00-07:00,o3,ppm,0.0
288,2026-01-19T03:00:00-07:00,o3,ppm,0.0
288,2026-01-19T04:00:00-07:00,o3,ppm,0.0
288,2026-01-19T05:00:00-07:00,o3,ppm,0.0
288,2026-01-19T06:00:00-07:00,o3,ppm,0.0
288,2026-01-19T07:00:00-07:00,o3,ppm,0.0
288,2026-01-19T08:00:00-07:00,o3,ppm,0.0
288,2026-01-19T09:00:00-07:00,o3,ppm,0.001
288,2026-01-19T10:00:00-07:00,o3,ppm,0.007
288,2026-01-19T11:00:00-07:00,o3,ppm,0.018
288,2026-01-19T12:00:00-07:00,o3,ppm,0.021
288,2026-01-19T13:00:00-07:00,o3,ppm,0.023
288,2026-01-19T14:00:00-07:00,o3,ppm,0.025
288,2026-01-19T15:00:00-07:00,o3,ppm,0.026
288,2026-01-19T16:00:00-07:00,o3,ppm,0.03
288,2026-01-19T17:00:00-07:00,o3,ppm,0.029
288,2026-01-19T18:00:00-07:00,o3,ppm,0.02
288,2026-01-19T19:00:00-07:00,o3,ppm,0.004
288,2026-01-19T20:00:00-07:00,o3,ppm,0.0
288,2026-01-19T21:00:00-07:00,o3,ppm,0.001
288,2026-01-19T22:00:00-07:00,o3,ppm,0.001
288,2026-01-19T23:00:00-07:00,o3,ppm,0.0
288,2026-01-20T00:00:00-07:00,o3,ppm,0.001
288,2026-01-20T01:00:00-07:00,o3,ppm,0.001
288,2026-01-20T02:00:00-07:00,o3,ppm,0.0
288,2026-01-20T03:00:00-07:00,o3,ppm,0.0
288,2026-01-20T04:00:00-07:00,o3,ppm,0.0
288,2026-01-20T05:00:00-07:00,o3,ppm,0.001
288,2026-01-20T06:00:00-07:00,o3,ppm,0.0
288,2026-01-20T07:00:00-07:00,o3,ppm,0.0
288,2026-01-20T08:00:00-07:00,o3,ppm,0.0
288,2026-01-20T09:00:00-07:00,o3,ppm,0.002
288,2026-01-20T10:00:00-07:00,o3,ppm,0.011
288,2026-01-20T11:00:00-07:00,o3,ppm,0.016
288,2026-01-20T12:00:00-07:00,o3,ppm,0.021
288,2026-01-20T13:00:00-07:00,o3,ppm,0.024
288,2026-01-20T14:00:00-07:00,o3,ppm,0.028
288,2026-01-20T15:00:00-07:00,o3,ppm,0.031
288,2026-01-20T16:00:00-07:00,o3,ppm,0.026
288,2026-01-20T17:00:00-07:00,o3,ppm,0.026
288,2026-01-20T18:00:00-07:00,o3,ppm,0.012
288,2026-01-20T19:00:00-07:00,o3,ppm,0.001
288,2026-01-20T20:00:00-07:00,o3,ppm,0.0
288,2026-01-20T21:00:00-07:00,o3,ppm,0.0
288,2026-01-20T22:00:00-07:00,o3,ppm,0.0
288,2026-01-20T23:00:00-07:00,o3,ppm,0.0
288,2026-01-21T00:00:00-07:00,o3,ppm,0.0
288,2026-01-21T01:00:00-07:00,o3,ppm,0.0
288,2026-01-21T02:00:00-07:00,o3,ppm,0.0
288,2026-01-21T03:00:00-07:00,o3,ppm,0.0
288,2026-01-21T04:00:00-07:00,o3,ppm,0.001
288,2026-01-21T06:00:00-07:00,o3,ppm,0.0
288,2026-01-21T07:00:00-07:00,o3,ppm,0.0
288,2026-01-21T08:00:00-07:00,o3,ppm,0.0
288,2026-01-21T09:00:00-07:00,o3,ppm,0.002
288,2026-01-21T10:00:00-07:00,o3,ppm,0.007
288,2026-01-21T11:00:00-07:00,o3,ppm,0.013
288,2026-01-21T12:00:00-07:00,o3,ppm,0.015
288,2026-01-21T13:00:00-07:00,o3,ppm,0.023
288,2026-01-21T14:00:00-07:00,o3,ppm,0.032
288,2026-01-21T15:00:00-07:00,o3,ppm,0.031
288,2026-01-21T16:00:00-07:00,o3,ppm,0.025
288,2026-01-21T17:00:00-07:00,o3,ppm,0.019
288,2026-01-21T18:00:00-07:00,o3,ppm,0.013
288,2026-01-21T19:00:00-07:00,o3,ppm,0.009
288,2026-01-21T20:00:00-07:00,o3,ppm,0.0
288,2026-01-21T21:00:00-07:00,o3,ppm,0.0
288,2026-01-21T22:00:00-07:00,o3,ppm,0.0
288,2026-01-21T23:00:00-07:00,o3,ppm,0.0
288,2026-01-22T00:00:00-07:00,o3,ppm,0.0
288,2026-01-22T01:00:00-07:00,o3,ppm,0.001
288,2026-01-22T02:00:00-07:00,o3,ppm,0.001
288,2026-01-22T03:00:00-07:00,o3,ppm,0.0
288,2026-01-22T04:00:00-07:00,o3,ppm,0.0
288,2026-01-22T05:00:00-07:00,o3,ppm,0.001
288,2026-01-22T06:00:00-07:00,o3,ppm,0.0
288,2026-01-22T07:00:00-07:00,o3,ppm,0.0
288,2026-01-22T08:00:00-07:00,o3,ppm,0.0
288,2026-01-22T09:00:00-07:00,o3,ppm,0.002
288,2026-01-22T10:00:00-07:00,o3,ppm,0.008
288,2026-01-22T11:00:00-07:00,o3,ppm,0.01
288,2026-01-22T12:00:00-07:00,o3,ppm,0.011
288,2026-01-22T15:00:00-07:00,o3,ppm,0.014
288,2026-01-22T16:00:00-07:00,o3,ppm,0.017
288,2026-01-22T17:00:00-07:00,o3,ppm,0.013
288,2026-01-22T18:00:00-07:00,o3,ppm,0.004
288,2026-01-22T19:00:00-07:00,o3,ppm,0.0
288,2026-01-22T20:00:00-07:00,o3,ppm,0.0
288,2026-01-22T21:00:00-07:00,o3,ppm,0.0
288,2026-01-22T22:00:00-07:00,o3,ppm,0.0
288,2026-01-22T23:00:00-07:00,o3,ppm,0.0
288,2026-01-23T00:00:00-07:00,o3,ppm,0.0
288,2026-01-23T01:00:00-07:00,o3,ppm,0.0
288,2026-01-23T02:00:00-07:00,o3,ppm,0.001
288,2026-01-23T03:00:00-07:00,o3,ppm,0.0
288,2026-01-23T04:00:00-07:00,o3,ppm,0.001
288,2026-01-23T05:00:00-07:00,o3,ppm,0.0
288,2026-01-23T06:00:00-07:00,o3,ppm,0.001
288,2026-01-23T07:00:00-07:00,o3,ppm,0.001
288,2026-01-23T08:00:00-07:00,o3,ppm,0.001
288,2026-01-23T09:00:00-07:00,o3,ppm,0.001
288,2026-01-23T10:00:00-07:00,o3,ppm,0.004
288,2026-01-23T11:00:00-07:00,o3,ppm,0.006
288,2026-01-23T12:00:00-07:00,o3,ppm,0.007
288,2026-01-23T13:00:00-07:00,o3,ppm,0.008
288,2026-01-23T14:00:00-07:00,o3,ppm,0.007
288,2026-01-23T15:00:00-07:00,o3,ppm,0.012
288,2026-01-23T16:00:00-07:00,o3,ppm,0.017
288,2026-01-23T17:00:00-07:00,o3,ppm,0.012
288,2026-01-23T18:00:00-07:00,o3,ppm,0.021
288,2026-01-23T19:00:00-07:00,o3,ppm,0.018
288,2026-01-23T20:00:00-07:00,o3,ppm,0.014
288,2026-01-23T21:00:00-07:00,o3,ppm,0.012
288,2026-01-23T22:00:00-07:00,o3,ppm,0.021
288,2026-01-23T23:00:00-07:00,o3,ppm,0.014
288,2026-01-24T00:00:00-07:00,o3,ppm,0.008
288,2026-01-24T01:00:00-07:00,o3,ppm,0.002
288,2026-01-24T02:00:00-07:00,o3,ppm,0.009
288,2026-01-24T03:00:00-07:00,o3,ppm,0.005
288,2026-01-24T04:00:00-07:00,o3,ppm,0.001
288,2026-01-24T05:00:00-07:00,o3,ppm,0.0
288,2026-01-24T06:00:00-07:00,o3,ppm,0.0
288,2026-01-24T07:00:00-07:00,o3,ppm,0.004
288,2026-01-24T08:00:00-07:00,o3,ppm,0.001
288,2026-01-24T09:00:00-07:00,o3,ppm,0.004
288,2026-01-24T10:00:00-07:00,o3,ppm,0.015
288,2026-01-24T11:00:00-07:00,o3,ppm,0.02
288,2026-01-24T12:00:00-07:00,o3,ppm,0.023
288,2026-01-24T13:00:00-07:00,o3,ppm,0.028
288,2026-01-24T14:00:00-07:00,o3,ppm,0.032
288,2026-01-24T15:00:00-07:00,o3,ppm,0.036
288,2026-01-24T16:00:00-07:00,o3,ppm,0.037
288,2026-01-24T17:00:00-07:00,o3,ppm,0.036
288,2026-01-24T18:00:00-07:00,o3,ppm,0.032
288,2026-01-24T19:00:00-07:00,o3,ppm,0.026
288,2026-01-24T20:00:00-07:00,o3,ppm,0.021
288,2026-01-24T21:00:00-07:00,o3,ppm,0.009
288,2026-01-24T22:00:00-07:00,o3,ppm,0.021
288,2026-01-24T23:00:00-07:00,o3,ppm,0.022
288,2026-01-25T00:00:00-07:00,o3,ppm,0.022
288,2026-01-25T01:00:00-07:00,o3,ppm,0.019
288,2026-01-25T02:00:00-07:00,o3,ppm,0.011
288,2026-01-25T03:00:00-07:00,o3,ppm,0.006
288,2026-01-25T04:00:00-07:00,o3,ppm,0.004
288,2026-01-25T05:00:00-07:00,o3,ppm,0.005
288,2026-01-25T06:00:00-07:00,o3,ppm,0.003
288,2026-01-25T07:00:00-07:00,o3,ppm,0.001
288,2026-01-25T08:00:00-07:00,o3,ppm,0.0
288,2026-01-25T09:00:00-07:00,o3,ppm,0.002
288,2026-01-25T10:00:00-07:00,o3,ppm,0.007
288,2026-01-25T11:00:00-07:00,o3,ppm,0.018
288,2026-01-25T12:00:00-07:00,o3,ppm,0.022
288,2026-01-25T13:00:00-07:00,o3,ppm,0.032
288,2026-01-25T14:00:00-07:00,o3,ppm,0.037
288,2026-01-25T15:00:00-07:00,o3,ppm,0.041
288,2026-01-25T16:00:00-07:00,o3,ppm,0.041
288,2026-01-25T17:00:00-07:00,o3,ppm,0.04
288,2026-01-25T18:00:00-07:00,o3,ppm,0.035
288,2026-01-25T19:00:00-07:00,o3,ppm,0.01
288,2026-01-25T20:00:00-07:00,o3,ppm,0.013
288,2026-01-25T21:00:00-07:00,o3,ppm,0.025
288,2026-01-25T22:00:00-07:00,o3,ppm,0.018
288,2026-01-25T23:00:00-07:00,o3,ppm,0.033
288,2026-01-26T00:00:00-07:00,o3,ppm,0.026
288,2026-01-26T01:00:00-07:00,o3,ppm,0.013
288,2026-01-26T02:00:00-07:00,o3,ppm,0.011
288,2026-01-26T03:00:00-07:00,o3,ppm,0.014
288,2026-01-26T04:00:00-07:00,o3,ppm,0.011
288,2026-01-26T05:00:00-07:00,o3,ppm,0.003
288,2026-01-26T06:00:00-07:00,o3,ppm,0.0
288,2026-01-26T07:00:00-07:00,o3,ppm,0.0
288,2026-01-26T08:00:00-07:00,o3,ppm,0.0
288,2026-01-26T09:00:00-07:00,o3,ppm,0.003
288,2026-01-26T10:00:00-07:00,o3,ppm,0.019
288,2026-01-26T11:00:00-07:00,o3,ppm,0.028
288,2026-01-26T12:00:00-07:00,o3,ppm,0.03
288,2026-01-26T13:00:00-07:00,o3,ppm,0.033
288,2026-01-26T14:00:00-07:00,o3,ppm,0.037
288,2026-01-26T15:00:00-07:00,o3,ppm,0.041
288,2026-01-26T16:00:00-07:00,o3,ppm,0.04
288,2026-01-26T17:00:00-07:00,o3,ppm,0.038
288,2026-01-26T18:00:00-07:00,o3,ppm,0.029
288,2026-01-26T19:00:00-07:00,o3,ppm,0.012
288,2026-01-26T20:00:00-07:00,o3,ppm,0.002
288,2026-01-26T21:00:00-07:00,o3,ppm,0.0
288,2026-01-26T22:00:00-07:00,o3,ppm,0.0
288,2026-01-26T23:00:00-07:00,o3,ppm,0.0
288,2026-01-27T00:00:00-07:00,o3,ppm,0.0
288,2026-01-27T01:00:00-07:00,o3,ppm,0.0
288,2026-01-27T02:00:00-07:00,o3,ppm,0.0
288,2026-01-27T03:00:00-07:00,o3,ppm,0.0
288,2026-01-27T04:00:00-07:00,o3,ppm,0.0
288,2026-01-27T05:00:00-07:00,o3,ppm,0.0
288,2026-01-27T06:00:00-07:00,o3,ppm,0.0
288,2026-01-27T07:00:00-07:00,o3,ppm,0.001
288,2026-01-27T08:00:00-07:00,o3,ppm,0.001
288,2026-01-27T09:00:00-07:00,o3,ppm,0.002
288,2026-01-27T10:00:00-07:00,o3,ppm,0.012
288,2026-01-27T11:00:00-07:00,o3,ppm,0.021
288,2026-01-27T12:00:00-07:00,o3,ppm,0.022
288,2026-01-27T13:00:00-07:00,o3,ppm,0.02
288,2026-01-27T14:00:00-07:00,o3,ppm,0.03
288,2026-01-27T15:00:00-07:00,o3,ppm,0.031
288,2026-01-27T16:00:00-07:00,o3,ppm,0.03
288,2026-01-27T17:00:00-07:00,o3,ppm,0.019
288,2026-01-27T18:00:00-07:00,o3,ppm,0.01
288,2026-01-27T19:00:00-07:00,o3,ppm,0.012
288,2026-01-27T20:00:00-07:00,o3,ppm,0.003
288,2026-01-27T21:00:00-07:00,o3,ppm,0.0
288,2026-01-27T22:00:00-07:00,o3,ppm,0.001
288,2026-01-27T23:00:00-07:00,o3,ppm,0.001
288,2026-01-28T00:00:00-07:00,o3,ppm,0.0
288,2026-01-28T01:00:00-07:00,o3,ppm,0.0
288,2026-01-28T02:00:00-07:00,o3,ppm,0.0
288,2026-01-28T03:00:00-07:00,o3,ppm,0.0
288,2026-01-28T04:00:00-07:00,o3,ppm,0.0
288,2026-01-28T06:00:00-07:00,o3,ppm,0.0
288,2026-01-28T07:00:00-07:00,o3,ppm,0.0
288,2026-01-28T08:00:00-07:00,o3,ppm,0.0
288,2026-01-28T09:00:00-07:00,o3,ppm,0.001
288,2026-01-28T10:00:00-07:00,o3,ppm,0.002
288,2026-01-28T11:00:00-07:00,o3,ppm,0.002
288,2026-01-28T12:00:00-07:00,o3,ppm,0.01
288,2026-01-28T13:00:00-07:00,o3,ppm,0.009
288,2026-01-28T14:00:00-07:00,o3,ppm,0.012
288,2026-01-28T15:00:00-07:00,o3,ppm,0.032
288,2026-01-28T16:00:00-07:00,o3,ppm,0.026
288,2026-01-28T17:00:00-07:00,o3,ppm,0.019
288,2026-01-28T18:00:00-07:00,o3,ppm,0.016
288,2026-01-28T19:00:00-07:00,o3,ppm,0.022
288,2026-01-28T20:00:00-07:00,o3,ppm,0.018
288,2026-01-28T21:00:00-07:00,o3,ppm,0.016
288,2026-01-28T22:00:00-07:00,o3,ppm,0.004
288,2026-01-28T23:00:00-07:00,o3,ppm,0.0
288,2026-01-29T00:00:00-07:00,o3,ppm,0.0
288,2026-01-29T01:00:00-07:00,o3,ppm,0.0
288,2026-01-29T02:00:00-07:00,o3,ppm,0.002
288,2026-01-29T03:00:00-07:00,o3,ppm,0.0
288,2026-01-29T04:00:00-07:00,o3,ppm,0.0
288,2026-01-29T05:00:00-07:00,o3,ppm,0.0
288,2026-01-29T06:00:00-07:00,o3,ppm,0.0
288,2026-01-29T07:00:00-07:00,o3,ppm,0.0
288,2026-01-29T08:00:00-07:00,o3,ppm,0.0
288,2026-01-29T09:00:00-07:00,o3,ppm,0.002
288,2026-01-29T10:00:00-07:00,o3,ppm,0.005
288,2026-01-29T11:00:00-07:00,o3,ppm,0.009
288,2026-01-29T12:00:00-07:00,o3,ppm,0.016
288,2026-01-29T13:00:00-07:00,o3,ppm,0.025
288,2026-01-29T14:00:00-07:00,o3,ppm,0.025
288,2026-01-29T15:00:00-07:00,o3,ppm,0.026
288,2026-01-29T16:00:00-07:00,o3,ppm,0.035
288,2026-01-29T17:00:00-07:00,o3,ppm,0.026
288,2026-01-29T18:00:00-07:00,o3,ppm,0.02
288,2026-01-29T19:00:00-07:00,o3,ppm,0.013
288,2026-01-29T20:00:00-07:00,o3,ppm,0.009
288,2026-01-29T21:00:00-07:00,o3,ppm,0.011
288,2026-01-29T22:00:00-07:00,o3,ppm,0.005
288,2026-01-29T23:00:00-07:00,o3,ppm,
288,2026-01-30T00:00:00-07:00,o3,ppm,
288,2026-01-30T01:00:00-07:00,o3,ppm,
288,2026-01-30T02:00:00-07:00,o3,ppm,
288,2026-01-30T03:00:00-07:00,o3,ppm,
288,2026-01-30T04:00:00-07:00,o3,ppm,0.0
288,2026-01-30T05:00:00-07:00,o3,ppm,0.0
288,2026-01-30T06:00:00-07:00,o3,ppm,0.0
288,2026-01-30T07:00:00-07:00,o3,ppm,0.0
288,2026-01-30T08:00:00-07:00,o3,ppm,0.0
288,2026-01-30T09:00:00-07:00,o3,ppm,0.001
288,2026-01-30T10:00:00-07:00,o3,ppm,0.005
288,2026-01-30T11:00:00-07:00,o3,ppm,0.014
288,2026-01-30T12:00:00-07:00,o3,ppm,0.016
288,2026-01-30T13:00:00-07:00,o3,ppm,0.028
288,2026-01-30T14:00:00-07:00,o3,ppm,0.029
288,2026-01-30T15:00:00-07:00,o3,ppm,0.025
288,2026-01-30T16:00:00-07:00,o3,ppm,0.027
288,2026-01-30T17:00:00-07:00,o3,ppm,0.02
288,2026-01-30T18:00:00-07:00,o3,ppm,0.007
288,2026-01-30T19:00:00-07:00,o3,ppm,0.0
288,2026-01-30T20:00:00-07:00,o3,ppm,0.0
288,2026-01-30T21:00:00-07:00,o3,ppm,0.0
288,2026-01-30T22:00:00-07:00,o3,ppm,0.0
288,2026-01-30T23:00:00-07:00,o3,ppm,0.0
288,2026-01-31T00:00:00-07:00,o3,ppm,0.0
288,2026-01-31T01:00:00-07:00,o3,ppm,0.0
288,2026-01-31T02:00:00-07:00,o3,ppm,0.001
288,2026-01-31T03:00:00-07:00,o3,ppm,0.0
288,2026-01-31T04:00:00-07:00,o3,ppm,0.0
288,2026-01-31T05:00:00-07:00,o3,ppm,0.0
288,2026-01-31T06:00:00-07:00,o3,ppm,0.0
288,2026-01-31T07:00:00-07:00,o3,ppm,0.0
288,2026-01-31T08:00:00-07:00,o3,ppm,0.0
288,2026-01-31T09:00:00-07:00,o3,ppm,0.001
288,2026-01-31T10:00:00-07:00,o3,ppm,0.016
288,2026-01-31T11:00:00-07:00,o3,ppm,0.027
288,2026-01-31T12:00:00-07:00,o3,ppm,0.03
288,2026-01-31T13:00:00-07:00,o3,ppm,0.028
288,2026-01-31T14:00:00-07:00,o3,ppm,0.031
288,2026-01-31T15:00:00-07:00,o3,ppm,0.032
288,2026-01-31T16:00:00-07:00,o3,ppm,0.027
288,2026-01-31T17:00:00-07:00,o3,ppm,0.029
288,2026-01-31T18:00:00-07:00,o3,ppm,0.021
288,2026-01-31T19:00:00-07:00,o3,ppm,0.009
288,2026-01-31T20:00:00-07:00,o3,ppm,0.0
288,2026-01-31T21:00:00-07:00,o3,ppm,0.0
288,2026-01-31T22:00:00-07:00,o3,ppm,0.0
288,2026-01-31T23:00:00-07:00,o3,ppm,0.0
288,2026-02-01T00:00:00-07:00,o3,ppm,0.0
station_id,timestamp,parameter,unit,value
288,2026-01-01T01:00:00-07:00,pm25,µg/m³,34.3
288,2026-01-01T02:00:00-07:00,pm25,µg/m³,34.9
288,2026-01-01T03:00:00-07:00,pm25,µg/m³,40.5
288,2026-01-01T04:00:00-07:00,pm25,µg/m³,40.9
288,2026-01-01T05:00:00-07:00,pm25,µg/m³,41.3
288,2026-01-01T06:00:00-07:00,pm25,µg/m³,40.9
288,2026-01-01T07:00:00-07:00,pm25,µg/m³,40.8
288,2026-01-01T08:00:00-07:00,pm25,µg/m³,38.8
288,2026-01-01T09:00:00-07:00,pm25,µg/m³,39.1
288,2026-01-01T10:00:00-07:00,pm25,µg/m³,34.4
288,2026-01-01T11:00:00-07:00,pm25,µg/m³,26.0
288,2026-01-01T12:00:00-07:00,pm25,µg/m³,25.7
288,2026-01-01T13:00:00-07:00,pm25,µg/m³,32.0
288,2026-01-01T14:00:00-07:00,pm25,µg/m³,30.4
288,2026-01-01T15:00:00-07:00,pm25,µg/m³,28.7
288,2026-01-01T16:00:00-07:00,pm25,µg/m³,26.8
288,2026-01-01T17:00:00-07:00,pm25,µg/m³,27.5
288,2026-01-01T18:00:00-07:00,pm25,µg/m³,26.0
288,2026-01-01T19:00:00-07:00,pm25,µg/m³,24.8
288,2026-01-01T20:00:00-07:00,pm25,µg/m³,26.1
288,2026-01-01T21:00:00-07:00,pm25,µg/m³,28.7
288,2026-01-01T22:00:00-07:00,pm25,µg/m³,28.4
288,2026-01-01T23:00:00-07:00,pm25,µg/m³,26.5
288,2026-01-02T00:00:00-07:00,pm25,µg/m³,21.9
288,2026-01-02T01:00:00-07:00,pm25,µg/m³,19.6
288,2026-01-02T02:00:00-07:00,pm25,µg/m³,17.3
288,2026-01-02T03:00:00-07:00,pm25,µg/m³,17.8
288,2026-01-02T04:00:00-07:00,pm25,µg/m³,15.6
288,2026-01-02T05:00:00-07:00,pm25,µg/m³,17.5
288,2026-01-02T06:00:00-07:00,pm25,µg/m³,15.5
288,2026-01-02T07:00:00-07:00,pm25,µg/m³,11.4
288,2026-01-02T08:00:00-07:00,pm25,µg/m³,10.0
288,2026-01-02T09:00:00-07:00,pm25,µg/m³,10.6
288,2026-01-02T10:00:00-07:00,pm25,µg/m³,8.2
288,2026-01-02T11:00:00-07:00,pm25,µg/m³,1.4
288,2026-01-02T12:00:00-07:00,pm25,µg/m³,0.4
288,2026-01-02T13:00:00-07:00,pm25,µg/m³,0.3
288,2026-01-02T14:00:00-07:00,pm25,µg/m³,0.5
288,2026-01-02T15:00:00-07:00,pm25,µg/m³,0.6
288,2026-01-02T16:00:00-07:00,pm25,µg/m³,0.9
288,2026-01-02T17:00:00-07:00,pm25,µg/m³,2.4
288,2026-01-02T18:00:00-07:00,pm25,µg/m³,3.6
288,2026-01-02T19:00:00-07:00,pm25,µg/m³,4.0
288,2026-01-02T20:00:00-07:00,pm25,µg/m³,4.6
288,2026-01-02T21:00:00-07:00,pm25,µg/m³,3.6
288,2026-01-02T22:00:00-07:00,pm25,µg/m³,3.3
288,2026-01-02T23:00:00-07:00,pm25,µg/m³,2.2
288,2026-01-03T00:00:00-07:00,pm25,µg/m³,2.6
288,2026-01-03T01:00:00-07:00,pm25,µg/m³,1.9
288,2026-01-03T02:00:00-07:00,pm25,µg/m³,1.9
288,2026-01-03T03:00:00-07:00,pm25,µg/m³,1.2
288,2026-01-03T04:00:00-07:00,pm25,µg/m³,1.1
288,2026-01-03T05:00:00-07:00,pm25,µg/m³,0.8
288,2026-01-03T06:00:00-07:00,pm25,µg/m³,1.0
288,2026-01-03T07:00:00-07:00,pm25,µg/m³,0.7
288,2026-01-03T08:00:00-07:00,pm25,µg/m³,0.5
288,2026-01-03T09:00:00-07:00,pm25,µg/m³,0.8
288,2026-01-03T10:00:00-07:00,pm25,µg/m³,1.0
288,2026-01-03T11:00:00-07:00,pm25,µg/m³,1.6
288,2026-01-03T12:00:00-07:00,pm25,µg/m³,1.5
288,2026-01-03T13:00:00-07:00,pm25,µg/m³,1.1
288,2026-01-03T14:00:00-07:00,pm25,µg/m³,0.9
288,2026-01-03T15:00:00-07:00,pm25,µg/m³,1.1
288,2026-01-03T16:00:00-07:00,pm25,µg/m³,1.1
288,2026-01-03T17:00:00-07:00,pm25,µg/m³,1.1
288,2026-01-03T18:00:00-07:00,pm25,µg/m³,1.1
288,2026-01-03T19:00:00-07:00,pm25,µg/m³,1.1
288,2026-01-03T20:00:00-07:00,pm25,µg/m³,0.9
288,2026-01-03T21:00:00-07:00,pm25,µg/m³,0.8
288,2026-01-03T22:00:00-07:00,pm25,µg/m³,0.7
288,2026-01-03T23:00:00-07:00,pm25,µg/m³,0.6
288,2026-01-04T00:00:00-07:00,pm25,µg/m³,0.5
288,2026-01-04T01:00:00-07:00,pm25,µg/m³,0.5
288,2026-01-04T02:00:00-07:00,pm25,µg/m³,0.6
288,2026-01-04T03:00:00-07:00,pm25,µg/m³,0.5
288,2026-01-04T04:00:00-07:00,pm25,µg/m³,0.4
288,2026-01-04T05:00:00-07:00,pm25,µg/m³,0.4
288,2026-01-04T06:00:00-07:00,pm25,µg/m³,0.3
288,2026-01-04T07:00:00-07:00,pm25,µg/m³,0.4
288,2026-01-04T08:00:00-07:00,pm25,µg/m³,0.4
288,2026-01-04T09:00:00-07:00,pm25,µg/m³,0.6
288,2026-01-04T10:00:00-07:00,pm25,µg/m³,0.7
288,2026-01-04T11:00:00-07:00,pm25,µg/m³,0.7
288,2026-01-04T12:00:00-07:00,pm25,µg/m³,0.7
288,2026-01-04T13:00:00-07:00,pm25,µg/m³,0.7
288,2026-01-04T14:00:00-07:00,pm25,µg/m³,0.8
288,2026-01-04T15:00:00-07:00,pm25,µg/m³,0.7
288,2026-01-04T16:00:00-07:00,pm25,µg/m³,0.7
288,2026-01-04T17:00:00-07:00,pm25,µg/m³,0.9
288,2026-01-04T18:00:00-07:00,pm25,µg/m³,0.7
288,2026-01-04T19:00:00-07:00,pm25,µg/m³,0.7
288,2026-01-04T20:00:00-07:00,pm25,µg/m³,0.9
288,2026-01-04T21:00:00-07:00,pm25,µg/m³,2.0
288,2026-01-04T22:00:00-07:00,pm25,µg/m³,1.3
288,2026-01-04T23:00:00-07:00,pm25,µg/m³,1.3
288,2026-01-05T00:00:00-07:00,pm25,µg/m³,1.2
288,2026-01-05T01:00:00-07:00,pm25,µg/m³,0.5
288,2026-01-05T02:00:00-07:00,pm25,µg/m³,0.5
288,2026-01-05T03:00:00-07:00,pm25,µg/m³,0.4
288,2026-01-05T04:00:00-07:00,pm25,µg/m³,0.3
288,2026-01-05T05:00:00-07:00,pm25,µg/m³,0.3
288,2026-01-05T06:00:00-07:00,pm25,µg/m³,0.7
288,2026-01-05T07:00:00-07:00,pm25,µg/m³,0.8
288,2026-01-05T08:00:00-07:00,pm25,µg/m³,1.2
288,2026-01-05T09:00:00-07:00,pm25,µg/m³,1.4
288,2026-01-05T10:00:00-07:00,pm25,µg/m³,1.0
288,2026-01-05T11:00:00-07:00,pm25,µg/m³,0.9
288,2026-01-05T12:00:00-07:00,pm25,µg/m³,0.9
288,2026-01-05T13:00:00-07:00,pm25,µg/m³,1.1
288,2026-01-05T14:00:00-07:00,pm25,µg/m³,0.9
288,2026-01-05T15:00:00-07:00,pm25,µg/m³,0.7
288,2026-01-05T16:00:00-07:00,pm25,µg/m³,1.0
288,2026-01-05T17:00:00-07:00,pm25,µg/m³,1.3
288,2026-01-05T18:00:00-07:00,pm25,µg/m³,1.7
288,2026-01-05T19:00:00-07:00,pm25,µg/m³,3.9
288,2026-01-05T20:00:00-07:00,pm25,µg/m³,2.8
288,2026-01-05T21:00:00-07:00,pm25,µg/m³,2.9
288,2026-01-05T22:00:00-07:00,pm25,µg/m³,3.9
288,2026-01-05T23:00:00-07:00,pm25,µg/m³,3.0
288,2026-01-06T00:00:00-07:00,pm25,µg/m³,6.4
288,2026-01-06T01:00:00-07:00,pm25,µg/m³,4.6
288,2026-01-06T02:00:00-07:00,pm25,µg/m³,3.5
288,2026-01-06T03:00:00-07:00,pm25,µg/m³,3.6
288,2026-01-06T04:00:00-07:00,pm25,µg/m³,3.8
288,2026-01-06T05:00:00-07:00,pm25,µg/m³,4.1
288,2026-01-06T06:00:00-07:00,pm25,µg/m³,3.1
288,2026-01-06T07:00:00-07:00,pm25,µg/m³,2.7
288,2026-01-06T08:00:00-07:00,pm25,µg/m³,4.1
288,2026-01-06T09:00:00-07:00,pm25,µg/m³,6.9
288,2026-01-06T10:00:00-07:00,pm25,µg/m³,6.1
288,2026-01-06T11:00:00-07:00,pm25,µg/m³,6.1
288,2026-01-06T12:00:00-07:00,pm25,µg/m³,5.2
288,2026-01-06T13:00:00-07:00,pm25,µg/m³,3.2
288,2026-01-06T14:00:00-07:00,pm25,µg/m³,2.7
288,2026-01-06T15:00:00-07:00,pm25,µg/m³,2.9
288,2026-01-06T16:00:00-07:00,pm25,µg/m³,2.6
288,2026-01-06T17:00:00-07:00,pm25,µg/m³,2.6
288,2026-01-06T18:00:00-07:00,pm25,µg/m³,3.2
288,2026-01-06T19:00:00-07:00,pm25,µg/m³,5.2
288,2026-01-06T20:00:00-07:00,pm25,µg/m³,12.6
288,2026-01-06T21:00:00-07:00,pm25,µg/m³,7.7
288,2026-01-06T22:00:00-07:00,pm25,µg/m³,8.7
288,2026-01-06T23:00:00-07:00,pm25,µg/m³,5.7
288,2026-01-07T00:00:00-07:00,pm25,µg/m³,2.9
288,2026-01-07T01:00:00-07:00,pm25,µg/m³,3.1
288,2026-01-07T02:00:00-07:00,pm25,µg/m³,2.7
288,2026-01-07T03:00:00-07:00,pm25,µg/m³,3.5
288,2026-01-07T04:00:00-07:00,pm25,µg/m³,2.9
288,2026-01-07T05:00:00-07:00,pm25,µg/m³,2.1
288,2026-01-07T06:00:00-07:00,pm25,µg/m³,2.6
288,2026-01-07T07:00:00-07:00,pm25,µg/m³,3.2
288,2026-01-07T08:00:00-07:00,pm25,µg/m³,4.0
288,2026-01-07T09:00:00-07:00,pm25,µg/m³,4.9
288,2026-01-07T10:00:00-07:00,pm25,µg/m³,4.4
288,2026-01-07T11:00:00-07:00,pm25,µg/m³,3.5
288,2026-01-07T12:00:00-07:00,pm25,µg/m³,1.8
288,2026-01-07T13:00:00-07:00,pm25,µg/m³,1.8
288,2026-01-07T14:00:00-07:00,pm25,µg/m³,1.7
288,2026-01-07T15:00:00-07:00,pm25,µg/m³,2.5
288,2026-01-07T16:00:00-07:00,pm25,µg/m³,3.5
288,2026-01-07T17:00:00-07:00,pm25,µg/m³,3.7
288,2026-01-07T18:00:00-07:00,pm25,µg/m³,4.2
288,2026-01-07T19:00:00-07:00,pm25,µg/m³,3.1
288,2026-01-07T20:00:00-07:00,pm25,µg/m³,3.3
288,2026-01-07T21:00:00-07:00,pm25,µg/m³,4.5
288,2026-01-07T22:00:00-07:00,pm25,µg/m³,6.5
288,2026-01-07T23:00:00-07:00,pm25,µg/m³,6.6
288,2026-01-08T00:00:00-07:00,pm25,µg/m³,5.6
288,2026-01-08T01:00:00-07:00,pm25,µg/m³,4.8
288,2026-01-08T02:00:00-07:00,pm25,µg/m³,4.3
288,2026-01-08T03:00:00-07:00,pm25,µg/m³,1.1
288,2026-01-08T04:00:00-07:00,pm25,µg/m³,0.3
288,2026-01-08T05:00:00-07:00,pm25,µg/m³,0.6
288,2026-01-08T06:00:00-07:00,pm25,µg/m³,1.2
288,2026-01-08T07:00:00-07:00,pm25,µg/m³,1.9
288,2026-01-08T08:00:00-07:00,pm25,µg/m³,2.2
288,2026-01-08T09:00:00-07:00,pm25,µg/m³,2.8
288,2026-01-08T10:00:00-07:00,pm25,µg/m³,4.2
288,2026-01-08T11:00:00-07:00,pm25,µg/m³,3.3
288,2026-01-08T12:00:00-07:00,pm25,µg/m³,2.0
288,2026-01-08T13:00:00-07:00,pm25,µg/m³,1.8
288,2026-01-08T14:00:00-07:00,pm25,µg/m³,1.8
288,2026-01-08T15:00:00-07:00,pm25,µg/m³,2.3
288,2026-01-08T16:00:00-07:00,pm25,µg/m³,2.9
288,2026-01-08T17:00:00-07:00,pm25,µg/m³,1.3
288,2026-01-08T18:00:00-07:00,pm25,µg/m³,3.5
288,2026-01-08T19:00:00-07:00,pm25,µg/m³,2.1
288,2026-01-08T20:00:00-07:00,pm25,µg/m³,2.9
288,2026-01-08T21:00:00-07:00,pm25,µg/m³,3.2
288,2026-01-08T22:00:00-07:00,pm25,µg/m³,1.7
288,2026-01-08T23:00:00-07:00,pm25,µg/m³,2.3
288,2026-01-09T00:00:00-07:00,pm25,µg/m³,1.7
288,2026-01-09T01:00:00-07:00,pm25,µg/m³,1.1
288,2026-01-09T02:00:00-07:00,pm25,µg/m³,1.1
288,2026-01-09T03:00:00-07:00,pm25,µg/m³,1.0
288,2026-01-09T04:00:00-07:00,pm25,µg/m³,1.0
288,2026-01-09T05:00:00-07:00,pm25,µg/m³,1.0
288,2026-01-09T06:00:00-07:00,pm25,µg/m³,1.2
288,2026-01-09T07:00:00-07:00,pm25,µg/m³,1.5
288,2026-01-09T08:00:00-07:00,pm25,µg/m³,2.2
288,2026-01-09T09:00:00-07:00,pm25,µg/m³,2.3
288,2026-01-09T10:00:00-07:00,pm25,µg/m³,2.2
288,2026-01-09T11:00:00-07:00,pm25,µg/m³,4.0
288,2026-01-09T12:00:00-07:00,pm25,µg/m³,3.9
288,2026-01-09T13:00:00-07:00,pm25,µg/m³,2.4
288,2026-01-09T14:00:00-07:00,pm25,µg/m³,2.2
288,2026-01-09T15:00:00-07:00,pm25,µg/m³,3.0
288,2026-01-09T16:00:00-07:00,pm25,µg/m³,3.3
288,2026-01-09T17:00:00-07:00,pm25,µg/m³,3.9
288,2026-01-09T18:00:00-07:00,pm25,µg/m³,3.9
288,2026-01-09T19:00:00-07:00,pm25,µg/m³,6.3
288,2026-01-09T20:00:00-07:00,pm25,µg/m³,9.0
288,2026-01-09T21:00:00-07:00,pm25,µg/m³,6.1
288,2026-01-09T22:00:00-07:00,pm25,µg/m³,5.3
288,2026-01-09T23:00:00-07:00,pm25,µg/m³,4.0
288,2026-01-10T00:00:00-07:00,pm25,µg/m³,3.3
288,2026-01-10T01:00:00-07:00,pm25,µg/m³,3.2
288,2026-01-10T02:00:00-07:00,pm25,µg/m³,3.4
288,2026-01-10T03:00:00-07:00,pm25,µg/m³,3.6
288,2026-01-10T04:00:00-07:00,pm25,µg/m³,4.0
288,2026-01-10T05:00:00-07:00,pm25,µg/m³,3.8
288,2026-01-10T06:00:00-07:00,pm25,µg/m³,4.4
288,2026-01-10T07:00:00-07:00,pm25,µg/m³,5.0
288,2026-01-10T08:00:00-07:00,pm25,µg/m³,5.2
288,2026-01-10T09:00:00-07:00,pm25,µg/m³,5.2
288,2026-01-10T10:00:00-07:00,pm25,µg/m³,6.7
288,2026-01-10T11:00:00-07:00,pm25,µg/m³,8.7
288,2026-01-10T12:00:00-07:00,pm25,µg/m³,9.9
288,2026-01-10T13:00:00-07:00,pm25,µg/m³,10.0
288,2026-01-10T14:00:00-07:00,pm25,µg/m³,8.2
288,2026-01-10T15:00:00-07:00,pm25,µg/m³,6.5
288,2026-01-10T16:00:00-07:00,pm25,µg/m³,6.3
288,2026-01-10T17:00:00-07:00,pm25,µg/m³,4.6
288,2026-01-10T18:00:00-07:00,pm25,µg/m³,4.1
288,2026-01-10T19:00:00-07:00,pm25,µg/m³,5.7
288,2026-01-10T20:00:00-07:00,pm25,µg/m³,7.1
288,2026-01-10T21:00:00-07:00,pm25,µg/m³,10.7
288,2026-01-10T22:00:00-07:00,pm25,µg/m³,7.6
288,2026-01-10T23:00:00-07:00,pm25,µg/m³,9.4
288,2026-01-11T00:00:00-07:00,pm25,µg/m³,14.0
288,2026-01-11T01:00:00-07:00,pm25,µg/m³,12.7
288,2026-01-11T02:00:00-07:00,pm25,µg/m³,12.3
288,2026-01-11T03:00:00-07:00,pm25,µg/m³,12.8
288,2026-01-11T04:00:00-07:00,pm25,µg/m³,12.8
288,2026-01-11T05:00:00-07:00,pm25,µg/m³,12.1
288,2026-01-11T06:00:00-07:00,pm25,µg/m³,12.9
288,2026-01-11T07:00:00-07:00,pm25,µg/m³,13.8
288,2026-01-11T08:00:00-07:00,pm25,µg/m³,14.8
288,2026-01-11T09:00:00-07:00,pm25,µg/m³,15.6
288,2026-01-11T10:00:00-07:00,pm25,µg/m³,21.0
288,2026-01-11T11:00:00-07:00,pm25,µg/m³,21.3
288,2026-01-11T12:00:00-07:00,pm25,µg/m³,21.4
288,2026-01-11T13:00:00-07:00,pm25,µg/m³,21.2
288,2026-01-11T14:00:00-07:00,pm25,µg/m³,18.9
288,2026-01-11T15:00:00-07:00,pm25,µg/m³,17.7
288,2026-01-11T16:00:00-07:00,pm25,µg/m³,16.9
288,2026-01-11T17:00:00-07:00,pm25,µg/m³,15.0
288,2026-01-11T18:00:00-07:00,pm25,µg/m³,13.7
288,2026-01-11T19:00:00-07:00,pm25,µg/m³,13.3
288,2026-01-11T20:00:00-07:00,pm25,µg/m³,16.2
288,2026-01-11T21:00:00-07:00,pm25,µg/m³,17.2
288,2026-01-11T22:00:00-07:00,pm25,µg/m³,19.5
288,2026-01-11T23:00:00-07:00,pm25,µg/m³,18.9
288,2026-01-12T00:00:00-07:00,pm25,µg/m³,17.6
288,2026-01-12T01:00:00-07:00,pm25,µg/m³,17.1
288,2026-01-12T02:00:00-07:00,pm25,µg/m³,15.8
288,2026-01-12T03:00:00-07:00,pm25,µg/m³,14.2
288,2026-01-12T04:00:00-07:00,pm25,µg/m³,16.6
288,2026-01-12T05:00:00-07:00,pm25,µg/m³,16.9
288,2026-01-12T06:00:00-07:00,pm25,µg/m³,15.6
288,2026-01-12T07:00:00-07:00,pm25,µg/m³,13.7
288,2026-01-12T08:00:00-07:00,pm25,µg/m³,15.0
288,2026-01-12T09:00:00-07:00,pm25,µg/m³,18.1
288,2026-01-12T10:00:00-07:00,pm25,µg/m³,28.5
288,2026-01-12T11:00:00-07:00,pm25,µg/m³,32.8
288,2026-01-12T12:00:00-07:00,pm25,µg/m³,35.2
288,2026-01-12T14:00:00-07:00,pm25,µg/m³,44.7
288,2026-01-12T15:00:00-07:00,pm25,µg/m³,41.0
288,2026-01-12T16:00:00-07:00,pm25,µg/m³,36.4
288,2026-01-12T17:00:00-07:00,pm25,µg/m³,34.9
288,2026-01-12T18:00:00-07:00,pm25,µg/m³,32.7
288,2026-01-12T19:00:00-07:00,pm25,µg/m³,31.7
288,2026-01-12T20:00:00-07:00,pm25,µg/m³,33.3
288,2026-01-12T21:00:00-07:00,pm25,µg/m³,36.2
288,2026-01-12T22:00:00-07:00,pm25,µg/m³,33.6
288,2026-01-12T23:00:00-07:00,pm25,µg/m³,32.3
288,2026-01-13T00:00:00-07:00,pm25,µg/m³,31.5
288,2026-01-13T01:00:00-07:00,pm25,µg/m³,24.6
288,2026-01-13T02:00:00-07:00,pm25,µg/m³,23.3
288,2026-01-13T03:00:00-07:00,pm25,µg/m³,23.3
288,2026-01-13T04:00:00-07:00,pm25,µg/m³,22.4
288,2026-01-13T05:00:00-07:00,pm25,µg/m³,22.4
288,2026-01-13T06:00:00-07:00,pm25,µg/m³,18.6
288,2026-01-13T07:00:00-07:00,pm25,µg/m³,21.9
288,2026-01-13T08:00:00-07:00,pm25,µg/m³,22.5
288,2026-01-13T09:00:00-07:00,pm25,µg/m³,23.8
288,2026-01-13T10:00:00-07:00,pm25,µg/m³,32.7
288,2026-01-13T11:00:00-07:00,pm25,µg/m³,36.7
288,2026-01-13T12:00:00-07:00,pm25,µg/m³,39.7
288,2026-01-13T13:00:00-07:00,pm25,µg/m³,39.8
288,2026-01-13T14:00:00-07:00,pm25,µg/m³,41.2
288,2026-01-13T15:00:00-07:00,pm25,µg/m³,39.7
288,2026-01-13T16:00:00-07:00,pm25,µg/m³,35.8
288,2026-01-13T17:00:00-07:00,pm25,µg/m³,32.1
288,2026-01-13T18:00:00-07:00,pm25,µg/m³,30.6
288,2026-01-13T19:00:00-07:00,pm25,µg/m³,27.4
288,2026-01-13T20:00:00-07:00,pm25,µg/m³,27.3
288,2026-01-13T21:00:00-07:00,pm25,µg/m³,28.3
288,2026-01-13T22:00:00-07:00,pm25,µg/m³,29.1
288,2026-01-13T23:00:00-07:00,pm25,µg/m³,30.6
288,2026-01-14T00:00:00-07:00,pm25,µg/m³,30.0
288,2026-01-14T01:00:00-07:00,pm25,µg/m³,27.4
288,2026-01-14T02:00:00-07:00,pm25,µg/m³,25.0
288,2026-01-14T03:00:00-07:00,pm25,µg/m³,23.6
288,2026-01-14T04:00:00-07:00,pm25,µg/m³,23.7
288,2026-01-14T05:00:00-07:00,pm25,µg/m³,22.1
288,2026-01-14T06:00:00-07:00,pm25,µg/m³,24.0
288,2026-01-14T07:00:00-07:00,pm25,µg/m³,23.3
288,2026-01-14T08:00:00-07:00,pm25,µg/m³,23.1
288,2026-01-14T09:00:00-07:00,pm25,µg/m³,21.9
288,2026-01-14T10:00:00-07:00,pm25,µg/m³,35.5
288,2026-01-14T11:00:00-07:00,pm25,µg/m³,40.5
288,2026-01-14T12:00:00-07:00,pm25,µg/m³,39.4
288,2026-01-14T13:00:00-07:00,pm25,µg/m³,42.7
288,2026-01-14T14:00:00-07:00,pm25,µg/m³,43.2
288,2026-01-14T15:00:00-07:00,pm25,µg/m³,42.3
288,2026-01-14T16:00:00-07:00,pm25,µg/m³,40.0
288,2026-01-14T17:00:00-07:00,pm25,µg/m³,30.3
288,2026-01-14T18:00:00-07:00,pm25,µg/m³,23.6
288,2026-01-14T19:00:00-07:00,pm25,µg/m³,25.2
288,2026-01-14T20:00:00-07:00,pm25,µg/m³,26.5
288,2026-01-14T21:00:00-07:00,pm25,µg/m³,27.4
288,2026-01-14T22:00:00-07:00,pm25,µg/m³,25.8
288,2026-01-14T23:00:00-07:00,pm25,µg/m³,23.8
288,2026-01-15T00:00:00-07:00,pm25,µg/m³,21.6
288,2026-01-15T01:00:00-07:00,pm25,µg/m³,20.6
288,2026-01-15T02:00:00-07:00,pm25,µg/m³,17.1
288,2026-01-15T03:00:00-07:00,pm25,µg/m³,12.3
288,2026-01-15T04:00:00-07:00,pm25,µg/m³,10.5
288,2026-01-15T05:00:00-07:00,pm25,µg/m³,12.4
288,2026-01-15T06:00:00-07:00,pm25,µg/m³,15.7
288,2026-01-15T07:00:00-07:00,pm25,µg/m³,14.2
288,2026-01-15T08:00:00-07:00,pm25,µg/m³,10.0
288,2026-01-15T09:00:00-07:00,pm25,µg/m³,12.0
288,2026-01-15T10:00:00-07:00,pm25,µg/m³,23.1
288,2026-01-15T11:00:00-07:00,pm25,µg/m³,32.7
288,2026-01-15T12:00:00-07:00,pm25,µg/m³,32.7
288,2026-01-15T13:00:00-07:00,pm25,µg/m³,38.2
288,2026-01-15T14:00:00-07:00,pm25,µg/m³,32.6
288,2026-01-15T15:00:00-07:00,pm25,µg/m³,34.9
288,2026-01-15T16:00:00-07:00,pm25,µg/m³,31.5
288,2026-01-15T17:00:00-07:00,pm25,µg/m³,30.0
288,2026-01-15T18:00:00-07:00,pm25,µg/m³,27.3
288,2026-01-15T19:00:00-07:00,pm25,µg/m³,28.0
288,2026-01-15T20:00:00-07:00,pm25,µg/m³,30.9
288,2026-01-15T21:00:00-07:00,pm25,µg/m³,29.2
288,2026-01-15T22:00:00-07:00,pm25,µg/m³,24.2
288,2026-01-15T23:00:00-07:00,pm25,µg/m³,20.2
288,2026-01-16T00:00:00-07:00,pm25,µg/m³,15.2
288,2026-01-16T01:00:00-07:00,pm25,µg/m³,17.7
288,2026-01-16T02:00:00-07:00,pm25,µg/m³,12.1
288,2026-01-16T03:00:00-07:00,pm25,µg/m³,11.5
288,2026-01-16T04:00:00-07:00,pm25,µg/m³,10.7
288,2026-01-16T05:00:00-07:00,pm25,µg/m³,16.7
288,2026-01-16T06:00:00-07:00,pm25,µg/m³,14.4
288,2026-01-16T07:00:00-07:00,pm25,µg/m³,13.7
288,2026-01-16T08:00:00-07:00,pm25,µg/m³,8.3
288,2026-01-16T09:00:00-07:00,pm25,µg/m³,8.2
288,2026-01-16T10:00:00-07:00,pm25,µg/m³,27.8
288,2026-01-16T11:00:00-07:00,pm25,µg/m³,38.8
288,2026-01-16T12:00:00-07:00,pm25,µg/m³,45.6
288,2026-01-16T13:00:00-07:00,pm25,µg/m³,44.2
288,2026-01-16T14:00:00-07:00,pm25,µg/m³,32.6
288,2026-01-16T15:00:00-07:00,pm25,µg/m³,24.2
288,2026-01-16T16:00:00-07:00,pm25,µg/m³,21.5
288,2026-01-16T17:00:00-07:00,pm25,µg/m³,20.6
288,2026-01-16T18:00:00-07:00,pm25,µg/m³,21.3
288,2026-01-16T19:00:00-07:00,pm25,µg/m³,23.7
288,2026-01-16T20:00:00-07:00,pm25,µg/m³,26.1
288,2026-01-16T21:00:00-07:00,pm25,µg/m³,23.7
288,2026-01-16T22:00:00-07:00,pm25,µg/m³,23.7
288,2026-01-16T23:00:00-07:00,pm25,µg/m³,23.4
288,2026-01-17T00:00:00-07:00,pm25,µg/m³,21.5
288,2026-01-17T01:00:00-07:00,pm25,µg/m³,17.0
288,2026-01-17T02:00:00-07:00,pm25,µg/m³,14.3
288,2026-01-17T03:00:00-07:00,pm25,µg/m³,12.2
288,2026-01-17T04:00:00-07:00,pm25,µg/m³,10.9
288,2026-01-17T05:00:00-07:00,pm25,µg/m³,9.2
288,2026-01-17T06:00:00-07:00,pm25,µg/m³,8.2
288,2026-01-17T07:00:00-07:00,pm25,µg/m³,9.6
288,2026-01-17T08:00:00-07:00,pm25,µg/m³,12.1
288,2026-01-17T09:00:00-07:00,pm25,µg/m³,14.8
288,2026-01-17T10:00:00-07:00,pm25,µg/m³,20.6
288,2026-01-17T11:00:00-07:00,pm25,µg/m³,22.1
288,2026-01-17T12:00:00-07:00,pm25,µg/m³,20.4
288,2026-01-17T13:00:00-07:00,pm25,µg/m³,20.1
288,2026-01-17T14:00:00-07:00,pm25,µg/m³,18.3
288,2026-01-17T15:00:00-07:00,pm25,µg/m³,16.1
288,2026-01-17T16:00:00-07:00,pm25,µg/m³,9.8
288,2026-01-17T17:00:00-07:00,pm25,µg/m³,4.1
288,2026-01-17T18:00:00-07:00,pm25,µg/m³,4.0
288,2026-01-17T19:00:00-07:00,pm25,µg/m³,5.9
288,2026-01-17T20:00:00-07:00,pm25,µg/m³,10.9
288,2026-01-17T21:00:00-07:00,pm25,µg/m³,12.4
288,2026-01-17T22:00:00-07:00,pm25,µg/m³,11.4
288,2026-01-17T23:00:00-07:00,pm25,µg/m³,12.0
288,2026-01-18T00:00:00-07:00,pm25,µg/m³,10.6
288,2026-01-18T01:00:00-07:00,pm25,µg/m³,10.1
288,2026-01-18T02:00:00-07:00,pm25,µg/m³,8.1
288,2026-01-18T03:00:00-07:00,pm25,µg/m³,6.4
288,2026-01-18T04:00:00-07:00,pm25,µg/m³,5.5
288,2026-01-18T05:00:00-07:00,pm25,µg/m³,4.1
288,2026-01-18T06:00:00-07:00,pm25,µg/m³,3.6
288,2026-01-18T07:00:00-07:00,pm25,µg/m³,3.0
288,2026-01-18T08:00:00-07:00,pm25,µg/m³,5.0
288,2026-01-18T09:00:00-07:00,pm25,µg/m³,6.3
288,2026-01-18T10:00:00-07:00,pm25,µg/m³,8.1
288,2026-01-18T11:00:00-07:00,pm25,µg/m³,10.6
288,2026-01-18T12:00:00-07:00,pm25,µg/m³,12.3
288,2026-01-18T13:00:00-07:00,pm25,µg/m³,12.7
288,2026-01-18T14:00:00-07:00,pm25,µg/m³,12.4
288,2026-01-18T15:00:00-07:00,pm25,µg/m³,11.1
288,2026-01-18T16:00:00-07:00,pm25,µg/m³,10.7
288,2026-01-18T17:00:00-07:00,pm25,µg/m³,10.7
288,2026-01-18T18:00:00-07:00,pm25,µg/m³,10.2
288,2026-01-18T19:00:00-07:00,pm25,µg/m³,16.5
288,2026-01-18T20:00:00-07:00,pm25,µg/m³,22.7
288,2026-01-18T21:00:00-07:00,pm25,µg/m³,18.9
288,2026-01-18T22:00:00-07:00,pm25,µg/m³,15.0
288,2026-01-18T23:00:00-07:00,pm25,µg/m³,14.9
288,2026-01-19T00:00:00-07:00,pm25,µg/m³,10.6
288,2026-01-19T01:00:00-07:00,pm25,µg/m³,8.8
288,2026-01-19T02:00:00-07:00,pm25,µg/m³,8.2
288,2026-01-19T03:00:00-07:00,pm25,µg/m³,6.4
288,2026-01-19T04:00:00-07:00,pm25,µg/m³,5.6
288,2026-01-19T05:00:00-07:00,pm25,µg/m³,6.2
288,2026-01-19T06:00:00-07:00,pm25,µg/m³,6.7
288,2026-01-19T07:00:00-07:00,pm25,µg/m³,7.0
288,2026-01-19T08:00:00-07:00,pm25,µg/m³,8.2
288,2026-01-19T09:00:00-07:00,pm25,µg/m³,11.8
288,2026-01-19T10:00:00-07:00,pm25,µg/m³,20.7
288,2026-01-19T11:00:00-07:00,pm25,µg/m³,18.2
288,2026-01-19T12:00:00-07:00,pm25,µg/m³,16.9
288,2026-01-19T13:00:00-07:00,pm25,µg/m³,15.9
288,2026-01-19T14:00:00-07:00,pm25,µg/m³,15.1
288,2026-01-19T15:00:00-07:00,pm25,µg/m³,13.0
288,2026-01-19T16:00:00-07:00,pm25,µg/m³,8.4
288,2026-01-19T17:00:00-07:00,pm25,µg/m³,8.5
288,2026-01-19T18:00:00-07:00,pm25,µg/m³,8.9
288,2026-01-19T19:00:00-07:00,pm25,µg/m³,9.4
288,2026-01-19T20:00:00-07:00,pm25,µg/m³,11.5
288,2026-01-19T21:00:00-07:00,pm25,µg/m³,9.9
288,2026-01-19T22:00:00-07:00,pm25,µg/m³,10.4
288,2026-01-19T23:00:00-07:00,pm25,µg/m³,10.5
288,2026-01-20T00:00:00-07:00,pm25,µg/m³,9.5
288,2026-01-20T01:00:00-07:00,pm25,µg/m³,9.7
288,2026-01-20T02:00:00-07:00,pm25,µg/m³,9.0
288,2026-01-20T03:00:00-07:00,pm25,µg/m³,7.7
288,2026-01-20T04:00:00-07:00,pm25,µg/m³,10.0
288,2026-01-20T05:00:00-07:00,pm25,µg/m³,16.6
288,2026-01-20T06:00:00-07:00,pm25,µg/m³,6.9
288,2026-01-20T07:00:00-07:00,pm25,µg/m³,7.9
288,2026-01-20T08:00:00-07:00,pm25,µg/m³,8.4
288,2026-01-20T09:00:00-07:00,pm25,µg/m³,11.0
288,2026-01-20T10:00:00-07:00,pm25,µg/m³,11.3
288,2026-01-20T11:00:00-07:00,pm25,µg/m³,14.4
288,2026-01-20T12:00:00-07:00,pm25,µg/m³,14.0
288,2026-01-20T13:00:00-07:00,pm25,µg/m³,13.9
288,2026-01-20T14:00:00-07:00,pm25,µg/m³,11.7
288,2026-01-20T15:00:00-07:00,pm25,µg/m³,11.0
288,2026-01-20T16:00:00-07:00,pm25,µg/m³,12.1
288,2026-01-20T17:00:00-07:00,pm25,µg/m³,10.0
288,2026-01-20T18:00:00-07:00,pm25,µg/m³,11.6
288,2026-01-20T19:00:00-07:00,pm25,µg/m³,11.6
288,2026-01-20T20:00:00-07:00,pm25,µg/m³,12.2
288,2026-01-20T21:00:00-07:00,pm25,µg/m³,13.0
288,2026-01-20T22:00:00-07:00,pm25,µg/m³,11.4
288,2026-01-20T23:00:00-07:00,pm25,µg/m³,10.9
288,2026-01-21T00:00:00-07:00,pm25,µg/m³,12.5
288,2026-01-21T01:00:00-07:00,pm25,µg/m³,9.2
288,2026-01-21T02:00:00-07:00,pm25,µg/m³,8.3
288,2026-01-21T03:00:00-07:00,pm25,µg/m³,4.6
288,2026-01-21T04:00:00-07:00,pm25,µg/m³,2.8
288,2026-01-21T05:00:00-07:00,pm25,µg/m³,3.5
288,2026-01-21T06:00:00-07:00,pm25,µg/m³,6.4
288,2026-01-21T07:00:00-07:00,pm25,µg/m³,6.2
288,2026-01-21T08:00:00-07:00,pm25,µg/m³,5.7
288,2026-01-21T09:00:00-07:00,pm25,µg/m³,10.2
288,2026-01-21T10:00:00-07:00,pm25,µg/m³,13.7
288,2026-01-21T11:00:00-07:00,pm25,µg/m³,14.2
288,2026-01-21T12:00:00-07:00,pm25,µg/m³,14.0
288,2026-01-21T13:00:00-07:00,pm25,µg/m³,12.9
288,2026-01-21T14:00:00-07:00,pm25,µg/m³,10.5
288,2026-01-21T15:00:00-07:00,pm25,µg/m³,11.9
288,2026-01-21T16:00:00-07:00,pm25,µg/m³,13.3
288,2026-01-21T17:00:00-07:00,pm25,µg/m³,13.0
288,2026-01-21T18:00:00-07:00,pm25,µg/m³,13.1
288,2026-01-21T19:00:00-07:00,pm25,µg/m³,12.8
288,2026-01-21T20:00:00-07:00,pm25,µg/m³,15.3
288,2026-01-21T21:00:00-07:00,pm25,µg/m³,15.9
288,2026-01-21T22:00:00-07:00,pm25,µg/m³,16.3
288,2026-01-21T23:00:00-07:00,pm25,µg/m³,14.2
288,2026-01-22T00:00:00-07:00,pm25,µg/m³,12.3
288,2026-01-22T01:00:00-07:00,pm25,µg/m³,11.2
288,2026-01-22T02:00:00-07:00,pm25,µg/m³,9.7
288,2026-01-22T03:00:00-07:00,pm25,µg/m³,5.5
288,2026-01-22T04:00:00-07:00,pm25,µg/m³,4.2
288,2026-01-22T05:00:00-07:00,pm25,µg/m³,6.1
288,2026-01-22T06:00:00-07:00,pm25,µg/m³,5.8
288,2026-01-22T07:00:00-07:00,pm25,µg/m³,4.9
288,2026-01-22T08:00:00-07:00,pm25,µg/m³,6.0
288,2026-01-22T09:00:00-07:00,pm25,µg/m³,11.6
288,2026-01-22T10:00:00-07:00,pm25,µg/m³,16.9
288,2026-01-22T11:00:00-07:00,pm25,µg/m³,19.3
288,2026-01-22T12:00:00-07:00,pm25,µg/m³,23.2
288,2026-01-22T13:00:00-07:00,pm25,µg/m³,23.6
288,2026-01-22T14:00:00-07:00,pm25,µg/m³,28.1
288,2026-01-22T15:00:00-07:00,pm25,µg/m³,24.7
288,2026-01-22T16:00:00-07:00,pm25,µg/m³,20.8
288,2026-01-22T17:00:00-07:00,pm25,µg/m³,19.1
288,2026-01-22T18:00:00-07:00,pm25,µg/m³,17.7
288,2026-01-22T19:00:00-07:00,pm25,µg/m³,17.8
288,2026-01-22T20:00:00-07:00,pm25,µg/m³,19.9
288,2026-01-22T21:00:00-07:00,pm25,µg/m³,20.2
288,2026-01-22T22:00:00-07:00,pm25,µg/m³,20.0
288,2026-01-22T23:00:00-07:00,pm25,µg/m³,18.5
288,2026-01-23T00:00:00-07:00,pm25,µg/m³,14.2
288,2026-01-23T01:00:00-07:00,pm25,µg/m³,11.5
288,2026-01-23T02:00:00-07:00,pm25,µg/m³,9.6
288,2026-01-23T03:00:00-07:00,pm25,µg/m³,9.5
288,2026-01-23T04:00:00-07:00,pm25,µg/m³,11.2
288,2026-01-23T05:00:00-07:00,pm25,µg/m³,13.0
288,2026-01-23T06:00:00-07:00,pm25,µg/m³,10.4
288,2026-01-23T07:00:00-07:00,pm25,µg/m³,13.6
288,2026-01-23T08:00:00-07:00,pm25,µg/m³,16.7
288,2026-01-23T09:00:00-07:00,pm25,µg/m³,21.6
288,2026-01-23T10:00:00-07:00,pm25,µg/m³,28.1
288,2026-01-23T11:00:00-07:00,pm25,µg/m³,32.0
288,2026-01-23T12:00:00-07:00,pm25,µg/m³,34.9
288,2026-01-23T13:00:00-07:00,pm25,µg/m³,35.4
288,2026-01-23T14:00:00-07:00,pm25,µg/m³,36.8
288,2026-01-23T15:00:00-07:00,pm25,µg/m³,31.8
288,2026-01-23T16:00:00-07:00,pm25,µg/m³,28.7
288,2026-01-23T17:00:00-07:00,pm25,µg/m³,25.6
288,2026-01-23T18:00:00-07:00,pm25,µg/m³,16.5
288,2026-01-23T19:00:00-07:00,pm25,µg/m³,20.2
288,2026-01-23T20:00:00-07:00,pm25,µg/m³,20.4
288,2026-01-23T21:00:00-07:00,pm25,µg/m³,17.3
288,2026-01-23T22:00:00-07:00,pm25,µg/m³,13.1
288,2026-01-23T23:00:00-07:00,pm25,µg/m³,9.2
288,2026-01-24T00:00:00-07:00,pm25,µg/m³,8.2
288,2026-01-24T01:00:00-07:00,pm25,µg/m³,8.4
288,2026-01-24T02:00:00-07:00,pm25,µg/m³,8.4
288,2026-01-24T03:00:00-07:00,pm25,µg/m³,8.2
288,2026-01-24T04:00:00-07:00,pm25,µg/m³,8.4
288,2026-01-24T05:00:00-07:00,pm25,µg/m³,8.8
288,2026-01-24T06:00:00-07:00,pm25,µg/m³,8.9
288,2026-01-24T07:00:00-07:00,pm25,µg/m³,8.9
288,2026-01-24T08:00:00-07:00,pm25,µg/m³,9.5
288,2026-01-24T09:00:00-07:00,pm25,µg/m³,10.1
288,2026-01-24T10:00:00-07:00,pm25,µg/m³,9.9
288,2026-01-24T11:00:00-07:00,pm25,µg/m³,9.3
288,2026-01-24T12:00:00-07:00,pm25,µg/m³,13.5
288,2026-01-24T13:00:00-07:00,pm25,µg/m³,9.2
288,2026-01-24T14:00:00-07:00,pm25,µg/m³,6.4
288,2026-01-24T15:00:00-07:00,pm25,µg/m³,5.2
288,2026-01-24T16:00:00-07:00,pm25,µg/m³,4.6
288,2026-01-24T17:00:00-07:00,pm25,µg/m³,4.2
288,2026-01-24T18:00:00-07:00,pm25,µg/m³,4.3
288,2026-01-24T19:00:00-07:00,pm25,µg/m³,4.8
288,2026-01-24T20:00:00-07:00,pm25,µg/m³,5.5
288,2026-01-24T21:00:00-07:00,pm25,µg/m³,7.0
288,2026-01-24T22:00:00-07:00,pm25,µg/m³,5.3
288,2026-01-24T23:00:00-07:00,pm25,µg/m³,5.3
288,2026-01-25T00:00:00-07:00,pm25,µg/m³,5.3
288,2026-01-25T01:00:00-07:00,pm25,µg/m³,5.3
288,2026-01-25T02:00:00-07:00,pm25,µg/m³,5.7
288,2026-01-25T03:00:00-07:00,pm25,µg/m³,5.5
288,2026-01-25T04:00:00-07:00,pm25,µg/m³,5.4
288,2026-01-25T05:00:00-07:00,pm25,µg/m³,5.3
288,2026-01-25T06:00:00-07:00,pm25,µg/m³,6.1
288,2026-01-25T07:00:00-07:00,pm25,µg/m³,6.4
288,2026-01-25T08:00:00-07:00,pm25,µg/m³,7.1
288,2026-01-25T09:00:00-07:00,pm25,µg/m³,8.6
288,2026-01-25T10:00:00-07:00,pm25,µg/m³,10.3
288,2026-01-25T11:00:00-07:00,pm25,µg/m³,11.7
288,2026-01-25T12:00:00-07:00,pm25,µg/m³,10.9
288,2026-01-25T13:00:00-07:00,pm25,µg/m³,6.8
288,2026-01-25T14:00:00-07:00,pm25,µg/m³,4.3
288,2026-01-25T15:00:00-07:00,pm25,µg/m³,2.8
288,2026-01-25T16:00:00-07:00,pm25,µg/m³,2.3
288,2026-01-25T17:00:00-07:00,pm25,µg/m³,2.2
288,2026-01-25T18:00:00-07:00,pm25,µg/m³,2.2
288,2026-01-25T19:00:00-07:00,pm25,µg/m³,4.5
288,2026-01-25T20:00:00-07:00,pm25,µg/m³,5.7
288,2026-01-25T21:00:00-07:00,pm25,µg/m³,3.2
288,2026-01-25T22:00:00-07:00,pm25,µg/m³,3.9
288,2026-01-25T23:00:00-07:00,pm25,µg/m³,2.5
288,2026-01-26T00:00:00-07:00,pm25,µg/m³,2.8
288,2026-01-26T01:00:00-07:00,pm25,µg/m³,2.3
288,2026-01-26T02:00:00-07:00,pm25,µg/m³,2.2
288,2026-01-26T03:00:00-07:00,pm25,µg/m³,1.6
288,2026-01-26T04:00:00-07:00,pm25,µg/m³,1.8
288,2026-01-26T05:00:00-07:00,pm25,µg/m³,1.8
288,2026-01-26T06:00:00-07:00,pm25,µg/m³,2.0
288,2026-01-26T07:00:00-07:00,pm25,µg/m³,3.2
288,2026-01-26T08:00:00-07:00,pm25,µg/m³,4.2
288,2026-01-26T09:00:00-07:00,pm25,µg/m³,5.5
288,2026-01-26T10:00:00-07:00,pm25,µg/m³,4.3
288,2026-01-26T11:00:00-07:00,pm25,µg/m³,3.7
288,2026-01-26T12:00:00-07:00,pm25,µg/m³,4.1
288,2026-01-26T13:00:00-07:00,pm25,µg/m³,4.2
288,2026-01-26T14:00:00-07:00,pm25,µg/m³,4.0
288,2026-01-26T15:00:00-07:00,pm25,µg/m³,3.0
288,2026-01-26T16:00:00-07:00,pm25,µg/m³,2.7
288,2026-01-26T17:00:00-07:00,pm25,µg/m³,2.4
288,2026-01-26T18:00:00-07:00,pm25,µg/m³,2.4
288,2026-01-26T19:00:00-07:00,pm25,µg/m³,3.9
288,2026-01-26T20:00:00-07:00,pm25,µg/m³,5.9
288,2026-01-26T21:00:00-07:00,pm25,µg/m³,7.3
288,2026-01-26T22:00:00-07:00,pm25,µg/m³,7.7
288,2026-01-26T23:00:00-07:00,pm25,µg/m³,10.1
288,2026-01-27T00:00:00-07:00,pm25,µg/m³,12.3
288,2026-01-27T01:00:00-07:00,pm25,µg/m³,10.9
288,2026-01-27T02:00:00-07:00,pm25,µg/m³,11.1
288,2026-01-27T03:00:00-07:00,pm25,µg/m³,9.7
288,2026-01-27T04:00:00-07:00,pm25,µg/m³,7.7
288,2026-01-27T05:00:00-07:00,pm25,µg/m³,6.9
288,2026-01-27T06:00:00-07:00,pm25,µg/m³,6.4
288,2026-01-27T07:00:00-07:00,pm25,µg/m³,7.6
288,2026-01-27T08:00:00-07:00,pm25,µg/m³,8.1
288,2026-01-27T09:00:00-07:00,pm25,µg/m³,8.8
288,2026-01-27T10:00:00-07:00,pm25,µg/m³,10.3
288,2026-01-27T11:00:00-07:00,pm25,µg/m³,9.8
288,2026-01-27T12:00:00-07:00,pm25,µg/m³,10.5
288,2026-01-27T13:00:00-07:00,pm25,µg/m³,15.5
288,2026-01-27T14:00:00-07:00,pm25,µg/m³,10.6
288,2026-01-27T15:00:00-07:00,pm25,µg/m³,9.0
288,2026-01-27T16:00:00-07:00,pm25,µg/m³,8.9
288,2026-01-27T17:00:00-07:00,pm25,µg/m³,10.8
288,2026-01-27T18:00:00-07:00,pm25,µg/m³,11.3
288,2026-01-27T19:00:00-07:00,pm25,µg/m³,9.8
288,2026-01-27T20:00:00-07:00,pm25,µg/m³,13.3
288,2026-01-27T21:00:00-07:00,pm25,µg/m³,14.1
288,2026-01-27T22:00:00-07:00,pm25,µg/m³,14.7
288,2026-01-27T23:00:00-07:00,pm25,µg/m³,17.0
288,2026-01-28T00:00:00-07:00,pm25,µg/m³,11.7
288,2026-01-28T01:00:00-07:00,pm25,µg/m³,8.0
288,2026-01-28T02:00:00-07:00,pm25,µg/m³,6.3
288,2026-01-28T03:00:00-07:00,pm25,µg/m³,7.0
288,2026-01-28T04:00:00-07:00,pm25,µg/m³,6.1
288,2026-01-28T05:00:00-07:00,pm25,µg/m³,4.9
288,2026-01-28T06:00:00-07:00,pm25,µg/m³,5.7
288,2026-01-28T07:00:00-07:00,pm25,µg/m³,6.2
288,2026-01-28T08:00:00-07:00,pm25,µg/m³,7.2
288,2026-01-28T09:00:00-07:00,pm25,µg/m³,12.0
288,2026-01-28T10:00:00-07:00,pm25,µg/m³,22.0
288,2026-01-28T11:00:00-07:00,pm25,µg/m³,23.5
288,2026-01-28T12:00:00-07:00,pm25,µg/m³,18.4
288,2026-01-28T13:00:00-07:00,pm25,µg/m³,18.4
288,2026-01-28T14:00:00-07:00,pm25,µg/m³,16.1
288,2026-01-28T15:00:00-07:00,pm25,µg/m³,6.7
288,2026-01-28T16:00:00-07:00,pm25,µg/m³,7.5
288,2026-01-28T17:00:00-07:00,pm25,µg/m³,8.8
288,2026-01-28T18:00:00-07:00,pm25,µg/m³,8.7
288,2026-01-28T19:00:00-07:00,pm25,µg/m³,5.2
288,2026-01-28T20:00:00-07:00,pm25,µg/m³,4.1
288,2026-01-28T21:00:00-07:00,pm25,µg/m³,4.4
288,2026-01-28T22:00:00-07:00,pm25,µg/m³,7.1
288,2026-01-28T23:00:00-07:00,pm25,µg/m³,9.1
288,2026-01-29T00:00:00-07:00,pm25,µg/m³,13.8
288,2026-01-29T01:00:00-07:00,pm25,µg/m³,11.2
288,2026-01-29T02:00:00-07:00,pm25,µg/m³,5.7
288,2026-01-29T03:00:00-07:00,pm25,µg/m³,4.4
288,2026-01-29T04:00:00-07:00,pm25,µg/m³,7.4
288,2026-01-29T05:00:00-07:00,pm25,µg/m³,13.1
288,2026-01-29T06:00:00-07:00,pm25,µg/m³,12.4
288,2026-01-29T07:00:00-07:00,pm25,µg/m³,9.0
288,2026-01-29T08:00:00-07:00,pm25,µg/m³,11.5
288,2026-01-29T09:00:00-07:00,pm25,µg/m³,20.6
288,2026-01-29T10:00:00-07:00,pm25,µg/m³,31.1
288,2026-01-29T11:00:00-07:00,pm25,µg/m³,31.1
288,2026-01-29T12:00:00-07:00,pm25,µg/m³,23.5
288,2026-01-29T13:00:00-07:00,pm25,µg/m³,14.2
288,2026-01-29T14:00:00-07:00,pm25,µg/m³,17.8
288,2026-01-29T15:00:00-07:00,pm25,µg/m³,14.3
288,2026-01-29T16:00:00-07:00,pm25,µg/m³,6.0
288,2026-01-29T17:00:00-07:00,pm25,µg/m³,10.1
288,2026-01-29T18:00:00-07:00,pm25,µg/m³,9.5
288,2026-01-29T19:00:00-07:00,pm25,µg/m³,11.4
288,2026-01-29T20:00:00-07:00,pm25,µg/m³,13.9
288,2026-01-29T21:00:00-07:00,pm25,µg/m³,16.1
288,2026-01-29T22:00:00-07:00,pm25,µg/m³,17.3
288,2026-01-29T23:00:00-07:00,pm25,µg/m³,17.2
288,2026-01-30T00:00:00-07:00,pm25,µg/m³,15.3
288,2026-01-30T01:00:00-07:00,pm25,µg/m³,16.3
288,2026-01-30T02:00:00-07:00,pm25,µg/m³,10.4
288,2026-01-30T03:00:00-07:00,pm25,µg/m³,12.8
288,2026-01-30T04:00:00-07:00,pm25,µg/m³,11.3
288,2026-01-30T05:00:00-07:00,pm25,µg/m³,11.3
288,2026-01-30T06:00:00-07:00,pm25,µg/m³,10.3
288,2026-01-30T07:00:00-07:00,pm25,µg/m³,7.9
288,2026-01-30T08:00:00-07:00,pm25,µg/m³,6.9
288,2026-01-30T09:00:00-07:00,pm25,µg/m³,8.2
288,2026-01-30T10:00:00-07:00,pm25,µg/m³,16.6
288,2026-01-30T11:00:00-07:00,pm25,µg/m³,15.7
288,2026-01-30T12:00:00-07:00,pm25,µg/m³,14.8
288,2026-01-30T13:00:00-07:00,pm25,µg/m³,11.9
288,2026-01-30T14:00:00-07:00,pm25,µg/m³,11.0
288,2026-01-30T15:00:00-07:00,pm25,µg/m³,13.5
288,2026-01-30T16:00:00-07:00,pm25,µg/m³,11.4
288,2026-01-30T17:00:00-07:00,pm25,µg/m³,11.4
288,2026-01-30T18:00:00-07:00,pm25,µg/m³,14.5
288,2026-01-30T19:00:00-07:00,pm25,µg/m³,16.4
288,2026-01-30T20:00:00-07:00,pm25,µg/m³,24.5
288,2026-01-30T21:00:00-07:00,pm25,µg/m³,20.1
288,2026-01-30T22:00:00-07:00,pm25,µg/m³,18.1
288,2026-01-30T23:00:00-07:00,pm25,µg/m³,13.9
288,2026-01-31T00:00:00-07:00,pm25,µg/m³,14.7
288,2026-01-31T01:00:00-07:00,pm25,µg/m³,14.3
288,2026-01-31T02:00:00-07:00,pm25,µg/m³,11.9
288,2026-01-31T03:00:00-07:00,pm25,µg/m³,15.7
288,2026-01-31T04:00:00-07:00,pm25,µg/m³,11.0
288,2026-01-31T05:00:00-07:00,pm25,µg/m³,14.6
288,2026-01-31T06:00:00-07:00,pm25,µg/m³,8.6
288,2026-01-31T07:00:00-07:00,pm25,µg/m³,5.8
288,2026-01-31T08:00:00-07:00,pm25,µg/m³,6.1
288,2026-01-31T09:00:00-07:00,pm25,µg/m³,5.7
288,2026-01-31T10:00:00-07:00,pm25,µg/m³,9.3
288,2026-01-31T11:00:00-07:00,pm25,µg/m³,8.0
288,2026-01-31T12:00:00-07:00,pm25,µg/m³,8.7
288,2026-01-31T13:00:00-07:00,pm25,µg/m³,11.0
288,2026-01-31T14:00:00-07:00,pm25,µg/m³,10.6
288,2026-01-31T15:00:00-07:00,pm25,µg/m³,12.6
288,2026-01-31T16:00:00-07:00,pm25,µg/m³,15.6
288,2026-01-31T17:00:00-07:00,pm25,µg/m³,14.6
288,2026-01-31T18:00:00-07:00,pm25,µg/m³,14.2
288,2026-01-31T19:00:00-07:00,pm25,µg/m³,14.8
288,2026-01-31T20:00:00-07:00,pm25,µg/m³,16.8
288,2026-01-31T21:00:00-07:00,pm25,µg/m³,18.7
288,2026-01-31T22:00:00-07:00,pm25,µg/m³,17.8
288,2026-01-31T23:00:00-07:00,pm25,µg/m³,15.4
288,2026-02-01T00:00:00-07:00,pm25,µg/m³,12.1
station_id,timestamp,parameter,unit,value
288,2026-01-01T01:00:00-07:00,pm10,µg/m³,47.0
288,2026-01-01T02:00:00-07:00,pm10,µg/m³,58.0
288,2026-01-01T03:00:00-07:00,pm10,µg/m³,68.0
288,2026-01-01T04:00:00-07:00,pm10,µg/m³,61.0
288,2026-01-01T05:00:00-07:00,pm10,µg/m³,63.0
288,2026-01-01T06:00:00-07:00,pm10,µg/m³,58.0
288,2026-01-01T07:00:00-07:00,pm10,µg/m³,57.0
288,2026-01-01T08:00:00-07:00,pm10,µg/m³,53.0
288,2026-01-01T09:00:00-07:00,pm10,µg/m³,41.0
288,2026-01-01T10:00:00-07:00,pm10,µg/m³,46.0
288,2026-01-01T11:00:00-07:00,pm10,µg/m³,22.0
288,2026-01-01T12:00:00-07:00,pm10,µg/m³,29.0
288,2026-01-01T13:00:00-07:00,pm10,µg/m³,38.0
288,2026-01-01T14:00:00-07:00,pm10,µg/m³,26.0
288,2026-01-01T15:00:00-07:00,pm10,µg/m³,33.0
288,2026-01-01T16:00:00-07:00,pm10,µg/m³,27.0
288,2026-01-01T17:00:00-07:00,pm10,µg/m³,38.0
288,2026-01-01T18:00:00-07:00,pm10,µg/m³,29.0
288,2026-01-01T19:00:00-07:00,pm10,µg/m³,33.0
288,2026-01-01T20:00:00-07:00,pm10,µg/m³,34.0
288,2026-01-01T21:00:00-07:00,pm10,µg/m³,35.0
288,2026-01-01T22:00:00-07:00,pm10,µg/m³,34.0
288,2026-01-01T23:00:00-07:00,pm10,µg/m³,25.0
288,2026-01-02T00:00:00-07:00,pm10,µg/m³,27.0
288,2026-01-02T01:00:00-07:00,pm10,µg/m³,21.0
288,2026-01-02T02:00:00-07:00,pm10,µg/m³,22.0
288,2026-01-02T03:00:00-07:00,pm10,µg/m³,13.0
288,2026-01-02T04:00:00-07:00,pm10,µg/m³,21.0
288,2026-01-02T05:00:00-07:00,pm10,µg/m³,14.0
288,2026-01-02T06:00:00-07:00,pm10,µg/m³,12.0
288,2026-01-02T07:00:00-07:00,pm10,µg/m³,15.0
288,2026-01-02T08:00:00-07:00,pm10,µg/m³,10.0
288,2026-01-02T09:00:00-07:00,pm10,µg/m³,12.0
288,2026-01-02T10:00:00-07:00,pm10,µg/m³,8.0
288,2026-01-02T11:00:00-07:00,pm10,µg/m³,3.0
288,2026-01-02T12:00:00-07:00,pm10,µg/m³,
288,2026-01-02T13:00:00-07:00,pm10,µg/m³,6.0
288,2026-01-02T15:00:00-07:00,pm10,µg/m³,10.0
288,2026-01-02T16:00:00-07:00,pm10,µg/m³,7.0
288,2026-01-02T17:00:00-07:00,pm10,µg/m³,10.0
288,2026-01-02T18:00:00-07:00,pm10,µg/m³,16.0
288,2026-01-02T19:00:00-07:00,pm10,µg/m³,14.0
288,2026-01-02T20:00:00-07:00,pm10,µg/m³,22.0
288,2026-01-02T21:00:00-07:00,pm10,µg/m³,20.0
288,2026-01-02T22:00:00-07:00,pm10,µg/m³,10.0
288,2026-01-02T23:00:00-07:00,pm10,µg/m³,3.0
288,2026-01-03T00:00:00-07:00,pm10,µg/m³,11.0
288,2026-01-03T01:00:00-07:00,pm10,µg/m³,0.0
288,2026-01-03T02:00:00-07:00,pm10,µg/m³,5.0
288,2026-01-03T03:00:00-07:00,pm10,µg/m³,
288,2026-01-03T04:00:00-07:00,pm10,µg/m³,9.0
288,2026-01-03T05:00:00-07:00,pm10,µg/m³,4.0
288,2026-01-03T06:00:00-07:00,pm10,µg/m³,
288,2026-01-03T07:00:00-07:00,pm10,µg/m³,5.0
288,2026-01-03T08:00:00-07:00,pm10,µg/m³,5.0
288,2026-01-03T09:00:00-07:00,pm10,µg/m³,
288,2026-01-03T10:00:00-07:00,pm10,µg/m³,
288,2026-01-03T11:00:00-07:00,pm10,µg/m³,12.0
288,2026-01-03T12:00:00-07:00,pm10,µg/m³,3.0
288,2026-01-03T13:00:00-07:00,pm10,µg/m³,5.0
288,2026-01-03T14:00:00-07:00,pm10,µg/m³,7.0
288,2026-01-03T15:00:00-07:00,pm10,µg/m³,10.0
288,2026-01-03T16:00:00-07:00,pm10,µg/m³,6.0
288,2026-01-03T17:00:00-07:00,pm10,µg/m³,6.0
288,2026-01-03T18:00:00-07:00,pm10,µg/m³,4.0
288,2026-01-03T19:00:00-07:00,pm10,µg/m³,9.0
288,2026-01-03T20:00:00-07:00,pm10,µg/m³,1.0
288,2026-01-03T21:00:00-07:00,pm10,µg/m³,6.0
288,2026-01-03T22:00:00-07:00,pm10,µg/m³,7.0
288,2026-01-03T23:00:00-07:00,pm10,µg/m³,
288,2026-01-04T00:00:00-07:00,pm10,µg/m³,6.0
288,2026-01-04T01:00:00-07:00,pm10,µg/m³,3.0
288,2026-01-04T02:00:00-07:00,pm10,µg/m³,1.0
288,2026-01-04T03:00:00-07:00,pm10,µg/m³,1.0
288,2026-01-04T04:00:00-07:00,pm10,µg/m³,1.0
288,2026-01-04T05:00:00-07:00,pm10,µg/m³,
288,2026-01-04T06:00:00-07:00,pm10,µg/m³,8.0
288,2026-01-04T07:00:00-07:00,pm10,µg/m³,
288,2026-01-04T08:00:00-07:00,pm10,µg/m³,4.0
288,2026-01-04T09:00:00-07:00,pm10,µg/m³,
288,2026-01-04T10:00:00-07:00,pm10,µg/m³,3.0
288,2026-01-04T11:00:00-07:00,pm10,µg/m³,7.0
288,2026-01-04T12:00:00-07:00,pm10,µg/m³,1.0
288,2026-01-04T13:00:00-07:00,pm10,µg/m³,7.0
288,2026-01-04T14:00:00-07:00,pm10,µg/m³,2.0
288,2026-01-04T15:00:00-07:00,pm10,µg/m³,8.0
288,2026-01-04T16:00:00-07:00,pm10,µg/m³,1.0
288,2026-01-04T17:00:00-07:00,pm10,µg/m³,8.0
288,2026-01-04T18:00:00-07:00,pm10,µg/m³,7.0
288,2026-01-04T19:00:00-07:00,pm10,µg/m³,
288,2026-01-04T20:00:00-07:00,pm10,µg/m³,10.0
288,2026-01-04T21:00:00-07:00,pm10,µg/m³,6.0
288,2026-01-04T22:00:00-07:00,pm10,µg/m³,
288,2026-01-04T23:00:00-07:00,pm10,µg/m³,8.0
288,2026-01-05T00:00:00-07:00,pm10,µg/m³,1.0
288,2026-01-05T01:00:00-07:00,pm10,µg/m³,
288,2026-01-05T02:00:00-07:00,pm10,µg/m³,3.0
288,2026-01-05T03:00:00-07:00,pm10,µg/m³,4.0
288,2026-01-05T04:00:00-07:00,pm10,µg/m³,0.0
288,2026-01-05T05:00:00-07:00,pm10,µg/m³,0.0
288,2026-01-05T06:00:00-07:00,pm10,µg/m³,11.0
288,2026-01-05T07:00:00-07:00,pm10,µg/m³,7.0
288,2026-01-05T08:00:00-07:00,pm10,µg/m³,5.0
288,2026-01-05T09:00:00-07:00,pm10,µg/m³,3.0
288,2026-01-05T10:00:00-07:00,pm10,µg/m³,3.0
288,2026-01-05T11:00:00-07:00,pm10,µg/m³,2.0
288,2026-01-05T12:00:00-07:00,pm10,µg/m³,
288,2026-01-05T13:00:00-07:00,pm10,µg/m³,
288,2026-01-05T14:00:00-07:00,pm10,µg/m³,
288,2026-01-05T15:00:00-07:00,pm10,µg/m³,3.0
288,2026-01-05T16:00:00-07:00,pm10,µg/m³,5.0
288,2026-01-05T17:00:00-07:00,pm10,µg/m³,13.0
288,2026-01-05T18:00:00-07:00,pm10,µg/m³,11.0
288,2026-01-05T19:00:00-07:00,pm10,µg/m³,17.0
288,2026-01-05T20:00:00-07:00,pm10,µg/m³,11.0
288,2026-01-05T21:00:00-07:00,pm10,µg/m³,21.0
288,2026-01-05T22:00:00-07:00,pm10,µg/m³,14.0
288,2026-01-05T23:00:00-07:00,pm10,µg/m³,16.0
288,2026-01-06T00:00:00-07:00,pm10,µg/m³,11.0
288,2026-01-06T01:00:00-07:00,pm10,µg/m³,
288,2026-01-06T02:00:00-07:00,pm10,µg/m³,5.0
288,2026-01-06T03:00:00-07:00,pm10,µg/m³,8.0
288,2026-01-06T04:00:00-07:00,pm10,µg/m³,10.0
288,2026-01-06T05:00:00-07:00,pm10,µg/m³,
288,2026-01-06T06:00:00-07:00,pm10,µg/m³,7.0
288,2026-01-06T07:00:00-07:00,pm10,µg/m³,7.0
288,2026-01-06T08:00:00-07:00,pm10,µg/m³,16.0
288,2026-01-06T09:00:00-07:00,pm10,µg/m³,18.0
288,2026-01-06T10:00:00-07:00,pm10,µg/m³,2.0
288,2026-01-06T11:00:00-07:00,pm10,µg/m³,14.0
288,2026-01-06T12:00:00-07:00,pm10,µg/m³,10.0
288,2026-01-06T13:00:00-07:00,pm10,µg/m³,11.0
288,2026-01-06T14:00:00-07:00,pm10,µg/m³,7.0
288,2026-01-06T15:00:00-07:00,pm10,µg/m³,2.0
288,2026-01-06T16:00:00-07:00,pm10,µg/m³,1.0
288,2026-01-06T17:00:00-07:00,pm10,µg/m³,3.0
288,2026-01-06T18:00:00-07:00,pm10,µg/m³,11.0
288,2026-01-06T19:00:00-07:00,pm10,µg/m³,18.0
288,2026-01-06T20:00:00-07:00,pm10,µg/m³,37.0
288,2026-01-06T21:00:00-07:00,pm10,µg/m³,26.0
288,2026-01-06T22:00:00-07:00,pm10,µg/m³,26.0
288,2026-01-06T23:00:00-07:00,pm10,µg/m³,21.0
288,2026-01-07T00:00:00-07:00,pm10,µg/m³,10.0
288,2026-01-07T01:00:00-07:00,pm10,µg/m³,7.0
288,2026-01-07T02:00:00-07:00,pm10,µg/m³,4.0
288,2026-01-07T03:00:00-07:00,pm10,µg/m³,3.0
288,2026-01-07T04:00:00-07:00,pm10,µg/m³,1.0
288,2026-01-07T05:00:00-07:00,pm10,µg/m³,9.0
288,2026-01-07T06:00:00-07:00,pm10,µg/m³,4.0
288,2026-01-07T07:00:00-07:00,pm10,µg/m³,4.0
288,2026-01-07T08:00:00-07:00,pm10,µg/m³,15.0
288,2026-01-07T09:00:00-07:00,pm10,µg/m³,17.0
288,2026-01-07T10:00:00-07:00,pm10,µg/m³,7.0
288,2026-01-07T11:00:00-07:00,pm10,µg/m³,8.0
288,2026-01-07T12:00:00-07:00,pm10,µg/m³,19.0
288,2026-01-07T13:00:00-07:00,pm10,µg/m³,7.0
288,2026-01-07T14:00:00-07:00,pm10,µg/m³,
288,2026-01-07T15:00:00-07:00,pm10,µg/m³,13.0
288,2026-01-07T16:00:00-07:00,pm10,µg/m³,12.0
288,2026-01-07T17:00:00-07:00,pm10,µg/m³,8.0
288,2026-01-07T18:00:00-07:00,pm10,µg/m³,12.0
288,2026-01-07T19:00:00-07:00,pm10,µg/m³,9.0
288,2026-01-07T20:00:00-07:00,pm10,µg/m³,6.0
288,2026-01-07T21:00:00-07:00,pm10,µg/m³,10.0
288,2026-01-07T22:00:00-07:00,pm10,µg/m³,15.0
288,2026-01-07T23:00:00-07:00,pm10,µg/m³,14.0
288,2026-01-08T00:00:00-07:00,pm10,µg/m³,10.0
288,2026-01-08T01:00:00-07:00,pm10,µg/m³,2.0
288,2026-01-08T02:00:00-07:00,pm10,µg/m³,8.0
288,2026-01-08T03:00:00-07:00,pm10,µg/m³,
288,2026-01-08T04:00:00-07:00,pm10,µg/m³,3.0
288,2026-01-08T05:00:00-07:00,pm10,µg/m³,2.0
288,2026-01-08T06:00:00-07:00,pm10,µg/m³,8.0
288,2026-01-08T07:00:00-07:00,pm10,µg/m³,6.0
288,2026-01-08T08:00:00-07:00,pm10,µg/m³,4.0
288,2026-01-08T09:00:00-07:00,pm10,µg/m³,0.0
288,2026-01-08T10:00:00-07:00,pm10,µg/m³,
288,2026-01-08T11:00:00-07:00,pm10,µg/m³,7.0
288,2026-01-08T12:00:00-07:00,pm10,µg/m³,6.0
288,2026-01-08T13:00:00-07:00,pm10,µg/m³,2.0
288,2026-01-08T14:00:00-07:00,pm10,µg/m³,3.0
288,2026-01-08T15:00:00-07:00,pm10,µg/m³,11.0
288,2026-01-08T16:00:00-07:00,pm10,µg/m³,2.0
288,2026-01-08T18:00:00-07:00,pm10,µg/m³,12.0
288,2026-01-08T19:00:00-07:00,pm10,µg/m³,
288,2026-01-08T20:00:00-07:00,pm10,µg/m³,12.0
288,2026-01-08T21:00:00-07:00,pm10,µg/m³,4.0
288,2026-01-08T22:00:00-07:00,pm10,µg/m³,2.0
288,2026-01-08T23:00:00-07:00,pm10,µg/m³,5.0
288,2026-01-09T00:00:00-07:00,pm10,µg/m³,3.0
288,2026-01-09T01:00:00-07:00,pm10,µg/m³,
288,2026-01-09T02:00:00-07:00,pm10,µg/m³,
288,2026-01-09T03:00:00-07:00,pm10,µg/m³,3.0
288,2026-01-09T04:00:00-07:00,pm10,µg/m³,8.0
288,2026-01-09T05:00:00-07:00,pm10,µg/m³,1.0
288,2026-01-09T06:00:00-07:00,pm10,µg/m³,7.0
288,2026-01-09T07:00:00-07:00,pm10,µg/m³,8.0
288,2026-01-09T08:00:00-07:00,pm10,µg/m³,18.0
288,2026-01-09T09:00:00-07:00,pm10,µg/m³,6.0
288,2026-01-09T11:00:00-07:00,pm10,µg/m³,19.0
288,2026-01-09T12:00:00-07:00,pm10,µg/m³,11.0
288,2026-01-09T13:00:00-07:00,pm10,µg/m³,5.0
288,2026-01-09T14:00:00-07:00,pm10,µg/m³,4.0
288,2026-01-09T15:00:00-07:00,pm10,µg/m³,10.0
288,2026-01-09T16:00:00-07:00,pm10,µg/m³,15.0
288,2026-01-09T17:00:00-07:00,pm10,µg/m³,6.0
288,2026-01-09T18:00:00-07:00,pm10,µg/m³,7.0
288,2026-01-09T19:00:00-07:00,pm10,µg/m³,7.0
288,2026-01-09T20:00:00-07:00,pm10,µg/m³,18.0
288,2026-01-09T21:00:00-07:00,pm10,µg/m³,18.0
288,2026-01-09T22:00:00-07:00,pm10,µg/m³,11.0
288,2026-01-09T23:00:00-07:00,pm10,µg/m³,12.0
288,2026-01-10T00:00:00-07:00,pm10,µg/m³,3.0
288,2026-01-10T02:00:00-07:00,pm10,µg/m³,7.0
288,2026-01-10T03:00:00-07:00,pm10,µg/m³,5.0
288,2026-01-10T04:00:00-07:00,pm10,µg/m³,3.0
288,2026-01-10T05:00:00-07:00,pm10,µg/m³,6.0
288,2026-01-10T06:00:00-07:00,pm10,µg/m³,8.0
288,2026-01-10T07:00:00-07:00,pm10,µg/m³,4.0
288,2026-01-10T08:00:00-07:00,pm10,µg/m³,7.0
288,2026-01-10T09:00:00-07:00,pm10,µg/m³,4.0
288,2026-01-10T10:00:00-07:00,pm10,µg/m³,
288,2026-01-10T11:00:00-07:00,pm10,µg/m³,9.0
288,2026-01-10T12:00:00-07:00,pm10,µg/m³,10.0
288,2026-01-10T13:00:00-07:00,pm10,µg/m³,7.0
288,2026-01-10T14:00:00-07:00,pm10,µg/m³,17.0
288,2026-01-10T15:00:00-07:00,pm10,µg/m³,3.0
288,2026-01-10T16:00:00-07:00,pm10,µg/m³,11.0
288,2026-01-10T17:00:00-07:00,pm10,µg/m³,14.0
288,2026-01-10T18:00:00-07:00,pm10,µg/m³,13.0
288,2026-01-10T19:00:00-07:00,pm10,µg/m³,4.0
288,2026-01-10T20:00:00-07:00,pm10,µg/m³,16.0
288,2026-01-10T21:00:00-07:00,pm10,µg/m³,29.0
288,2026-01-10T22:00:00-07:00,pm10,µg/m³,19.0
288,2026-01-10T23:00:00-07:00,pm10,µg/m³,19.0
288,2026-01-11T00:00:00-07:00,pm10,µg/m³,28.0
288,2026-01-11T01:00:00-07:00,pm10,µg/m³,11.0
288,2026-01-11T02:00:00-07:00,pm10,µg/m³,18.0
288,2026-01-11T03:00:00-07:00,pm10,µg/m³,15.0
288,2026-01-11T04:00:00-07:00,pm10,µg/m³,10.0
288,2026-01-11T05:00:00-07:00,pm10,µg/m³,17.0
288,2026-01-11T06:00:00-07:00,pm10,µg/m³,14.0
288,2026-01-11T07:00:00-07:00,pm10,µg/m³,15.0
288,2026-01-11T08:00:00-07:00,pm10,µg/m³,16.0
288,2026-01-11T09:00:00-07:00,pm10,µg/m³,12.0
288,2026-01-11T10:00:00-07:00,pm10,µg/m³,12.0
288,2026-01-11T11:00:00-07:00,pm10,µg/m³,21.0
288,2026-01-11T12:00:00-07:00,pm10,µg/m³,26.0
288,2026-01-11T13:00:00-07:00,pm10,µg/m³,31.0
288,2026-01-11T14:00:00-07:00,pm10,µg/m³,22.0
288,2026-01-11T15:00:00-07:00,pm10,µg/m³,20.0
288,2026-01-11T16:00:00-07:00,pm10,µg/m³,27.0
288,2026-01-11T17:00:00-07:00,pm10,µg/m³,27.0
288,2026-01-11T18:00:00-07:00,pm10,µg/m³,29.0
288,2026-01-11T19:00:00-07:00,pm10,µg/m³,32.0
288,2026-01-11T20:00:00-07:00,pm10,µg/m³,61.0
288,2026-01-11T21:00:00-07:00,pm10,µg/m³,46.0
288,2026-01-11T22:00:00-07:00,pm10,µg/m³,37.0
288,2026-01-11T23:00:00-07:00,pm10,µg/m³,34.0
288,2026-01-12T00:00:00-07:00,pm10,µg/m³,30.0
288,2026-01-12T01:00:00-07:00,pm10,µg/m³,16.0
288,2026-01-12T02:00:00-07:00,pm10,µg/m³,24.0
288,2026-01-12T03:00:00-07:00,pm10,µg/m³,19.0
288,2026-01-12T04:00:00-07:00,pm10,µg/m³,20.0
288,2026-01-12T05:00:00-07:00,pm10,µg/m³,23.0
288,2026-01-12T06:00:00-07:00,pm10,µg/m³,16.0
288,2026-01-12T07:00:00-07:00,pm10,µg/m³,20.0
288,2026-01-12T08:00:00-07:00,pm10,µg/m³,27.0
288,2026-01-12T09:00:00-07:00,pm10,µg/m³,26.0
288,2026-01-12T10:00:00-07:00,pm10,µg/m³,32.0
288,2026-01-12T11:00:00-07:00,pm10,µg/m³,43.0
288,2026-01-12T12:00:00-07:00,pm10,µg/m³,49.0
288,2026-01-12T13:00:00-07:00,pm10,µg/m³,59.0
288,2026-01-12T14:00:00-07:00,pm10,µg/m³,67.0
288,2026-01-12T15:00:00-07:00,pm10,µg/m³,49.0
288,2026-01-12T16:00:00-07:00,pm10,µg/m³,46.0
288,2026-01-12T17:00:00-07:00,pm10,µg/m³,50.0
288,2026-01-12T18:00:00-07:00,pm10,µg/m³,48.0
288,2026-01-12T19:00:00-07:00,pm10,µg/m³,46.0
288,2026-01-12T20:00:00-07:00,pm10,µg/m³,58.0
288,2026-01-12T21:00:00-07:00,pm10,µg/m³,61.0
288,2026-01-12T22:00:00-07:00,pm10,µg/m³,53.0
288,2026-01-12T23:00:00-07:00,pm10,µg/m³,41.0
288,2026-01-13T00:00:00-07:00,pm10,µg/m³,45.0
288,2026-01-13T01:00:00-07:00,pm10,µg/m³,33.0
288,2026-01-13T02:00:00-07:00,pm10,µg/m³,38.0
288,2026-01-13T03:00:00-07:00,pm10,µg/m³,35.0
288,2026-01-13T04:00:00-07:00,pm10,µg/m³,28.0
288,2026-01-13T05:00:00-07:00,pm10,µg/m³,36.0
288,2026-01-13T06:00:00-07:00,pm10,µg/m³,22.0
288,2026-01-13T07:00:00-07:00,pm10,µg/m³,32.0
288,2026-01-13T08:00:00-07:00,pm10,µg/m³,35.0
288,2026-01-13T09:00:00-07:00,pm10,µg/m³,32.0
288,2026-01-13T10:00:00-07:00,pm10,µg/m³,43.0
288,2026-01-13T11:00:00-07:00,pm10,µg/m³,46.0
288,2026-01-13T12:00:00-07:00,pm10,µg/m³,57.0
288,2026-01-13T13:00:00-07:00,pm10,µg/m³,71.0
288,2026-01-13T14:00:00-07:00,pm10,µg/m³,77.0
288,2026-01-13T15:00:00-07:00,pm10,µg/m³,66.0
288,2026-01-13T16:00:00-07:00,pm10,µg/m³,63.0
288,2026-01-13T17:00:00-07:00,pm10,µg/m³,48.0
288,2026-01-13T18:00:00-07:00,pm10,µg/m³,56.0
288,2026-01-13T19:00:00-07:00,pm10,µg/m³,52.0
288,2026-01-13T20:00:00-07:00,pm10,µg/m³,45.0
288,2026-01-13T21:00:00-07:00,pm10,µg/m³,47.0
288,2026-01-13T22:00:00-07:00,pm10,µg/m³,51.0
288,2026-01-13T23:00:00-07:00,pm10,µg/m³,49.0
288,2026-01-14T00:00:00-07:00,pm10,µg/m³,48.0
288,2026-01-14T01:00:00-07:00,pm10,µg/m³,39.0
288,2026-01-14T02:00:00-07:00,pm10,µg/m³,46.0
288,2026-01-14T03:00:00-07:00,pm10,µg/m³,34.0
288,2026-01-14T04:00:00-07:00,pm10,µg/m³,32.0
288,2026-01-14T05:00:00-07:00,pm10,µg/m³,31.0
288,2026-01-14T06:00:00-07:00,pm10,µg/m³,37.0
288,2026-01-14T07:00:00-07:00,pm10,µg/m³,35.0
288,2026-01-14T08:00:00-07:00,pm10,µg/m³,28.0
288,2026-01-14T09:00:00-07:00,pm10,µg/m³,32.0
288,2026-01-14T10:00:00-07:00,pm10,µg/m³,37.0
288,2026-01-14T11:00:00-07:00,pm10,µg/m³,56.0
288,2026-01-14T12:00:00-07:00,pm10,µg/m³,59.0
288,2026-01-14T13:00:00-07:00,pm10,µg/m³,83.0
288,2026-01-14T14:00:00-07:00,pm10,µg/m³,68.0
288,2026-01-14T15:00:00-07:00,pm10,µg/m³,43.0
288,2026-01-14T16:00:00-07:00,pm10,µg/m³,58.0
288,2026-01-14T17:00:00-07:00,pm10,µg/m³,64.0
288,2026-01-14T18:00:00-07:00,pm10,µg/m³,52.0
288,2026-01-14T19:00:00-07:00,pm10,µg/m³,60.0
288,2026-01-14T20:00:00-07:00,pm10,µg/m³,71.0
288,2026-01-14T21:00:00-07:00,pm10,µg/m³,66.0
288,2026-01-14T22:00:00-07:00,pm10,µg/m³,56.0
288,2026-01-14T23:00:00-07:00,pm10,µg/m³,48.0
288,2026-01-15T00:00:00-07:00,pm10,µg/m³,40.0
288,2026-01-15T01:00:00-07:00,pm10,µg/m³,35.0
288,2026-01-15T02:00:00-07:00,pm10,µg/m³,28.0
288,2026-01-15T03:00:00-07:00,pm10,µg/m³,19.0
288,2026-01-15T04:00:00-07:00,pm10,µg/m³,15.0
288,2026-01-15T05:00:00-07:00,pm10,µg/m³,25.0
288,2026-01-15T06:00:00-07:00,pm10,µg/m³,26.0
288,2026-01-15T07:00:00-07:00,pm10,µg/m³,21.0
288,2026-01-15T08:00:00-07:00,pm10,µg/m³,25.0
288,2026-01-15T09:00:00-07:00,pm10,µg/m³,16.0
288,2026-01-15T10:00:00-07:00,pm10,µg/m³,29.0
288,2026-01-15T11:00:00-07:00,pm10,µg/m³,48.0
288,2026-01-15T12:00:00-07:00,pm10,µg/m³,61.0
288,2026-01-15T13:00:00-07:00,pm10,µg/m³,72.0
288,2026-01-15T14:00:00-07:00,pm10,µg/m³,63.0
288,2026-01-15T15:00:00-07:00,pm10,µg/m³,48.0
288,2026-01-15T16:00:00-07:00,pm10,µg/m³,42.0
288,2026-01-15T17:00:00-07:00,pm10,µg/m³,49.0
288,2026-01-15T18:00:00-07:00,pm10,µg/m³,59.0
288,2026-01-15T19:00:00-07:00,pm10,µg/m³,56.0
288,2026-01-15T20:00:00-07:00,pm10,µg/m³,60.0
288,2026-01-15T21:00:00-07:00,pm10,µg/m³,55.0
288,2026-01-15T22:00:00-07:00,pm10,µg/m³,49.0
288,2026-01-15T23:00:00-07:00,pm10,µg/m³,42.0
288,2026-01-16T00:00:00-07:00,pm10,µg/m³,33.0
288,2026-01-16T01:00:00-07:00,pm10,µg/m³,25.0
288,2026-01-16T02:00:00-07:00,pm10,µg/m³,16.0
288,2026-01-16T03:00:00-07:00,pm10,µg/m³,13.0
288,2026-01-16T04:00:00-07:00,pm10,µg/m³,23.0
288,2026-01-16T05:00:00-07:00,pm10,µg/m³,21.0
288,2026-01-16T06:00:00-07:00,pm10,µg/m³,25.0
288,2026-01-16T07:00:00-07:00,pm10,µg/m³,27.0
288,2026-01-16T08:00:00-07:00,pm10,µg/m³,23.0
288,2026-01-16T09:00:00-07:00,pm10,µg/m³,16.0
288,2026-01-16T10:00:00-07:00,pm10,µg/m³,43.0
288,2026-01-16T11:00:00-07:00,pm10,µg/m³,50.0
288,2026-01-16T12:00:00-07:00,pm10,µg/m³,66.0
288,2026-01-16T13:00:00-07:00,pm10,µg/m³,75.0
288,2026-01-16T14:00:00-07:00,pm10,µg/m³,40.0
288,2026-01-16T15:00:00-07:00,pm10,µg/m³,18.0
288,2026-01-16T16:00:00-07:00,pm10,µg/m³,34.0
288,2026-01-16T17:00:00-07:00,pm10,µg/m³,28.0
288,2026-01-16T18:00:00-07:00,pm10,µg/m³,44.0
288,2026-01-16T19:00:00-07:00,pm10,µg/m³,50.0
288,2026-01-16T20:00:00-07:00,pm10,µg/m³,54.0
288,2026-01-16T21:00:00-07:00,pm10,µg/m³,44.0
288,2026-01-16T22:00:00-07:00,pm10,µg/m³,39.0
288,2026-01-16T23:00:00-07:00,pm10,µg/m³,50.0
288,2026-01-17T00:00:00-07:00,pm10,µg/m³,34.0
288,2026-01-17T01:00:00-07:00,pm10,µg/m³,32.0
288,2026-01-17T02:00:00-07:00,pm10,µg/m³,21.0
288,2026-01-17T03:00:00-07:00,pm10,µg/m³,24.0
288,2026-01-17T04:00:00-07:00,pm10,µg/m³,16.0
288,2026-01-17T05:00:00-07:00,pm10,µg/m³,17.0
288,2026-01-17T06:00:00-07:00,pm10,µg/m³,11.0
288,2026-01-17T07:00:00-07:00,pm10,µg/m³,18.0
288,2026-01-17T08:00:00-07:00,pm10,µg/m³,34.0
288,2026-01-17T09:00:00-07:00,pm10,µg/m³,15.0
288,2026-01-17T10:00:00-07:00,pm10,µg/m³,21.0
288,2026-01-17T11:00:00-07:00,pm10,µg/m³,36.0
288,2026-01-17T12:00:00-07:00,pm10,µg/m³,23.0
288,2026-01-17T13:00:00-07:00,pm10,µg/m³,27.0
288,2026-01-17T14:00:00-07:00,pm10,µg/m³,29.0
288,2026-01-17T15:00:00-07:00,pm10,µg/m³,20.0
288,2026-01-17T16:00:00-07:00,pm10,µg/m³,12.0
288,2026-01-17T17:00:00-07:00,pm10,µg/m³,14.0
288,2026-01-17T18:00:00-07:00,pm10,µg/m³,13.0
288,2026-01-17T19:00:00-07:00,pm10,µg/m³,40.0
288,2026-01-17T20:00:00-07:00,pm10,µg/m³,41.0
288,2026-01-17T21:00:00-07:00,pm10,µg/m³,39.0
288,2026-01-17T22:00:00-07:00,pm10,µg/m³,23.0
288,2026-01-17T23:00:00-07:00,pm10,µg/m³,41.0
288,2026-01-18T00:00:00-07:00,pm10,µg/m³,34.0
288,2026-01-18T01:00:00-07:00,pm10,µg/m³,22.0
288,2026-01-18T02:00:00-07:00,pm10,µg/m³,18.0
288,2026-01-18T03:00:00-07:00,pm10,µg/m³,15.0
288,2026-01-18T04:00:00-07:00,pm10,µg/m³,11.0
288,2026-01-18T05:00:00-07:00,pm10,µg/m³,6.0
288,2026-01-18T06:00:00-07:00,pm10,µg/m³,8.0
288,2026-01-18T07:00:00-07:00,pm10,µg/m³,9.0
288,2026-01-18T08:00:00-07:00,pm10,µg/m³,21.0
288,2026-01-18T09:00:00-07:00,pm10,µg/m³,1.0
288,2026-01-18T10:00:00-07:00,pm10,µg/m³,6.0
288,2026-01-18T11:00:00-07:00,pm10,µg/m³,18.0
288,2026-01-18T12:00:00-07:00,pm10,µg/m³,16.0
288,2026-01-18T13:00:00-07:00,pm10,µg/m³,18.0
288,2026-01-18T14:00:00-07:00,pm10,µg/m³,22.0
288,2026-01-18T15:00:00-07:00,pm10,µg/m³,5.0
288,2026-01-18T16:00:00-07:00,pm10,µg/m³,20.0
288,2026-01-18T17:00:00-07:00,pm10,µg/m³,27.0
288,2026-01-18T18:00:00-07:00,pm10,µg/m³,25.0
288,2026-01-18T19:00:00-07:00,pm10,µg/m³,33.0
288,2026-01-18T20:00:00-07:00,pm10,µg/m³,35.0
288,2026-01-18T21:00:00-07:00,pm10,µg/m³,51.0
288,2026-01-18T22:00:00-07:00,pm10,µg/m³,38.0
288,2026-01-18T23:00:00-07:00,pm10,µg/m³,30.0
288,2026-01-19T00:00:00-07:00,pm10,µg/m³,27.0
288,2026-01-19T01:00:00-07:00,pm10,µg/m³,19.0
288,2026-01-19T02:00:00-07:00,pm10,µg/m³,17.0
288,2026-01-19T03:00:00-07:00,pm10,µg/m³,13.0
288,2026-01-19T04:00:00-07:00,pm10,µg/m³,9.0
288,2026-01-19T05:00:00-07:00,pm10,µg/m³,8.0
288,2026-01-19T06:00:00-07:00,pm10,µg/m³,13.0
288,2026-01-19T07:00:00-07:00,pm10,µg/m³,13.0
288,2026-01-19T08:00:00-07:00,pm10,µg/m³,26.0
288,2026-01-19T09:00:00-07:00,pm10,µg/m³,13.0
288,2026-01-19T10:00:00-07:00,pm10,µg/m³,28.0
288,2026-01-19T11:00:00-07:00,pm10,µg/m³,14.0
288,2026-01-19T12:00:00-07:00,pm10,µg/m³,24.0
288,2026-01-19T13:00:00-07:00,pm10,µg/m³,21.0
288,2026-01-19T14:00:00-07:00,pm10,µg/m³,32.0
288,2026-01-19T15:00:00-07:00,pm10,µg/m³,21.0
288,2026-01-19T16:00:00-07:00,pm10,µg/m³,15.0
288,2026-01-19T17:00:00-07:00,pm10,µg/m³,26.0
288,2026-01-19T18:00:00-07:00,pm10,µg/m³,30.0
288,2026-01-19T19:00:00-07:00,pm10,µg/m³,39.0
288,2026-01-19T20:00:00-07:00,pm10,µg/m³,42.0
288,2026-01-19T21:00:00-07:00,pm10,µg/m³,32.0
288,2026-01-19T22:00:00-07:00,pm10,µg/m³,31.0
288,2026-01-19T23:00:00-07:00,pm10,µg/m³,28.0
288,2026-01-20T00:00:00-07:00,pm10,µg/m³,19.0
288,2026-01-20T01:00:00-07:00,pm10,µg/m³,10.0
288,2026-01-20T02:00:00-07:00,pm10,µg/m³,18.0
288,2026-01-20T03:00:00-07:00,pm10,µg/m³,12.0
288,2026-01-20T04:00:00-07:00,pm10,µg/m³,17.0
288,2026-01-20T05:00:00-07:00,pm10,µg/m³,16.0
288,2026-01-20T06:00:00-07:00,pm10,µg/m³,13.0
288,2026-01-20T07:00:00-07:00,pm10,µg/m³,22.0
288,2026-01-20T08:00:00-07:00,pm10,µg/m³,35.0
288,2026-01-20T09:00:00-07:00,pm10,µg/m³,26.0
288,2026-01-20T10:00:00-07:00,pm10,µg/m³,18.0
288,2026-01-20T11:00:00-07:00,pm10,µg/m³,34.0
288,2026-01-20T12:00:00-07:00,pm10,µg/m³,38.0
288,2026-01-20T13:00:00-07:00,pm10,µg/m³,52.0
288,2026-01-20T14:00:00-07:00,pm10,µg/m³,36.0
288,2026-01-20T15:00:00-07:00,pm10,µg/m³,25.0
288,2026-01-20T16:00:00-07:00,pm10,µg/m³,36.0
288,2026-01-20T17:00:00-07:00,pm10,µg/m³,44.0
288,2026-01-20T18:00:00-07:00,pm10,µg/m³,46.0
288,2026-01-20T19:00:00-07:00,pm10,µg/m³,53.0
288,2026-01-20T20:00:00-07:00,pm10,µg/m³,65.0
288,2026-01-20T21:00:00-07:00,pm10,µg/m³,60.0
288,2026-01-20T22:00:00-07:00,pm10,µg/m³,57.0
288,2026-01-20T23:00:00-07:00,pm10,µg/m³,35.0
288,2026-01-21T00:00:00-07:00,pm10,µg/m³,30.0
288,2026-01-21T01:00:00-07:00,pm10,µg/m³,16.0
288,2026-01-21T02:00:00-07:00,pm10,µg/m³,16.0
288,2026-01-21T03:00:00-07:00,pm10,µg/m³,15.0
288,2026-01-21T04:00:00-07:00,pm10,µg/m³,5.0
288,2026-01-21T05:00:00-07:00,pm10,µg/m³,15.0
288,2026-01-21T06:00:00-07:00,pm10,µg/m³,14.0
288,2026-01-21T07:00:00-07:00,pm10,µg/m³,25.0
288,2026-01-21T08:00:00-07:00,pm10,µg/m³,26.0
288,2026-01-21T09:00:00-07:00,pm10,µg/m³,30.0
288,2026-01-21T10:00:00-07:00,pm10,µg/m³,35.0
288,2026-01-21T11:00:00-07:00,pm10,µg/m³,35.0
288,2026-01-21T12:00:00-07:00,pm10,µg/m³,47.0
288,2026-01-21T13:00:00-07:00,pm10,µg/m³,36.0
288,2026-01-21T14:00:00-07:00,pm10,µg/m³,25.0
288,2026-01-21T15:00:00-07:00,pm10,µg/m³,30.0
288,2026-01-21T16:00:00-07:00,pm10,µg/m³,32.0
288,2026-01-21T17:00:00-07:00,pm10,µg/m³,41.0
288,2026-01-21T18:00:00-07:00,pm10,µg/m³,38.0
288,2026-01-21T19:00:00-07:00,pm10,µg/m³,29.0
288,2026-01-21T20:00:00-07:00,pm10,µg/m³,48.0
288,2026-01-21T21:00:00-07:00,pm10,µg/m³,55.0
288,2026-01-21T22:00:00-07:00,pm10,µg/m³,52.0
288,2026-01-21T23:00:00-07:00,pm10,µg/m³,33.0
288,2026-01-22T00:00:00-07:00,pm10,µg/m³,32.0
288,2026-01-22T01:00:00-07:00,pm10,µg/m³,18.0
288,2026-01-22T02:00:00-07:00,pm10,µg/m³,20.0
288,2026-01-22T03:00:00-07:00,pm10,µg/m³,14.0
288,2026-01-22T04:00:00-07:00,pm10,µg/m³,12.0
288,2026-01-22T05:00:00-07:00,pm10,µg/m³,14.0
288,2026-01-22T06:00:00-07:00,pm10,µg/m³,11.0
288,2026-01-22T07:00:00-07:00,pm10,µg/m³,21.0
288,2026-01-22T08:00:00-07:00,pm10,µg/m³,25.0
288,2026-01-22T09:00:00-07:00,pm10,µg/m³,38.0
288,2026-01-22T10:00:00-07:00,pm10,µg/m³,40.0
288,2026-01-22T11:00:00-07:00,pm10,µg/m³,44.0
288,2026-01-22T12:00:00-07:00,pm10,µg/m³,64.0
288,2026-01-22T13:00:00-07:00,pm10,µg/m³,51.0
288,2026-01-22T14:00:00-07:00,pm10,µg/m³,79.0
288,2026-01-22T15:00:00-07:00,pm10,µg/m³,57.0
288,2026-01-22T16:00:00-07:00,pm10,µg/m³,38.0
288,2026-01-22T17:00:00-07:00,pm10,µg/m³,43.0
288,2026-01-22T18:00:00-07:00,pm10,µg/m³,55.0
288,2026-01-22T19:00:00-07:00,pm10,µg/m³,59.0
288,2026-01-22T20:00:00-07:00,pm10,µg/m³,59.0
288,2026-01-22T21:00:00-07:00,pm10,µg/m³,50.0
288,2026-01-22T22:00:00-07:00,pm10,µg/m³,59.0
288,2026-01-22T23:00:00-07:00,pm10,µg/m³,38.0
288,2026-01-23T00:00:00-07:00,pm10,µg/m³,33.0
288,2026-01-23T01:00:00-07:00,pm10,µg/m³,26.0
288,2026-01-23T02:00:00-07:00,pm10,µg/m³,18.0
288,2026-01-23T03:00:00-07:00,pm10,µg/m³,18.0
288,2026-01-23T04:00:00-07:00,pm10,µg/m³,21.0
288,2026-01-23T05:00:00-07:00,pm10,µg/m³,21.0
288,2026-01-23T06:00:00-07:00,pm10,µg/m³,23.0
288,2026-01-23T07:00:00-07:00,pm10,µg/m³,35.0
288,2026-01-23T08:00:00-07:00,pm10,µg/m³,32.0
288,2026-01-23T09:00:00-07:00,pm10,µg/m³,42.0
288,2026-01-23T10:00:00-07:00,pm10,µg/m³,45.0
288,2026-01-23T11:00:00-07:00,pm10,µg/m³,57.0
288,2026-01-23T12:00:00-07:00,pm10,µg/m³,68.0
288,2026-01-23T13:00:00-07:00,pm10,µg/m³,64.0
288,2026-01-23T14:00:00-07:00,pm10,µg/m³,69.0
288,2026-01-23T15:00:00-07:00,pm10,µg/m³,55.0
288,2026-01-23T16:00:00-07:00,pm10,µg/m³,46.0
288,2026-01-23T17:00:00-07:00,pm10,µg/m³,34.0
288,2026-01-23T18:00:00-07:00,pm10,µg/m³,31.0
288,2026-01-23T19:00:00-07:00,pm10,µg/m³,28.0
288,2026-01-23T20:00:00-07:00,pm10,µg/m³,34.0
288,2026-01-23T21:00:00-07:00,pm10,µg/m³,24.0
288,2026-01-23T22:00:00-07:00,pm10,µg/m³,23.0
288,2026-01-23T23:00:00-07:00,pm10,µg/m³,16.0
288,2026-01-24T00:00:00-07:00,pm10,µg/m³,13.0
288,2026-01-24T01:00:00-07:00,pm10,µg/m³,18.0
288,2026-01-24T02:00:00-07:00,pm10,µg/m³,7.0
288,2026-01-24T03:00:00-07:00,pm10,µg/m³,13.0
288,2026-01-24T04:00:00-07:00,pm10,µg/m³,16.0
288,2026-01-24T05:00:00-07:00,pm10,µg/m³,14.0
288,2026-01-24T06:00:00-07:00,pm10,µg/m³,13.0
288,2026-01-24T07:00:00-07:00,pm10,µg/m³,12.0
288,2026-01-24T08:00:00-07:00,pm10,µg/m³,20.0
288,2026-01-24T09:00:00-07:00,pm10,µg/m³,9.0
288,2026-01-24T10:00:00-07:00,pm10,µg/m³,16.0
288,2026-01-24T11:00:00-07:00,pm10,µg/m³,5.0
288,2026-01-24T12:00:00-07:00,pm10,µg/m³,23.0
288,2026-01-24T13:00:00-07:00,pm10,µg/m³,13.0
288,2026-01-24T14:00:00-07:00,pm10,µg/m³,6.0
288,2026-01-24T15:00:00-07:00,pm10,µg/m³,7.0
288,2026-01-24T16:00:00-07:00,pm10,µg/m³,10.0
288,2026-01-24T17:00:00-07:00,pm10,µg/m³,11.0
288,2026-01-24T18:00:00-07:00,pm10,µg/m³,9.0
288,2026-01-24T19:00:00-07:00,pm10,µg/m³,13.0
288,2026-01-24T20:00:00-07:00,pm10,µg/m³,15.0
288,2026-01-24T21:00:00-07:00,pm10,µg/m³,18.0
288,2026-01-24T22:00:00-07:00,pm10,µg/m³,9.0
288,2026-01-24T23:00:00-07:00,pm10,µg/m³,17.0
288,2026-01-25T00:00:00-07:00,pm10,µg/m³,9.0
288,2026-01-25T01:00:00-07:00,pm10,µg/m³,9.0
288,2026-01-25T02:00:00-07:00,pm10,µg/m³,13.0
288,2026-01-25T03:00:00-07:00,pm10,µg/m³,14.0
288,2026-01-25T04:00:00-07:00,pm10,µg/m³,12.0
288,2026-01-25T05:00:00-07:00,pm10,µg/m³,1.0
288,2026-01-25T06:00:00-07:00,pm10,µg/m³,14.0
288,2026-01-25T07:00:00-07:00,pm10,µg/m³,8.0
288,2026-01-25T08:00:00-07:00,pm10,µg/m³,14.0
288,2026-01-25T09:00:00-07:00,pm10,µg/m³,11.0
288,2026-01-25T10:00:00-07:00,pm10,µg/m³,11.0
288,2026-01-25T11:00:00-07:00,pm10,µg/m³,16.0
288,2026-01-25T12:00:00-07:00,pm10,µg/m³,15.0
288,2026-01-25T13:00:00-07:00,pm10,µg/m³,4.0
288,2026-01-25T14:00:00-07:00,pm10,µg/m³,10.0
288,2026-01-25T15:00:00-07:00,pm10,µg/m³,1.0
288,2026-01-25T16:00:00-07:00,pm10,µg/m³,3.0
288,2026-01-25T17:00:00-07:00,pm10,µg/m³,2.0
288,2026-01-25T18:00:00-07:00,pm10,µg/m³,7.0
288,2026-01-25T19:00:00-07:00,pm10,µg/m³,26.0
288,2026-01-25T20:00:00-07:00,pm10,µg/m³,21.0
288,2026-01-25T21:00:00-07:00,pm10,µg/m³,11.0
288,2026-01-25T22:00:00-07:00,pm10,µg/m³,22.0
288,2026-01-25T23:00:00-07:00,pm10,µg/m³,1.0
288,2026-01-26T00:00:00-07:00,pm10,µg/m³,12.0
288,2026-01-26T01:00:00-07:00,pm10,µg/m³,5.0
288,2026-01-26T02:00:00-07:00,pm10,µg/m³,
288,2026-01-26T03:00:00-07:00,pm10,µg/m³,15.0
288,2026-01-26T04:00:00-07:00,pm10,µg/m³,5.0
288,2026-01-26T05:00:00-07:00,pm10,µg/m³,7.0
288,2026-01-26T06:00:00-07:00,pm10,µg/m³,10.0
288,2026-01-26T07:00:00-07:00,pm10,µg/m³,23.0
288,2026-01-26T08:00:00-07:00,pm10,µg/m³,24.0
288,2026-01-26T09:00:00-07:00,pm10,µg/m³,12.0
288,2026-01-26T10:00:00-07:00,pm10,µg/m³,23.0
288,2026-01-26T11:00:00-07:00,pm10,µg/m³,11.0
288,2026-01-26T12:00:00-07:00,pm10,µg/m³,25.0
288,2026-01-26T13:00:00-07:00,pm10,µg/m³,31.0
288,2026-01-26T14:00:00-07:00,pm10,µg/m³,23.0
288,2026-01-26T15:00:00-07:00,pm10,µg/m³,23.0
288,2026-01-26T16:00:00-07:00,pm10,µg/m³,21.0
288,2026-01-26T17:00:00-07:00,pm10,µg/m³,30.0
288,2026-01-26T18:00:00-07:00,pm10,µg/m³,22.0
288,2026-01-26T19:00:00-07:00,pm10,µg/m³,38.0
288,2026-01-26T20:00:00-07:00,pm10,µg/m³,43.0
288,2026-01-26T21:00:00-07:00,pm10,µg/m³,55.0
288,2026-01-26T22:00:00-07:00,pm10,µg/m³,38.0
288,2026-01-26T23:00:00-07:00,pm10,µg/m³,37.0
288,2026-01-27T00:00:00-07:00,pm10,µg/m³,36.0
288,2026-01-27T01:00:00-07:00,pm10,µg/m³,32.0
288,2026-01-27T02:00:00-07:00,pm10,µg/m³,28.0
288,2026-01-27T03:00:00-07:00,pm10,µg/m³,37.0
288,2026-01-27T04:00:00-07:00,pm10,µg/m³,23.0
288,2026-01-27T05:00:00-07:00,pm10,µg/m³,19.0
288,2026-01-27T06:00:00-07:00,pm10,µg/m³,20.0
288,2026-01-27T07:00:00-07:00,pm10,µg/m³,38.0
288,2026-01-27T08:00:00-07:00,pm10,µg/m³,37.0
288,2026-01-27T09:00:00-07:00,pm10,µg/m³,28.0
288,2026-01-27T10:00:00-07:00,pm10,µg/m³,19.0
288,2026-01-27T11:00:00-07:00,pm10,µg/m³,27.0
288,2026-01-27T12:00:00-07:00,pm10,µg/m³,28.0
288,2026-01-27T13:00:00-07:00,pm10,µg/m³,62.0
288,2026-01-27T14:00:00-07:00,pm10,µg/m³,36.0
288,2026-01-27T15:00:00-07:00,pm10,µg/m³,23.0
288,2026-01-27T16:00:00-07:00,pm10,µg/m³,26.0
288,2026-01-27T17:00:00-07:00,pm10,µg/m³,49.0
288,2026-01-27T18:00:00-07:00,pm10,µg/m³,39.0
288,2026-01-27T19:00:00-07:00,pm10,µg/m³,35.0
288,2026-01-27T20:00:00-07:00,pm10,µg/m³,42.0
288,2026-01-27T21:00:00-07:00,pm10,µg/m³,49.0
288,2026-01-27T22:00:00-07:00,pm10,µg/m³,45.0
288,2026-01-27T23:00:00-07:00,pm10,µg/m³,37.0
288,2026-01-28T00:00:00-07:00,pm10,µg/m³,35.0
288,2026-01-28T01:00:00-07:00,pm10,µg/m³,10.0
288,2026-01-28T02:00:00-07:00,pm10,µg/m³,15.0
288,2026-01-28T03:00:00-07:00,pm10,µg/m³,28.0
288,2026-01-28T04:00:00-07:00,pm10,µg/m³,13.0
288,2026-01-28T05:00:00-07:00,pm10,µg/m³,13.0
288,2026-01-28T06:00:00-07:00,pm10,µg/m³,20.0
288,2026-01-28T07:00:00-07:00,pm10,µg/m³,22.0
288,2026-01-28T08:00:00-07:00,pm10,µg/m³,39.0
288,2026-01-28T09:00:00-07:00,pm10,µg/m³,57.0
288,2026-01-28T10:00:00-07:00,pm10,µg/m³,70.0
288,2026-01-28T11:00:00-07:00,pm10,µg/m³,86.0
288,2026-01-28T12:00:00-07:00,pm10,µg/m³,40.0
288,2026-01-28T13:00:00-07:00,pm10,µg/m³,33.0
288,2026-01-28T14:00:00-07:00,pm10,µg/m³,28.0
288,2026-01-28T15:00:00-07:00,pm10,µg/m³,15.0
288,2026-01-28T16:00:00-07:00,pm10,µg/m³,40.0
288,2026-01-28T17:00:00-07:00,pm10,µg/m³,25.0
288,2026-01-28T18:00:00-07:00,pm10,µg/m³,17.0
288,2026-01-28T19:00:00-07:00,pm10,µg/m³,16.0
288,2026-01-28T20:00:00-07:00,pm10,µg/m³,1.0
288,2026-01-28T21:00:00-07:00,pm10,µg/m³,0.0
288,2026-01-28T22:00:00-07:00,pm10,µg/m³,23.0
288,2026-01-28T23:00:00-07:00,pm10,µg/m³,19.0
288,2026-01-29T00:00:00-07:00,pm10,µg/m³,26.0
288,2026-01-29T01:00:00-07:00,pm10,µg/m³,12.0
288,2026-01-29T02:00:00-07:00,pm10,µg/m³,21.0
288,2026-01-29T04:00:00-07:00,pm10,µg/m³,18.0
288,2026-01-29T05:00:00-07:00,pm10,µg/m³,18.0
288,2026-01-29T06:00:00-07:00,pm10,µg/m³,21.0
288,2026-01-29T07:00:00-07:00,pm10,µg/m³,15.0
288,2026-01-29T08:00:00-07:00,pm10,µg/m³,20.0
288,2026-01-29T09:00:00-07:00,pm10,µg/m³,29.0
288,2026-01-29T10:00:00-07:00,pm10,µg/m³,27.0
288,2026-01-29T11:00:00-07:00,pm10,µg/m³,42.0
288,2026-01-29T12:00:00-07:00,pm10,µg/m³,40.0
288,2026-01-29T13:00:00-07:00,pm10,µg/m³,26.0
288,2026-01-29T14:00:00-07:00,pm10,µg/m³,36.0
288,2026-01-29T15:00:00-07:00,pm10,µg/m³,18.0
288,2026-01-29T16:00:00-07:00,pm10,µg/m³,16.0
288,2026-01-29T17:00:00-07:00,pm10,µg/m³,29.0
288,2026-01-29T18:00:00-07:00,pm10,µg/m³,32.0
288,2026-01-29T19:00:00-07:00,pm10,µg/m³,25.0
288,2026-01-29T20:00:00-07:00,pm10,µg/m³,22.0
288,2026-01-29T21:00:00-07:00,pm10,µg/m³,20.0
288,2026-01-29T22:00:00-07:00,pm10,µg/m³,20.0
288,2026-01-29T23:00:00-07:00,pm10,µg/m³,25.0
288,2026-01-30T00:00:00-07:00,pm10,µg/m³,16.0
288,2026-01-30T01:00:00-07:00,pm10,µg/m³,18.0
288,2026-01-30T02:00:00-07:00,pm10,µg/m³,14.0
288,2026-01-30T03:00:00-07:00,pm10,µg/m³,16.0
288,2026-01-30T04:00:00-07:00,pm10,µg/m³,11.0
288,2026-01-30T05:00:00-07:00,pm10,µg/m³,14.0
288,2026-01-30T06:00:00-07:00,pm10,µg/m³,13.0
288,2026-01-30T07:00:00-07:00,pm10,µg/m³,18.0
288,2026-01-30T08:00:00-07:00,pm10,µg/m³,22.0
288,2026-01-30T09:00:00-07:00,pm10,µg/m³,9.0
288,2026-01-30T10:00:00-07:00,pm10,µg/m³,29.0
288,2026-01-30T11:00:00-07:00,pm10,µg/m³,33.0
288,2026-01-30T12:00:00-07:00,pm10,µg/m³,28.0
288,2026-01-30T13:00:00-07:00,pm10,µg/m³,21.0
288,2026-01-30T14:00:00-07:00,pm10,µg/m³,24.0
288,2026-01-30T15:00:00-07:00,pm10,µg/m³,35.0
288,2026-01-30T16:00:00-07:00,pm10,µg/m³,29.0
288,2026-01-30T17:00:00-07:00,pm10,µg/m³,36.0
288,2026-01-30T18:00:00-07:00,pm10,µg/m³,51.0
288,2026-01-30T19:00:00-07:00,pm10,µg/m³,58.0
288,2026-01-30T20:00:00-07:00,pm10,µg/m³,64.0
288,2026-01-30T21:00:00-07:00,pm10,µg/m³,66.0
288,2026-01-30T22:00:00-07:00,pm10,µg/m³,65.0
288,2026-01-30T23:00:00-07:00,pm10,µg/m³,46.0
288,2026-01-31T00:00:00-07:00,pm10,µg/m³,43.0
288,2026-01-31T01:00:00-07:00,pm10,µg/m³,33.0
288,2026-01-31T02:00:00-07:00,pm10,µg/m³,40.0
288,2026-01-31T03:00:00-07:00,pm10,µg/m³,24.0
288,2026-01-31T04:00:00-07:00,pm10,µg/m³,25.0
288,2026-01-31T05:00:00-07:00,pm10,µg/m³,28.0
288,2026-01-31T06:00:00-07:00,pm10,µg/m³,17.0
288,2026-01-31T07:00:00-07:00,pm10,µg/m³,15.0
288,2026-01-31T08:00:00-07:00,pm10,µg/m³,23.0
288,2026-01-31T09:00:00-07:00,pm10,µg/m³,5.0
288,2026-01-31T10:00:00-07:00,pm10,µg/m³,7.0
288,2026-01-31T11:00:00-07:00,pm10,µg/m³,18.0
288,2026-01-31T12:00:00-07:00,pm10,µg/m³,15.0
288,2026-01-31T13:00:00-07:00,pm10,µg/m³,24.0
288,2026-01-31T14:00:00-07:00,pm10,µg/m³,30.0
288,2026-01-31T15:00:00-07:00,pm10,µg/m³,18.0
288,2026-01-31T16:00:00-07:00,pm10,µg/m³,29.0
288,2026-01-31T17:00:00-07:00,pm10,µg/m³,28.0
288,2026-01-31T18:00:00-07:00,pm10,µg/m³,32.0
288,2026-01-31T19:00:00-07:00,pm10,µg/m³,35.0
288,2026-01-31T20:00:00-07:00,pm10,µg/m³,48.0
288,2026-01-31T21:00:00-07:00,pm10,µg/m³,59.0
288,2026-01-31T22:00:00-07:00,pm10,µg/m³,49.0
288,2026-01-31T23:00:00-07:00,pm10,µg/m³,44.0
288,2026-02-01T00:00:00-07:00,pm10,µg/m³,31.0
station_id,timestamp,parameter,unit,value
288,2026-01-01T01:00:00-07:00,co,ppm,0.6
288,2026-01-01T02:00:00-07:00,co,ppm,0.5
288,2026-01-01T03:00:00-07:00,co,ppm,0.6
288,2026-01-01T04:00:00-07:00,co,ppm,0.5
288,2026-01-01T05:00:00-07:00,co,ppm,0.5
288,2026-01-01T06:00:00-07:00,co,ppm,0.5
288,2026-01-01T07:00:00-07:00,co,ppm,0.5
288,2026-01-01T08:00:00-07:00,co,ppm,0.4
288,2026-01-01T09:00:00-07:00,co,ppm,0.4
288,2026-01-01T10:00:00-07:00,co,ppm,0.3
288,2026-01-01T11:00:00-07:00,co,ppm,0.1
288,2026-01-01T12:00:00-07:00,co,ppm,0.0
288,2026-01-01T13:00:00-07:00,co,ppm,0.0
288,2026-01-01T14:00:00-07:00,co,ppm,0.0
288,2026-01-01T15:00:00-07:00,co,ppm,0.0
288,2026-01-01T16:00:00-07:00,co,ppm,0.0
288,2026-01-01T17:00:00-07:00,co,ppm,0.0
288,2026-01-01T18:00:00-07:00,co,ppm,0.1
288,2026-01-01T19:00:00-07:00,co,ppm,0.2
288,2026-01-01T20:00:00-07:00,co,ppm,0.1
288,2026-01-01T21:00:00-07:00,co,ppm,0.2
288,2026-01-01T22:00:00-07:00,co,ppm,0.3
288,2026-01-01T23:00:00-07:00,co,ppm,0.2
288,2026-01-02T00:00:00-07:00,co,ppm,0.1
288,2026-01-02T01:00:00-07:00,co,ppm,0.2
288,2026-01-02T02:00:00-07:00,co,ppm,0.1
288,2026-01-02T03:00:00-07:00,co,ppm,0.1
288,2026-01-02T04:00:00-07:00,co,ppm,0.1
288,2026-01-02T05:00:00-07:00,co,ppm,0.1
288,2026-01-02T06:00:00-07:00,co,ppm,0.2
288,2026-01-02T07:00:00-07:00,co,ppm,0.2
288,2026-01-02T08:00:00-07:00,co,ppm,0.4
288,2026-01-02T09:00:00-07:00,co,ppm,0.4
288,2026-01-02T10:00:00-07:00,co,ppm,0.3
288,2026-01-02T11:00:00-07:00,co,ppm,0.1
288,2026-01-02T12:00:00-07:00,co,ppm,0.1
288,2026-01-02T13:00:00-07:00,co,ppm,0.1
288,2026-01-02T14:00:00-07:00,co,ppm,0.1
288,2026-01-02T15:00:00-07:00,co,ppm,0.1
288,2026-01-02T16:00:00-07:00,co,ppm,0.1
288,2026-01-02T17:00:00-07:00,co,ppm,0.2
288,2026-01-02T18:00:00-07:00,co,ppm,0.3
288,2026-01-02T19:00:00-07:00,co,ppm,0.5
288,2026-01-02T20:00:00-07:00,co,ppm,0.5
288,2026-01-02T21:00:00-07:00,co,ppm,0.5
288,2026-01-02T22:00:00-07:00,co,ppm,0.5
288,2026-01-02T23:00:00-07:00,co,ppm,0.3
288,2026-01-03T00:00:00-07:00,co,ppm,0.4
288,2026-01-03T01:00:00-07:00,co,ppm,0.3
288,2026-01-03T02:00:00-07:00,co,ppm,0.4
288,2026-01-03T03:00:00-07:00,co,ppm,0.2
288,2026-01-03T04:00:00-07:00,co,ppm,0.1
288,2026-01-03T05:00:00-07:00,co,ppm,0.2
288,2026-01-03T06:00:00-07:00,co,ppm,0.2
288,2026-01-03T07:00:00-07:00,co,ppm,0.2
288,2026-01-03T08:00:00-07:00,co,ppm,0.2
288,2026-01-03T09:00:00-07:00,co,ppm,0.3
288,2026-01-03T10:00:00-07:00,co,ppm,0.1
288,2026-01-03T11:00:00-07:00,co,ppm,0.2
288,2026-01-03T12:00:00-07:00,co,ppm,0.2
288,2026-01-03T13:00:00-07:00,co,ppm,0.1
288,2026-01-03T14:00:00-07:00,co,ppm,0.1
288,2026-01-03T15:00:00-07:00,co,ppm,0.1
288,2026-01-03T16:00:00-07:00,co,ppm,0.1
288,2026-01-03T17:00:00-07:00,co,ppm,0.2
288,2026-01-03T18:00:00-07:00,co,ppm,0.2
288,2026-01-03T19:00:00-07:00,co,ppm,0.2
288,2026-01-03T20:00:00-07:00,co,ppm,0.1
288,2026-01-03T21:00:00-07:00,co,ppm,0.2
288,2026-01-03T22:00:00-07:00,co,ppm,0.2
288,2026-01-03T23:00:00-07:00,co,ppm,0.2
288,2026-01-04T00:00:00-07:00,co,ppm,0.2
288,2026-01-04T01:00:00-07:00,co,ppm,0.2
288,2026-01-04T02:00:00-07:00,co,ppm,0.2
288,2026-01-04T03:00:00-07:00,co,ppm,0.2
288,2026-01-04T04:00:00-07:00,co,ppm,0.2
288,2026-01-04T05:00:00-07:00,co,ppm,0.2
288,2026-01-04T06:00:00-07:00,co,ppm,0.2
288,2026-01-04T07:00:00-07:00,co,ppm,0.2
288,2026-01-04T08:00:00-07:00,co,ppm,0.2
288,2026-01-04T09:00:00-07:00,co,ppm,0.3
288,2026-01-04T10:00:00-07:00,co,ppm,0.3
288,2026-01-04T11:00:00-07:00,co,ppm,0.3
288,2026-01-04T12:00:00-07:00,co,ppm,0.2
288,2026-01-04T13:00:00-07:00,co,ppm,0.2
288,2026-01-04T14:00:00-07:00,co,ppm,0.3
288,2026-01-04T15:00:00-07:00,co,ppm,0.2
288,2026-01-04T16:00:00-07:00,co,ppm,0.2
288,2026-01-04T17:00:00-07:00,co,ppm,0.2
288,2026-01-04T18:00:00-07:00,co,ppm,0.2
288,2026-01-04T19:00:00-07:00,co,ppm,0.2
288,2026-01-04T20:00:00-07:00,co,ppm,0.2
288,2026-01-04T21:00:00-07:00,co,ppm,0.3
288,2026-01-04T22:00:00-07:00,co,ppm,0.3
288,2026-01-04T23:00:00-07:00,co,ppm,0.3
288,2026-01-05T00:00:00-07:00,co,ppm,0.3
288,2026-01-05T01:00:00-07:00,co,ppm,0.2
288,2026-01-05T02:00:00-07:00,co,ppm,0.2
288,2026-01-05T03:00:00-07:00,co,ppm,0.2
288,2026-01-05T04:00:00-07:00,co,ppm,0.2
288,2026-01-05T05:00:00-07:00,co,ppm,0.2
288,2026-01-05T07:00:00-07:00,co,ppm,0.3
288,2026-01-05T08:00:00-07:00,co,ppm,0.3
288,2026-01-05T09:00:00-07:00,co,ppm,0.4
288,2026-01-05T10:00:00-07:00,co,ppm,0.3
288,2026-01-05T11:00:00-07:00,co,ppm,0.3
288,2026-01-05T12:00:00-07:00,co,ppm,0.2
288,2026-01-05T13:00:00-07:00,co,ppm,0.2
288,2026-01-05T14:00:00-07:00,co,ppm,0.2
288,2026-01-05T15:00:00-07:00,co,ppm,0.2
288,2026-01-05T16:00:00-07:00,co,ppm,0.3
288,2026-01-05T17:00:00-07:00,co,ppm,0.3
288,2026-01-05T18:00:00-07:00,co,ppm,0.3
288,2026-01-05T19:00:00-07:00,co,ppm,0.5
288,2026-01-05T20:00:00-07:00,co,ppm,0.5
288,2026-01-05T21:00:00-07:00,co,ppm,0.5
288,2026-01-05T22:00:00-07:00,co,ppm,0.6
288,2026-01-05T23:00:00-07:00,co,ppm,0.6
288,2026-01-06T00:00:00-07:00,co,ppm,0.6
288,2026-01-06T01:00:00-07:00,co,ppm,0.4
288,2026-01-06T02:00:00-07:00,co,ppm,0.2
288,2026-01-06T03:00:00-07:00,co,ppm,0.2
288,2026-01-06T04:00:00-07:00,co,ppm,0.2
288,2026-01-06T05:00:00-07:00,co,ppm,0.2
288,2026-01-06T06:00:00-07:00,co,ppm,0.3
288,2026-01-06T07:00:00-07:00,co,ppm,0.3
288,2026-01-06T08:00:00-07:00,co,ppm,0.7
288,2026-01-06T09:00:00-07:00,co,ppm,0.9
288,2026-01-06T10:00:00-07:00,co,ppm,0.4
288,2026-01-06T11:00:00-07:00,co,ppm,0.2
288,2026-01-06T12:00:00-07:00,co,ppm,0.1
288,2026-01-06T13:00:00-07:00,co,ppm,0.1
288,2026-01-06T14:00:00-07:00,co,ppm,0.0
288,2026-01-06T15:00:00-07:00,co,ppm,0.0
288,2026-01-06T16:00:00-07:00,co,ppm,0.0
288,2026-01-06T17:00:00-07:00,co,ppm,0.1
288,2026-01-06T18:00:00-07:00,co,ppm,0.1
288,2026-01-06T19:00:00-07:00,co,ppm,0.3
288,2026-01-06T20:00:00-07:00,co,ppm,0.5
288,2026-01-06T21:00:00-07:00,co,ppm,0.6
288,2026-01-06T22:00:00-07:00,co,ppm,0.4
288,2026-01-06T23:00:00-07:00,co,ppm,0.4
288,2026-01-07T00:00:00-07:00,co,ppm,0.2
288,2026-01-07T01:00:00-07:00,co,ppm,0.2
288,2026-01-07T02:00:00-07:00,co,ppm,0.2
288,2026-01-07T03:00:00-07:00,co,ppm,0.1
288,2026-01-07T04:00:00-07:00,co,ppm,0.1
288,2026-01-07T05:00:00-07:00,co,ppm,0.3
288,2026-01-07T06:00:00-07:00,co,ppm,0.4
288,2026-01-07T07:00:00-07:00,co,ppm,0.5
288,2026-01-07T08:00:00-07:00,co,ppm,0.6
288,2026-01-07T09:00:00-07:00,co,ppm,0.6
288,2026-01-07T10:00:00-07:00,co,ppm,0.4
288,2026-01-07T11:00:00-07:00,co,ppm,0.1
288,2026-01-07T12:00:00-07:00,co,ppm,0.0
288,2026-01-07T13:00:00-07:00,co,ppm,0.0
288,2026-01-07T14:00:00-07:00,co,ppm,0.0
288,2026-01-07T15:00:00-07:00,co,ppm,0.1
288,2026-01-07T16:00:00-07:00,co,ppm,0.1
288,2026-01-07T17:00:00-07:00,co,ppm,0.2
288,2026-01-07T18:00:00-07:00,co,ppm,0.2
288,2026-01-07T19:00:00-07:00,co,ppm,0.1
288,2026-01-07T20:00:00-07:00,co,ppm,0.2
288,2026-01-07T21:00:00-07:00,co,ppm,0.2
288,2026-01-07T22:00:00-07:00,co,ppm,0.3
288,2026-01-07T23:00:00-07:00,co,ppm,0.3
288,2026-01-08T00:00:00-07:00,co,ppm,0.2
288,2026-01-08T01:00:00-07:00,co,ppm,0.2
288,2026-01-08T02:00:00-07:00,co,ppm,0.2
288,2026-01-08T03:00:00-07:00,co,ppm,0.1
288,2026-01-08T04:00:00-07:00,co,ppm,0.1
288,2026-01-08T05:00:00-07:00,co,ppm,0.2
288,2026-01-08T06:00:00-07:00,co,ppm,0.3
288,2026-01-08T07:00:00-07:00,co,ppm,0.4
288,2026-01-08T08:00:00-07:00,co,ppm,0.7
288,2026-01-08T09:00:00-07:00,co,ppm,0.8
288,2026-01-08T10:00:00-07:00,co,ppm,0.7
288,2026-01-08T11:00:00-07:00,co,ppm,0.2
288,2026-01-08T12:00:00-07:00,co,ppm,0.2
288,2026-01-08T13:00:00-07:00,co,ppm,0.2
288,2026-01-08T14:00:00-07:00,co,ppm,0.2
288,2026-01-08T15:00:00-07:00,co,ppm,0.2
288,2026-01-08T16:00:00-07:00,co,ppm,0.2
288,2026-01-08T17:00:00-07:00,co,ppm,0.1
288,2026-01-08T18:00:00-07:00,co,ppm,0.2
288,2026-01-08T19:00:00-07:00,co,ppm,0.2
288,2026-01-08T20:00:00-07:00,co,ppm,0.2
288,2026-01-08T21:00:00-07:00,co,ppm,0.2
288,2026-01-08T22:00:00-07:00,co,ppm,0.2
288,2026-01-08T23:00:00-07:00,co,ppm,0.2
288,2026-01-09T00:00:00-07:00,co,ppm,0.1
288,2026-01-09T01:00:00-07:00,co,ppm,0.2
288,2026-01-09T02:00:00-07:00,co,ppm,0.1
288,2026-01-09T03:00:00-07:00,co,ppm,0.1
288,2026-01-09T04:00:00-07:00,co,ppm,0.1
288,2026-01-09T05:00:00-07:00,co,ppm,0.2
288,2026-01-09T06:00:00-07:00,co,ppm,0.3
288,2026-01-09T07:00:00-07:00,co,ppm,0.4
288,2026-01-09T08:00:00-07:00,co,ppm,0.3
288,2026-01-09T09:00:00-07:00,co,ppm,0.3
288,2026-01-09T10:00:00-07:00,co,ppm,0.2
288,2026-01-09T11:00:00-07:00,co,ppm,0.2
288,2026-01-09T12:00:00-07:00,co,ppm,0.2
288,2026-01-09T13:00:00-07:00,co,ppm,0.2
288,2026-01-09T14:00:00-07:00,co,ppm,0.2
288,2026-01-09T15:00:00-07:00,co,ppm,0.2
288,2026-01-09T16:00:00-07:00,co,ppm,0.2
288,2026-01-09T17:00:00-07:00,co,ppm,0.2
288,2026-01-09T18:00:00-07:00,co,ppm,0.3
288,2026-01-09T19:00:00-07:00,co,ppm,0.3
288,2026-01-09T20:00:00-07:00,co,ppm,0.3
288,2026-01-09T21:00:00-07:00,co,ppm,0.3
288,2026-01-09T22:00:00-07:00,co,ppm,0.3
288,2026-01-09T23:00:00-07:00,co,ppm,0.3
288,2026-01-10T00:00:00-07:00,co,ppm,0.2
288,2026-01-10T01:00:00-07:00,co,ppm,0.2
288,2026-01-10T02:00:00-07:00,co,ppm,0.2
288,2026-01-10T03:00:00-07:00,co,ppm,0.2
288,2026-01-10T04:00:00-07:00,co,ppm,0.2
288,2026-01-10T05:00:00-07:00,co,ppm,0.2
288,2026-01-10T06:00:00-07:00,co,ppm,0.2
288,2026-01-10T07:00:00-07:00,co,ppm,0.3
288,2026-01-10T08:00:00-07:00,co,ppm,0.3
288,2026-01-10T09:00:00-07:00,co,ppm,0.3
288,2026-01-10T10:00:00-07:00,co,ppm,0.3
288,2026-01-10T11:00:00-07:00,co,ppm,0.3
288,2026-01-10T12:00:00-07:00,co,ppm,0.2
288,2026-01-10T13:00:00-07:00,co,ppm,0.2
288,2026-01-10T14:00:00-07:00,co,ppm,0.2
288,2026-01-10T15:00:00-07:00,co,ppm,0.2
288,2026-01-10T16:00:00-07:00,co,ppm,0.2
288,2026-01-10T17:00:00-07:00,co,ppm,0.2
288,2026-01-10T18:00:00-07:00,co,ppm,0.2
288,2026-01-10T19:00:00-07:00,co,ppm,0.3
288,2026-01-10T20:00:00-07:00,co,ppm,0.3
288,2026-01-10T21:00:00-07:00,co,ppm,0.5
288,2026-01-10T22:00:00-07:00,co,ppm,0.4
288,2026-01-10T23:00:00-07:00,co,ppm,0.5
288,2026-01-11T00:00:00-07:00,co,ppm,0.4
288,2026-01-11T01:00:00-07:00,co,ppm,0.4
288,2026-01-11T02:00:00-07:00,co,ppm,0.4
288,2026-01-11T03:00:00-07:00,co,ppm,0.3
288,2026-01-11T04:00:00-07:00,co,ppm,0.3
288,2026-01-11T05:00:00-07:00,co,ppm,0.3
288,2026-01-11T06:00:00-07:00,co,ppm,0.3
288,2026-01-11T07:00:00-07:00,co,ppm,0.4
288,2026-01-11T08:00:00-07:00,co,ppm,0.6
288,2026-01-11T09:00:00-07:00,co,ppm,0.6
288,2026-01-11T10:00:00-07:00,co,ppm,0.4
288,2026-01-11T11:00:00-07:00,co,ppm,0.3
288,2026-01-11T12:00:00-07:00,co,ppm,0.3
288,2026-01-11T13:00:00-07:00,co,ppm,0.2
288,2026-01-11T14:00:00-07:00,co,ppm,0.2
288,2026-01-11T15:00:00-07:00,co,ppm,0.2
288,2026-01-11T16:00:00-07:00,co,ppm,0.2
288,2026-01-11T17:00:00-07:00,co,ppm,0.2
288,2026-01-11T18:00:00-07:00,co,ppm,0.2
288,2026-01-11T19:00:00-07:00,co,ppm,0.2
288,2026-01-11T20:00:00-07:00,co,ppm,0.4
288,2026-01-11T21:00:00-07:00,co,ppm,0.6
288,2026-01-11T22:00:00-07:00,co,ppm,0.6
288,2026-01-11T23:00:00-07:00,co,ppm,0.6
288,2026-01-12T00:00:00-07:00,co,ppm,0.6
288,2026-01-12T01:00:00-07:00,co,ppm,0.5
288,2026-01-12T02:00:00-07:00,co,ppm,0.4
288,2026-01-12T03:00:00-07:00,co,ppm,0.2
288,2026-01-12T04:00:00-07:00,co,ppm,0.2
288,2026-01-12T05:00:00-07:00,co,ppm,0.3
288,2026-01-12T07:00:00-07:00,co,ppm,0.5
288,2026-01-12T08:00:00-07:00,co,ppm,0.9
288,2026-01-12T09:00:00-07:00,co,ppm,1.3
288,2026-01-12T10:00:00-07:00,co,ppm,0.6
288,2026-01-12T11:00:00-07:00,co,ppm,0.3
288,2026-01-12T12:00:00-07:00,co,ppm,0.2
288,2026-01-12T13:00:00-07:00,co,ppm,0.2
288,2026-01-12T14:00:00-07:00,co,ppm,0.2
288,2026-01-12T15:00:00-07:00,co,ppm,0.1
288,2026-01-12T16:00:00-07:00,co,ppm,0.1
288,2026-01-12T17:00:00-07:00,co,ppm,0.1
288,2026-01-12T18:00:00-07:00,co,ppm,0.1
288,2026-01-12T19:00:00-07:00,co,ppm,0.2
288,2026-01-12T20:00:00-07:00,co,ppm,0.5
288,2026-01-12T21:00:00-07:00,co,ppm,0.7
288,2026-01-12T22:00:00-07:00,co,ppm,0.6
288,2026-01-12T23:00:00-07:00,co,ppm,0.5
288,2026-01-13T00:00:00-07:00,co,ppm,0.5
288,2026-01-13T01:00:00-07:00,co,ppm,0.4
288,2026-01-13T02:00:00-07:00,co,ppm,0.4
288,2026-01-13T03:00:00-07:00,co,ppm,0.3
288,2026-01-13T04:00:00-07:00,co,ppm,0.3
288,2026-01-13T05:00:00-07:00,co,ppm,0.4
288,2026-01-13T06:00:00-07:00,co,ppm,0.4
288,2026-01-13T07:00:00-07:00,co,ppm,0.5
288,2026-01-13T08:00:00-07:00,co,ppm,0.8
288,2026-01-13T09:00:00-07:00,co,ppm,0.9
288,2026-01-13T10:00:00-07:00,co,ppm,0.7
288,2026-01-13T11:00:00-07:00,co,ppm,0.3
288,2026-01-13T12:00:00-07:00,co,ppm,0.1
288,2026-01-13T13:00:00-07:00,co,ppm,0.2
288,2026-01-13T14:00:00-07:00,co,ppm,0.2
288,2026-01-13T15:00:00-07:00,co,ppm,0.1
288,2026-01-13T16:00:00-07:00,co,ppm,0.1
288,2026-01-13T17:00:00-07:00,co,ppm,0.1
288,2026-01-13T18:00:00-07:00,co,ppm,0.1
288,2026-01-13T19:00:00-07:00,co,ppm,0.1
288,2026-01-13T20:00:00-07:00,co,ppm,0.2
288,2026-01-13T21:00:00-07:00,co,ppm,0.4
288,2026-01-13T22:00:00-07:00,co,ppm,0.5
288,2026-01-13T23:00:00-07:00,co,ppm,0.5
288,2026-01-14T00:00:00-07:00,co,ppm,0.5
288,2026-01-14T01:00:00-07:00,co,ppm,0.4
288,2026-01-14T02:00:00-07:00,co,ppm,0.2
288,2026-01-14T03:00:00-07:00,co,ppm,0.2
288,2026-01-14T04:00:00-07:00,co,ppm,0.2
288,2026-01-14T05:00:00-07:00,co,ppm,0.3
288,2026-01-14T06:00:00-07:00,co,ppm,0.4
288,2026-01-14T07:00:00-07:00,co,ppm,0.6
288,2026-01-14T08:00:00-07:00,co,ppm,0.9
288,2026-01-14T09:00:00-07:00,co,ppm,1.2
288,2026-01-14T10:00:00-07:00,co,ppm,0.7
288,2026-01-14T11:00:00-07:00,co,ppm,0.3
288,2026-01-14T12:00:00-07:00,co,ppm,0.3
288,2026-01-14T13:00:00-07:00,co,ppm,0.3
288,2026-01-14T14:00:00-07:00,co,ppm,0.1
288,2026-01-14T15:00:00-07:00,co,ppm,0.1
288,2026-01-14T16:00:00-07:00,co,ppm,0.2
288,2026-01-14T17:00:00-07:00,co,ppm,0.1
288,2026-01-14T18:00:00-07:00,co,ppm,0.1
288,2026-01-14T19:00:00-07:00,co,ppm,0.2
288,2026-01-14T20:00:00-07:00,co,ppm,0.5
288,2026-01-14T21:00:00-07:00,co,ppm,0.5
288,2026-01-14T22:00:00-07:00,co,ppm,0.5
288,2026-01-14T23:00:00-07:00,co,ppm,0.4
288,2026-01-15T00:00:00-07:00,co,ppm,0.3
288,2026-01-15T01:00:00-07:00,co,ppm,0.1
288,2026-01-15T02:00:00-07:00,co,ppm,0.1
288,2026-01-15T03:00:00-07:00,co,ppm,0.0
288,2026-01-15T04:00:00-07:00,co,ppm,0.0
288,2026-01-15T05:00:00-07:00,co,ppm,0.1
288,2026-01-15T06:00:00-07:00,co,ppm,0.3
288,2026-01-15T07:00:00-07:00,co,ppm,0.5
288,2026-01-15T08:00:00-07:00,co,ppm,0.8
288,2026-01-15T10:00:00-07:00,co,ppm,0.6
288,2026-01-15T11:00:00-07:00,co,ppm,0.2
288,2026-01-15T12:00:00-07:00,co,ppm,0.2
288,2026-01-15T13:00:00-07:00,co,ppm,0.2
288,2026-01-15T14:00:00-07:00,co,ppm,0.1
288,2026-01-15T15:00:00-07:00,co,ppm,0.0
288,2026-01-15T16:00:00-07:00,co,ppm,0.0
288,2026-01-15T17:00:00-07:00,co,ppm,0.0
288,2026-01-15T18:00:00-07:00,co,ppm,0.0
288,2026-01-15T19:00:00-07:00,co,ppm,0.1
288,2026-01-15T20:00:00-07:00,co,ppm,0.2
288,2026-01-15T21:00:00-07:00,co,ppm,0.5
288,2026-01-15T22:00:00-07:00,co,ppm,0.4
288,2026-01-15T23:00:00-07:00,co,ppm,0.3
288,2026-01-16T00:00:00-07:00,co,ppm,0.2
288,2026-01-16T01:00:00-07:00,co,ppm,0.1
288,2026-01-16T02:00:00-07:00,co,ppm,0.0
288,2026-01-16T03:00:00-07:00,co,ppm,0.0
288,2026-01-16T04:00:00-07:00,co,ppm,0.0
288,2026-01-16T05:00:00-07:00,co,ppm,0.2
288,2026-01-16T06:00:00-07:00,co,ppm,0.4
288,2026-01-16T07:00:00-07:00,co,ppm,0.4
288,2026-01-16T08:00:00-07:00,co,ppm,0.5
288,2026-01-16T09:00:00-07:00,co,ppm,0.9
288,2026-01-16T10:00:00-07:00,co,ppm,0.6
288,2026-01-16T11:00:00-07:00,co,ppm,0.3
288,2026-01-16T12:00:00-07:00,co,ppm,0.3
288,2026-01-16T13:00:00-07:00,co,ppm,0.1
288,2026-01-16T14:00:00-07:00,co,ppm,0.0
288,2026-01-16T15:00:00-07:00,co,ppm,0.0
288,2026-01-16T16:00:00-07:00,co,ppm,0.0
288,2026-01-16T17:00:00-07:00,co,ppm,0.0
288,2026-01-16T18:00:00-07:00,co,ppm,0.1
288,2026-01-16T19:00:00-07:00,co,ppm,0.2
288,2026-01-16T20:00:00-07:00,co,ppm,0.5
288,2026-01-16T21:00:00-07:00,co,ppm,0.4
288,2026-01-16T22:00:00-07:00,co,ppm,0.4
288,2026-01-16T23:00:00-07:00,co,ppm,0.3
288,2026-01-17T00:00:00-07:00,co,ppm,0.3
288,2026-01-17T01:00:00-07:00,co,ppm,0.3
288,2026-01-17T02:00:00-07:00,co,ppm,0.2
288,2026-01-17T03:00:00-07:00,co,ppm,0.2
288,2026-01-17T04:00:00-07:00,co,ppm,0.1
288,2026-01-17T05:00:00-07:00,co,ppm,0.1
288,2026-01-17T06:00:00-07:00,co,ppm,0.2
288,2026-01-17T07:00:00-07:00,co,ppm,0.3
288,2026-01-17T08:00:00-07:00,co,ppm,0.5
288,2026-01-17T09:00:00-07:00,co,ppm,0.5
288,2026-01-17T10:00:00-07:00,co,ppm,0.5
288,2026-01-17T11:00:00-07:00,co,ppm,0.4
288,2026-01-17T12:00:00-07:00,co,ppm,0.2
288,2026-01-17T13:00:00-07:00,co,ppm,0.1
288,2026-01-17T14:00:00-07:00,co,ppm,0.1
288,2026-01-17T15:00:00-07:00,co,ppm,0.1
288,2026-01-17T16:00:00-07:00,co,ppm,0.0
288,2026-01-17T17:00:00-07:00,co,ppm,0.0
288,2026-01-17T18:00:00-07:00,co,ppm,0.1
288,2026-01-17T19:00:00-07:00,co,ppm,0.3
288,2026-01-17T20:00:00-07:00,co,ppm,0.4
288,2026-01-17T21:00:00-07:00,co,ppm,0.3
288,2026-01-17T22:00:00-07:00,co,ppm,0.4
288,2026-01-17T23:00:00-07:00,co,ppm,0.5
288,2026-01-18T00:00:00-07:00,co,ppm,0.5
288,2026-01-18T01:00:00-07:00,co,ppm,0.4
288,2026-01-18T02:00:00-07:00,co,ppm,0.4
288,2026-01-18T03:00:00-07:00,co,ppm,0.2
288,2026-01-18T04:00:00-07:00,co,ppm,0.2
288,2026-01-18T05:00:00-07:00,co,ppm,0.2
288,2026-01-18T06:00:00-07:00,co,ppm,0.3
288,2026-01-18T07:00:00-07:00,co,ppm,0.2
288,2026-01-18T08:00:00-07:00,co,ppm,0.5
288,2026-01-18T09:00:00-07:00,co,ppm,0.4
288,2026-01-18T10:00:00-07:00,co,ppm,0.4
288,2026-01-18T11:00:00-07:00,co,ppm,0.2
288,2026-01-18T12:00:00-07:00,co,ppm,0.1
288,2026-01-18T13:00:00-07:00,co,ppm,0.1
288,2026-01-18T14:00:00-07:00,co,ppm,0.1
288,2026-01-18T15:00:00-07:00,co,ppm,0.0
288,2026-01-18T16:00:00-07:00,co,ppm,0.1
288,2026-01-18T17:00:00-07:00,co,ppm,0.1
288,2026-01-18T18:00:00-07:00,co,ppm,0.1
288,2026-01-18T19:00:00-07:00,co,ppm,0.2
288,2026-01-18T20:00:00-07:00,co,ppm,0.2
288,2026-01-18T21:00:00-07:00,co,ppm,0.5
288,2026-01-18T22:00:00-07:00,co,ppm,0.7
288,2026-01-18T23:00:00-07:00,co,ppm,0.6
288,2026-01-19T00:00:00-07:00,co,ppm,0.5
288,2026-01-19T01:00:00-07:00,co,ppm,0.3
288,2026-01-19T02:00:00-07:00,co,ppm,0.3
288,2026-01-19T03:00:00-07:00,co,ppm,0.2
288,2026-01-19T04:00:00-07:00,co,ppm,0.2
288,2026-01-19T05:00:00-07:00,co,ppm,0.2
288,2026-01-19T07:00:00-07:00,co,ppm,0.4
288,2026-01-19T08:00:00-07:00,co,ppm,0.7
288,2026-01-19T09:00:00-07:00,co,ppm,0.7
288,2026-01-19T10:00:00-07:00,co,ppm,0.5
288,2026-01-19T11:00:00-07:00,co,ppm,0.1
288,2026-01-19T12:00:00-07:00,co,ppm,0.1
288,2026-01-19T13:00:00-07:00,co,ppm,0.1
288,2026-01-19T14:00:00-07:00,co,ppm,0.1
288,2026-01-19T15:00:00-07:00,co,ppm,0.1
288,2026-01-19T16:00:00-07:00,co,ppm,0.0
288,2026-01-19T17:00:00-07:00,co,ppm,0.1
288,2026-01-19T18:00:00-07:00,co,ppm,0.1
288,2026-01-19T19:00:00-07:00,co,ppm,0.3
288,2026-01-19T20:00:00-07:00,co,ppm,0.5
288,2026-01-19T21:00:00-07:00,co,ppm,0.4
288,2026-01-19T22:00:00-07:00,co,ppm,0.3
288,2026-01-19T23:00:00-07:00,co,ppm,0.4
288,2026-01-20T00:00:00-07:00,co,ppm,0.4
288,2026-01-20T01:00:00-07:00,co,ppm,0.2
288,2026-01-20T02:00:00-07:00,co,ppm,0.2
288,2026-01-20T03:00:00-07:00,co,ppm,0.2
288,2026-01-20T04:00:00-07:00,co,ppm,0.2
288,2026-01-20T05:00:00-07:00,co,ppm,0.3
288,2026-01-20T06:00:00-07:00,co,ppm,0.4
288,2026-01-20T07:00:00-07:00,co,ppm,0.5
288,2026-01-20T08:00:00-07:00,co,ppm,0.9
288,2026-01-20T09:00:00-07:00,co,ppm,1.1
288,2026-01-20T10:00:00-07:00,co,ppm,0.4
288,2026-01-20T11:00:00-07:00,co,ppm,0.2
288,2026-01-20T12:00:00-07:00,co,ppm,0.1
288,2026-01-20T13:00:00-07:00,co,ppm,0.1
288,2026-01-20T14:00:00-07:00,co,ppm,0.0
288,2026-01-20T15:00:00-07:00,co,ppm,0.0
288,2026-01-20T16:00:00-07:00,co,ppm,0.0
288,2026-01-20T17:00:00-07:00,co,ppm,0.0
288,2026-01-20T18:00:00-07:00,co,ppm,0.1
288,2026-01-20T19:00:00-07:00,co,ppm,0.5
288,2026-01-20T20:00:00-07:00,co,ppm,0.6
288,2026-01-20T21:00:00-07:00,co,ppm,0.5
288,2026-01-20T22:00:00-07:00,co,ppm,0.5
288,2026-01-20T23:00:00-07:00,co,ppm,0.4
288,2026-01-21T00:00:00-07:00,co,ppm,0.3
288,2026-01-21T01:00:00-07:00,co,ppm,0.2
288,2026-01-21T02:00:00-07:00,co,ppm,0.2
288,2026-01-21T03:00:00-07:00,co,ppm,0.1
288,2026-01-21T04:00:00-07:00,co,ppm,0.0
288,2026-01-21T05:00:00-07:00,co,ppm,0.1
288,2026-01-21T06:00:00-07:00,co,ppm,0.4
288,2026-01-21T07:00:00-07:00,co,ppm,0.5
288,2026-01-21T08:00:00-07:00,co,ppm,0.9
288,2026-01-21T09:00:00-07:00,co,ppm,1.0
288,2026-01-21T10:00:00-07:00,co,ppm,0.5
288,2026-01-21T11:00:00-07:00,co,ppm,0.2
288,2026-01-21T12:00:00-07:00,co,ppm,0.2
288,2026-01-21T13:00:00-07:00,co,ppm,0.0
288,2026-01-21T14:00:00-07:00,co,ppm,0.0
288,2026-01-21T15:00:00-07:00,co,ppm,0.0
288,2026-01-21T16:00:00-07:00,co,ppm,0.0
288,2026-01-21T17:00:00-07:00,co,ppm,0.0
288,2026-01-21T18:00:00-07:00,co,ppm,0.0
288,2026-01-21T19:00:00-07:00,co,ppm,0.0
288,2026-01-21T20:00:00-07:00,co,ppm,0.3
288,2026-01-21T21:00:00-07:00,co,ppm,0.5
288,2026-01-21T22:00:00-07:00,co,ppm,0.5
288,2026-01-21T23:00:00-07:00,co,ppm,0.5
288,2026-01-22T00:00:00-07:00,co,ppm,0.3
288,2026-01-22T01:00:00-07:00,co,ppm,0.2
288,2026-01-22T02:00:00-07:00,co,ppm,0.1
288,2026-01-22T03:00:00-07:00,co,ppm,0.0
288,2026-01-22T04:00:00-07:00,co,ppm,0.0
288,2026-01-22T05:00:00-07:00,co,ppm,0.2
288,2026-01-22T06:00:00-07:00,co,ppm,0.3
288,2026-01-22T07:00:00-07:00,co,ppm,0.6
288,2026-01-22T08:00:00-07:00,co,ppm,0.8
288,2026-01-22T09:00:00-07:00,co,ppm,1.1
288,2026-01-22T10:00:00-07:00,co,ppm,0.4
288,2026-01-22T11:00:00-07:00,co,ppm,0.4
288,2026-01-22T12:00:00-07:00,co,ppm,0.3
288,2026-01-22T13:00:00-07:00,co,ppm,0.3
288,2026-01-22T14:00:00-07:00,co,ppm,0.3
288,2026-01-22T15:00:00-07:00,co,ppm,0.2
288,2026-01-22T16:00:00-07:00,co,ppm,0.1
288,2026-01-22T17:00:00-07:00,co,ppm,0.1
288,2026-01-22T18:00:00-07:00,co,ppm,0.1
288,2026-01-22T19:00:00-07:00,co,ppm,0.4
288,2026-01-22T20:00:00-07:00,co,ppm,0.8
288,2026-01-22T21:00:00-07:00,co,ppm,0.7
288,2026-01-22T22:00:00-07:00,co,ppm,0.7
288,2026-01-22T23:00:00-07:00,co,ppm,0.5
288,2026-01-23T00:00:00-07:00,co,ppm,0.3
288,2026-01-23T01:00:00-07:00,co,ppm,0.2
288,2026-01-23T02:00:00-07:00,co,ppm,0.1
288,2026-01-23T03:00:00-07:00,co,ppm,0.1
288,2026-01-23T04:00:00-07:00,co,ppm,0.2
288,2026-01-23T05:00:00-07:00,co,ppm,0.3
288,2026-01-23T06:00:00-07:00,co,ppm,0.3
288,2026-01-23T07:00:00-07:00,co,ppm,0.6
288,2026-01-23T08:00:00-07:00,co,ppm,0.9
288,2026-01-23T09:00:00-07:00,co,ppm,0.9
288,2026-01-23T10:00:00-07:00,co,ppm,0.4
288,2026-01-23T11:00:00-07:00,co,ppm,0.3
288,2026-01-23T12:00:00-07:00,co,ppm,0.3
288,2026-01-23T13:00:00-07:00,co,ppm,0.2
288,2026-01-23T14:00:00-07:00,co,ppm,0.1
288,2026-01-23T15:00:00-07:00,co,ppm,0.0
288,2026-01-23T17:00:00-07:00,co,ppm,0.0
288,2026-01-23T19:00:00-07:00,co,ppm,0.0
288,2026-01-23T20:00:00-07:00,co,ppm,0.0
288,2026-01-23T21:00:00-07:00,co,ppm,0.0
288,2026-01-23T22:00:00-07:00,co,ppm,0.0
288,2026-01-23T23:00:00-07:00,co,ppm,0.0
288,2026-01-24T00:00:00-07:00,co,ppm,0.0
288,2026-01-24T01:00:00-07:00,co,ppm,0.0
288,2026-01-24T02:00:00-07:00,co,ppm,0.0
288,2026-01-24T03:00:00-07:00,co,ppm,0.0
288,2026-01-24T04:00:00-07:00,co,ppm,0.0
288,2026-01-24T05:00:00-07:00,co,ppm,0.2
288,2026-01-24T06:00:00-07:00,co,ppm,0.2
288,2026-01-24T07:00:00-07:00,co,ppm,0.2
288,2026-01-24T08:00:00-07:00,co,ppm,0.4
288,2026-01-24T09:00:00-07:00,co,ppm,0.5
288,2026-01-24T10:00:00-07:00,co,ppm,0.2
288,2026-01-24T11:00:00-07:00,co,ppm,0.2
288,2026-01-24T12:00:00-07:00,co,ppm,0.1
288,2026-01-24T13:00:00-07:00,co,ppm,0.1
288,2026-01-24T14:00:00-07:00,co,ppm,0.1
288,2026-01-24T15:00:00-07:00,co,ppm,0.1
288,2026-01-24T16:00:00-07:00,co,ppm,0.1
288,2026-01-24T17:00:00-07:00,co,ppm,0.1
288,2026-01-24T18:00:00-07:00,co,ppm,0.2
288,2026-01-24T19:00:00-07:00,co,ppm,0.2
288,2026-01-24T20:00:00-07:00,co,ppm,0.2
288,2026-01-24T21:00:00-07:00,co,ppm,0.3
288,2026-01-24T22:00:00-07:00,co,ppm,0.2
288,2026-01-24T23:00:00-07:00,co,ppm,0.2
288,2026-01-25T00:00:00-07:00,co,ppm,0.2
288,2026-01-25T01:00:00-07:00,co,ppm,0.2
288,2026-01-25T02:00:00-07:00,co,ppm,0.3
288,2026-01-25T03:00:00-07:00,co,ppm,0.3
288,2026-01-25T04:00:00-07:00,co,ppm,0.2
288,2026-01-25T05:00:00-07:00,co,ppm,0.2
288,2026-01-25T06:00:00-07:00,co,ppm,0.3
288,2026-01-25T07:00:00-07:00,co,ppm,0.4
288,2026-01-25T08:00:00-07:00,co,ppm,0.5
288,2026-01-25T09:00:00-07:00,co,ppm,0.5
288,2026-01-25T10:00:00-07:00,co,ppm,0.4
288,2026-01-25T11:00:00-07:00,co,ppm,0.3
288,2026-01-25T12:00:00-07:00,co,ppm,0.2
288,2026-01-25T13:00:00-07:00,co,ppm,0.1
288,2026-01-25T14:00:00-07:00,co,ppm,0.1
288,2026-01-25T15:00:00-07:00,co,ppm,0.1
288,2026-01-25T16:00:00-07:00,co,ppm,0.1
288,2026-01-25T17:00:00-07:00,co,ppm,0.1
288,2026-01-25T18:00:00-07:00,co,ppm,0.1
288,2026-01-25T19:00:00-07:00,co,ppm,0.6
288,2026-01-25T20:00:00-07:00,co,ppm,0.4
288,2026-01-25T21:00:00-07:00,co,ppm,0.2
288,2026-01-25T22:00:00-07:00,co,ppm,0.3
288,2026-01-25T23:00:00-07:00,co,ppm,0.2
288,2026-01-26T00:00:00-07:00,co,ppm,0.2
288,2026-01-26T01:00:00-07:00,co,ppm,0.3
288,2026-01-26T02:00:00-07:00,co,ppm,0.3
288,2026-01-26T03:00:00-07:00,co,ppm,0.2
288,2026-01-26T04:00:00-07:00,co,ppm,0.3
288,2026-01-26T05:00:00-07:00,co,ppm,0.3
288,2026-01-26T07:00:00-07:00,co,ppm,0.7
288,2026-01-26T08:00:00-07:00,co,ppm,1.0
288,2026-01-26T09:00:00-07:00,co,ppm,1.2
288,2026-01-26T10:00:00-07:00,co,ppm,0.4
288,2026-01-26T11:00:00-07:00,co,ppm,0.2
288,2026-01-26T12:00:00-07:00,co,ppm,0.2
288,2026-01-26T13:00:00-07:00,co,ppm,0.1
288,2026-01-26T14:00:00-07:00,co,ppm,0.1
288,2026-01-26T15:00:00-07:00,co,ppm,0.1
288,2026-01-26T16:00:00-07:00,co,ppm,0.1
288,2026-01-26T17:00:00-07:00,co,ppm,0.1
288,2026-01-26T18:00:00-07:00,co,ppm,0.1
288,2026-01-26T19:00:00-07:00,co,ppm,0.3
288,2026-01-26T20:00:00-07:00,co,ppm,0.4
288,2026-01-26T21:00:00-07:00,co,ppm,0.5
288,2026-01-26T22:00:00-07:00,co,ppm,0.5
288,2026-01-26T23:00:00-07:00,co,ppm,0.5
288,2026-01-27T00:00:00-07:00,co,ppm,0.5
288,2026-01-27T01:00:00-07:00,co,ppm,0.4
288,2026-01-27T02:00:00-07:00,co,ppm,0.4
288,2026-01-27T03:00:00-07:00,co,ppm,0.4
288,2026-01-27T04:00:00-07:00,co,ppm,0.3
288,2026-01-27T05:00:00-07:00,co,ppm,0.3
288,2026-01-27T06:00:00-07:00,co,ppm,0.4
288,2026-01-27T07:00:00-07:00,co,ppm,0.7
288,2026-01-27T08:00:00-07:00,co,ppm,1.1
288,2026-01-27T09:00:00-07:00,co,ppm,0.8
288,2026-01-27T10:00:00-07:00,co,ppm,0.4
288,2026-01-27T11:00:00-07:00,co,ppm,0.0
288,2026-01-27T12:00:00-07:00,co,ppm,0.0
288,2026-01-27T13:00:00-07:00,co,ppm,0.1
288,2026-01-27T14:00:00-07:00,co,ppm,0.0
288,2026-01-27T15:00:00-07:00,co,ppm,0.0
288,2026-01-27T16:00:00-07:00,co,ppm,0.0
288,2026-01-27T17:00:00-07:00,co,ppm,0.0
288,2026-01-27T18:00:00-07:00,co,ppm,0.1
288,2026-01-27T19:00:00-07:00,co,ppm,0.0
288,2026-01-27T20:00:00-07:00,co,ppm,0.1
288,2026-01-27T21:00:00-07:00,co,ppm,0.3
288,2026-01-27T22:00:00-07:00,co,ppm,0.4
288,2026-01-27T23:00:00-07:00,co,ppm,0.5
288,2026-01-28T00:00:00-07:00,co,ppm,0.4
288,2026-01-28T01:00:00-07:00,co,ppm,0.2
288,2026-01-28T02:00:00-07:00,co,ppm,0.0
288,2026-01-28T03:00:00-07:00,co,ppm,0.1
288,2026-01-28T04:00:00-07:00,co,ppm,0.1
288,2026-01-28T05:00:00-07:00,co,ppm,0.2
288,2026-01-28T06:00:00-07:00,co,ppm,0.4
288,2026-01-28T07:00:00-07:00,co,ppm,0.5
288,2026-01-28T08:00:00-07:00,co,ppm,0.9
288,2026-01-28T09:00:00-07:00,co,ppm,0.9
288,2026-01-28T10:00:00-07:00,co,ppm,0.7
288,2026-01-28T11:00:00-07:00,co,ppm,0.6
288,2026-01-28T12:00:00-07:00,co,ppm,0.1
288,2026-01-28T13:00:00-07:00,co,ppm,0.1
288,2026-01-28T14:00:00-07:00,co,ppm,0.1
288,2026-01-28T15:00:00-07:00,co,ppm,0.0
288,2026-01-28T16:00:00-07:00,co,ppm,0.0
288,2026-01-28T17:00:00-07:00,co,ppm,0.1
288,2026-01-28T18:00:00-07:00,co,ppm,0.1
288,2026-01-28T19:00:00-07:00,co,ppm,0.0
288,2026-01-28T20:00:00-07:00,co,ppm,0.0
288,2026-01-28T21:00:00-07:00,co,ppm,0.1
288,2026-01-28T22:00:00-07:00,co,ppm,0.2
288,2026-01-28T23:00:00-07:00,co,ppm,0.4
288,2026-01-29T00:00:00-07:00,co,ppm,0.4
288,2026-01-29T01:00:00-07:00,co,ppm,0.4
288,2026-01-29T02:00:00-07:00,co,ppm,0.1
288,2026-01-29T03:00:00-07:00,co,ppm,0.2
288,2026-01-29T04:00:00-07:00,co,ppm,0.3
288,2026-01-29T05:00:00-07:00,co,ppm,0.5
288,2026-01-29T06:00:00-07:00,co,ppm,0.6
288,2026-01-29T07:00:00-07:00,co,ppm,0.7
288,2026-01-29T08:00:00-07:00,co,ppm,1.0
288,2026-01-29T09:00:00-07:00,co,ppm,0.7
288,2026-01-29T10:00:00-07:00,co,ppm,0.3
288,2026-01-29T11:00:00-07:00,co,ppm,0.3
288,2026-01-29T12:00:00-07:00,co,ppm,0.0
288,2026-01-29T13:00:00-07:00,co,ppm,0.0
288,2026-01-29T14:00:00-07:00,co,ppm,0.0
288,2026-01-29T21:00:00-07:00,co,ppm,0.0
288,2026-01-29T22:00:00-07:00,co,ppm,0.0
288,2026-01-29T23:00:00-07:00,co,ppm,0.0
288,2026-01-30T00:00:00-07:00,co,ppm,0.0
288,2026-01-30T01:00:00-07:00,co,ppm,0.1
288,2026-01-30T02:00:00-07:00,co,ppm,0.1
288,2026-01-30T03:00:00-07:00,co,ppm,0.1
288,2026-01-30T04:00:00-07:00,co,ppm,0.2
288,2026-01-30T05:00:00-07:00,co,ppm,0.5
288,2026-01-30T06:00:00-07:00,co,ppm,0.6
288,2026-01-30T07:00:00-07:00,co,ppm,0.6
288,2026-01-30T08:00:00-07:00,co,ppm,0.8
288,2026-01-30T09:00:00-07:00,co,ppm,0.8
288,2026-01-30T10:00:00-07:00,co,ppm,0.7
288,2026-01-30T13:00:00-07:00,co,ppm,0.0
288,2026-01-30T14:00:00-07:00,co,ppm,0.0
288,2026-01-30T15:00:00-07:00,co,ppm,0.1
288,2026-01-30T16:00:00-07:00,co,ppm,0.0
288,2026-01-30T17:00:00-07:00,co,ppm,0.0
288,2026-01-30T18:00:00-07:00,co,ppm,0.1
288,2026-01-30T19:00:00-07:00,co,ppm,0.3
288,2026-01-30T20:00:00-07:00,co,ppm,0.5
288,2026-01-30T21:00:00-07:00,co,ppm,0.6
288,2026-01-30T22:00:00-07:00,co,ppm,0.6
288,2026-01-30T23:00:00-07:00,co,ppm,0.5
288,2026-01-31T00:00:00-07:00,co,ppm,0.6
288,2026-01-31T01:00:00-07:00,co,ppm,0.5
288,2026-01-31T02:00:00-07:00,co,ppm,0.4
288,2026-01-31T03:00:00-07:00,co,ppm,0.3
288,2026-01-31T04:00:00-07:00,co,ppm,0.3
288,2026-01-31T05:00:00-07:00,co,ppm,0.4
288,2026-01-31T06:00:00-07:00,co,ppm,0.3
288,2026-01-31T07:00:00-07:00,co,ppm,0.2
288,2026-01-31T08:00:00-07:00,co,ppm,0.4
288,2026-01-31T09:00:00-07:00,co,ppm,0.4
288,2026-01-31T10:00:00-07:00,co,ppm,0.1
288,2026-01-31T11:00:00-07:00,co,ppm,0.0
288,2026-01-31T12:00:00-07:00,co,ppm,0.0
288,2026-01-31T13:00:00-07:00,co,ppm,0.0
288,2026-01-31T14:00:00-07:00,co,ppm,0.0
288,2026-01-31T15:00:00-07:00,co,ppm,0.0
288,2026-01-31T16:00:00-07:00,co,ppm,0.0
288,2026-01-31T17:00:00-07:00,co,ppm,0.0
288,2026-01-31T18:00:00-07:00,co,ppm,0.0
288,2026-01-31T19:00:00-07:00,co,ppm,0.2
288,2026-01-31T20:00:00-07:00,co,ppm,0.4
288,2026-01-31T21:00:00-07:00,co,ppm,0.7
288,2026-01-31T22:00:00-07:00,co,ppm,0.8
288,2026-01-31T23:00:00-07:00,co,ppm,0.6
288,2026-02-01T00:00:00-07:00,co,ppm,0.5
station_id,timestamp,parameter,unit,value
288,2026-01-01T01:00:00-07:00,so2,ppm,0.002
288,2026-01-01T02:00:00-07:00,so2,ppm,0.0015
288,2026-01-01T03:00:00-07:00,so2,ppm,0.002
288,2026-01-01T04:00:00-07:00,so2,ppm,0.002
288,2026-01-01T05:00:00-07:00,so2,ppm,0.0021
288,2026-01-01T06:00:00-07:00,so2,ppm,0.002
288,2026-01-01T07:00:00-07:00,so2,ppm,0.0019
288,2026-01-01T08:00:00-07:00,so2,ppm,0.0017
288,2026-01-01T09:00:00-07:00,so2,ppm,0.0015
288,2026-01-01T10:00:00-07:00,so2,ppm,0.0015
288,2026-01-01T11:00:00-07:00,so2,ppm,0.0009
288,2026-01-01T12:00:00-07:00,so2,ppm,0.0006
288,2026-01-01T13:00:00-07:00,so2,ppm,0.0007
288,2026-01-01T14:00:00-07:00,so2,ppm,0.0006
288,2026-01-01T15:00:00-07:00,so2,ppm,0.0006
288,2026-01-01T16:00:00-07:00,so2,ppm,0.0005
288,2026-01-01T17:00:00-07:00,so2,ppm,0.0006
288,2026-01-01T18:00:00-07:00,so2,ppm,0.0007
288,2026-01-01T19:00:00-07:00,so2,ppm,0.0008
288,2026-01-01T20:00:00-07:00,so2,ppm,0.0008
288,2026-01-01T21:00:00-07:00,so2,ppm,0.0008
288,2026-01-01T22:00:00-07:00,so2,ppm,0.0009
288,2026-01-01T23:00:00-07:00,so2,ppm,0.0009
288,2026-01-02T00:00:00-07:00,so2,ppm,0.0004
288,2026-01-02T01:00:00-07:00,so2,ppm,0.0005
288,2026-01-02T02:00:00-07:00,so2,ppm,0.0005
288,2026-01-02T03:00:00-07:00,so2,ppm,0.0004
288,2026-01-02T04:00:00-07:00,so2,ppm,0.0004
288,2026-01-02T05:00:00-07:00,so2,ppm,0.0003
288,2026-01-02T06:00:00-07:00,so2,ppm,0.0004
288,2026-01-02T07:00:00-07:00,so2,ppm,0.0005
288,2026-01-02T08:00:00-07:00,so2,ppm,0.0008
288,2026-01-02T09:00:00-07:00,so2,ppm,0.0007
288,2026-01-02T10:00:00-07:00,so2,ppm,0.0006
288,2026-01-02T11:00:00-07:00,so2,ppm,0.0003
288,2026-01-02T12:00:00-07:00,so2,ppm,0.0003
288,2026-01-02T13:00:00-07:00,so2,ppm,0.0003
288,2026-01-02T14:00:00-07:00,so2,ppm,0.0004
288,2026-01-02T15:00:00-07:00,so2,ppm,0.0004
288,2026-01-02T16:00:00-07:00,so2,ppm,0.0004
288,2026-01-02T17:00:00-07:00,so2,ppm,0.0004
288,2026-01-02T18:00:00-07:00,so2,ppm,0.0004
288,2026-01-02T19:00:00-07:00,so2,ppm,0.0005
288,2026-01-02T20:00:00-07:00,so2,ppm,0.0006
288,2026-01-02T21:00:00-07:00,so2,ppm,0.0006
288,2026-01-02T22:00:00-07:00,so2,ppm,0.0006
288,2026-01-02T23:00:00-07:00,so2,ppm,0.0004
288,2026-01-03T00:00:00-07:00,so2,ppm,0.0005
288,2026-01-03T01:00:00-07:00,so2,ppm,0.0005
288,2026-01-03T02:00:00-07:00,so2,ppm,0.0006
288,2026-01-03T03:00:00-07:00,so2,ppm,0.0004
288,2026-01-03T04:00:00-07:00,so2,ppm,0.0003
288,2026-01-03T05:00:00-07:00,so2,ppm,0.0004
288,2026-01-03T06:00:00-07:00,so2,ppm,0.0005
288,2026-01-03T07:00:00-07:00,so2,ppm,0.0004
288,2026-01-03T08:00:00-07:00,so2,ppm,0.0004
288,2026-01-03T09:00:00-07:00,so2,ppm,0.0004
288,2026-01-03T10:00:00-07:00,so2,ppm,0.0004
288,2026-01-03T11:00:00-07:00,so2,ppm,0.0004
288,2026-01-03T12:00:00-07:00,so2,ppm,0.0004
288,2026-01-03T13:00:00-07:00,so2,ppm,0.0004
288,2026-01-03T14:00:00-07:00,so2,ppm,0.0004
288,2026-01-03T15:00:00-07:00,so2,ppm,0.0004
288,2026-01-03T16:00:00-07:00,so2,ppm,0.0004
288,2026-01-03T17:00:00-07:00,so2,ppm,0.0003
288,2026-01-03T18:00:00-07:00,so2,ppm,0.0003
288,2026-01-03T19:00:00-07:00,so2,ppm,0.0004
288,2026-01-03T20:00:00-07:00,so2,ppm,0.0003
288,2026-01-03T21:00:00-07:00,so2,ppm,0.0003
288,2026-01-03T22:00:00-07:00,so2,ppm,0.0003
288,2026-01-03T23:00:00-07:00,so2,ppm,0.0003
288,2026-01-04T00:00:00-07:00,so2,ppm,0.0003
288,2026-01-04T01:00:00-07:00,so2,ppm,0.0004
288,2026-01-04T02:00:00-07:00,so2,ppm,0.0003
288,2026-01-04T03:00:00-07:00,so2,ppm,0.0004
288,2026-01-04T04:00:00-07:00,so2,ppm,0.0004
288,2026-01-04T05:00:00-07:00,so2,ppm,0.0003
288,2026-01-04T06:00:00-07:00,so2,ppm,0.0003
288,2026-01-04T07:00:00-07:00,so2,ppm,0.0004
288,2026-01-04T08:00:00-07:00,so2,ppm,0.0004
288,2026-01-04T09:00:00-07:00,so2,ppm,0.0004
288,2026-01-04T10:00:00-07:00,so2,ppm,0.0004
288,2026-01-04T11:00:00-07:00,so2,ppm,0.0003
288,2026-01-04T12:00:00-07:00,so2,ppm,0.0004
288,2026-01-04T13:00:00-07:00,so2,ppm,0.0004
288,2026-01-04T14:00:00-07:00,so2,ppm,0.0004
288,2026-01-04T15:00:00-07:00,so2,ppm,0.0004
288,2026-01-04T16:00:00-07:00,so2,ppm,0.0004
288,2026-01-04T17:00:00-07:00,so2,ppm,0.0004
288,2026-01-04T18:00:00-07:00,so2,ppm,0.0004
288,2026-01-04T19:00:00-07:00,so2,ppm,0.0004
288,2026-01-04T20:00:00-07:00,so2,ppm,0.0004
288,2026-01-04T21:00:00-07:00,so2,ppm,0.0004
288,2026-01-04T22:00:00-07:00,so2,ppm,0.0005
288,2026-01-04T23:00:00-07:00,so2,ppm,0.0005
288,2026-01-05T00:00:00-07:00,so2,ppm,0.0005
288,2026-01-05T01:00:00-07:00,so2,ppm,0.0005
288,2026-01-05T02:00:00-07:00,so2,ppm,0.0004
288,2026-01-05T03:00:00-07:00,so2,ppm,0.0004
288,2026-01-05T04:00:00-07:00,so2,ppm,0.0004
288,2026-01-05T05:00:00-07:00,so2,ppm,0.0004
288,2026-01-05T06:00:00-07:00,so2,ppm,0.0004
288,2026-01-05T07:00:00-07:00,so2,ppm,0.0004
288,2026-01-05T08:00:00-07:00,so2,ppm,0.0004
288,2026-01-05T09:00:00-07:00,so2,ppm,0.0004
288,2026-01-05T10:00:00-07:00,so2,ppm,0.0003
288,2026-01-05T11:00:00-07:00,so2,ppm,0.0004
288,2026-01-05T12:00:00-07:00,so2,ppm,0.0004
288,2026-01-05T13:00:00-07:00,so2,ppm,0.0004
288,2026-01-05T14:00:00-07:00,so2,ppm,0.0004
288,2026-01-05T15:00:00-07:00,so2,ppm,0.0003
288,2026-01-05T16:00:00-07:00,so2,ppm,0.0003
288,2026-01-05T17:00:00-07:00,so2,ppm,0.0004
288,2026-01-05T18:00:00-07:00,so2,ppm,0.0003
288,2026-01-05T19:00:00-07:00,so2,ppm,0.0004
288,2026-01-05T20:00:00-07:00,so2,ppm,0.0004
288,2026-01-05T21:00:00-07:00,so2,ppm,0.0004
288,2026-01-05T22:00:00-07:00,so2,ppm,0.0006
288,2026-01-05T23:00:00-07:00,so2,ppm,0.0006
288,2026-01-06T00:00:00-07:00,so2,ppm,0.0006
288,2026-01-06T01:00:00-07:00,so2,ppm,0.0005
288,2026-01-06T02:00:00-07:00,so2,ppm,0.0004
288,2026-01-06T03:00:00-07:00,so2,ppm,0.0003
288,2026-01-06T04:00:00-07:00,so2,ppm,0.0003
288,2026-01-06T06:00:00-07:00,so2,ppm,0.0004
288,2026-01-06T07:00:00-07:00,so2,ppm,0.0004
288,2026-01-06T08:00:00-07:00,so2,ppm,0.0007
288,2026-01-06T09:00:00-07:00,so2,ppm,0.0013
288,2026-01-06T10:00:00-07:00,so2,ppm,0.0007
288,2026-01-06T11:00:00-07:00,so2,ppm,0.0005
288,2026-01-06T12:00:00-07:00,so2,ppm,0.0004
288,2026-01-06T13:00:00-07:00,so2,ppm,0.0003
288,2026-01-06T14:00:00-07:00,so2,ppm,0.0003
288,2026-01-06T15:00:00-07:00,so2,ppm,0.0003
288,2026-01-06T16:00:00-07:00,so2,ppm,0.0003
288,2026-01-06T17:00:00-07:00,so2,ppm,0.0003
288,2026-01-06T18:00:00-07:00,so2,ppm,0.0003
288,2026-01-06T19:00:00-07:00,so2,ppm,0.0003
288,2026-01-06T20:00:00-07:00,so2,ppm,0.0006
288,2026-01-06T21:00:00-07:00,so2,ppm,0.0009
288,2026-01-06T22:00:00-07:00,so2,ppm,0.0007
288,2026-01-06T23:00:00-07:00,so2,ppm,0.0007
288,2026-01-07T00:00:00-07:00,so2,ppm,0.0004
288,2026-01-07T01:00:00-07:00,so2,ppm,0.0004
288,2026-01-07T02:00:00-07:00,so2,ppm,0.0005
288,2026-01-07T03:00:00-07:00,so2,ppm,0.0004
288,2026-01-07T04:00:00-07:00,so2,ppm,0.0004
288,2026-01-07T05:00:00-07:00,so2,ppm,0.0005
288,2026-01-07T06:00:00-07:00,so2,ppm,0.0006
288,2026-01-07T07:00:00-07:00,so2,ppm,0.0006
288,2026-01-07T08:00:00-07:00,so2,ppm,0.0009
288,2026-01-07T09:00:00-07:00,so2,ppm,0.001
288,2026-01-07T10:00:00-07:00,so2,ppm,0.0008
288,2026-01-07T11:00:00-07:00,so2,ppm,0.0005
288,2026-01-07T12:00:00-07:00,so2,ppm,0.0004
288,2026-01-07T13:00:00-07:00,so2,ppm,0.0004
288,2026-01-07T14:00:00-07:00,so2,ppm,0.0004
288,2026-01-07T15:00:00-07:00,so2,ppm,0.0005
288,2026-01-07T16:00:00-07:00,so2,ppm,0.0006
288,2026-01-07T17:00:00-07:00,so2,ppm,0.0006
288,2026-01-07T18:00:00-07:00,so2,ppm,0.0005
288,2026-01-07T19:00:00-07:00,so2,ppm,0.0005
288,2026-01-07T20:00:00-07:00,so2,ppm,0.0004
288,2026-01-07T21:00:00-07:00,so2,ppm,0.0004
288,2026-01-07T22:00:00-07:00,so2,ppm,0.0005
288,2026-01-07T23:00:00-07:00,so2,ppm,0.0005
288,2026-01-08T00:00:00-07:00,so2,ppm,0.0004
288,2026-01-08T01:00:00-07:00,so2,ppm,0.0004
288,2026-01-08T02:00:00-07:00,so2,ppm,0.0004
288,2026-01-08T03:00:00-07:00,so2,ppm,0.0004
288,2026-01-08T04:00:00-07:00,so2,ppm,0.0004
288,2026-01-08T05:00:00-07:00,so2,ppm,0.0005
288,2026-01-08T06:00:00-07:00,so2,ppm,0.0004
288,2026-01-08T07:00:00-07:00,so2,ppm,0.0005
288,2026-01-08T08:00:00-07:00,so2,ppm,0.0007
288,2026-01-08T09:00:00-07:00,so2,ppm,0.0011
288,2026-01-08T10:00:00-07:00,so2,ppm,0.0011
288,2026-01-08T11:00:00-07:00,so2,ppm,0.0006
288,2026-01-08T12:00:00-07:00,so2,ppm,0.0005
288,2026-01-08T13:00:00-07:00,so2,ppm,0.0004
288,2026-01-08T14:00:00-07:00,so2,ppm,0.0004
288,2026-01-08T15:00:00-07:00,so2,ppm,0.0004
288,2026-01-08T16:00:00-07:00,so2,ppm,0.0004
288,2026-01-08T17:00:00-07:00,so2,ppm,0.0003
288,2026-01-08T18:00:00-07:00,so2,ppm,0.0003
288,2026-01-08T19:00:00-07:00,so2,ppm,0.0003
288,2026-01-08T20:00:00-07:00,so2,ppm,0.0003
288,2026-01-08T21:00:00-07:00,so2,ppm,0.0003
288,2026-01-08T22:00:00-07:00,so2,ppm,0.0003
288,2026-01-08T23:00:00-07:00,so2,ppm,0.0003
288,2026-01-09T00:00:00-07:00,so2,ppm,0.0003
288,2026-01-09T01:00:00-07:00,so2,ppm,0.0002
288,2026-01-09T02:00:00-07:00,so2,ppm,0.0003
288,2026-01-09T03:00:00-07:00,so2,ppm,0.0002
288,2026-01-09T04:00:00-07:00,so2,ppm,0.0003
288,2026-01-09T05:00:00-07:00,so2,ppm,0.0002
288,2026-01-09T06:00:00-07:00,so2,ppm,0.0002
288,2026-01-09T07:00:00-07:00,so2,ppm,0.0002
288,2026-01-09T08:00:00-07:00,so2,ppm,0.0002
288,2026-01-09T09:00:00-07:00,so2,ppm,0.0002
288,2026-01-09T10:00:00-07:00,so2,ppm,0.0002
288,2026-01-09T11:00:00-07:00,so2,ppm,0.0003
288,2026-01-09T12:00:00-07:00,so2,ppm,0.0007
288,2026-01-09T13:00:00-07:00,so2,ppm,0.0003
288,2026-01-09T14:00:00-07:00,so2,ppm,0.0003
288,2026-01-09T15:00:00-07:00,so2,ppm,0.0003
288,2026-01-09T16:00:00-07:00,so2,ppm,0.0003
288,2026-01-09T17:00:00-07:00,so2,ppm,0.0002
288,2026-01-09T18:00:00-07:00,so2,ppm,0.0001
288,2026-01-09T19:00:00-07:00,so2,ppm,0.0001
288,2026-01-09T20:00:00-07:00,so2,ppm,0.0001
288,2026-01-09T21:00:00-07:00,so2,ppm,0.0001
288,2026-01-09T22:00:00-07:00,so2,ppm,0.0001
288,2026-01-09T23:00:00-07:00,so2,ppm,0.0
288,2026-01-10T00:00:00-07:00,so2,ppm,0.0001
288,2026-01-10T01:00:00-07:00,so2,ppm,0.0001
288,2026-01-10T02:00:00-07:00,so2,ppm,0.0001
288,2026-01-10T03:00:00-07:00,so2,ppm,0.0001
288,2026-01-10T04:00:00-07:00,so2,ppm,0.0001
288,2026-01-10T05:00:00-07:00,so2,ppm,0.0001
288,2026-01-10T06:00:00-07:00,so2,ppm,0.0001
288,2026-01-10T07:00:00-07:00,so2,ppm,0.0001
288,2026-01-10T08:00:00-07:00,so2,ppm,0.0001
288,2026-01-10T09:00:00-07:00,so2,ppm,0.0001
288,2026-01-10T10:00:00-07:00,so2,ppm,0.0002
288,2026-01-10T11:00:00-07:00,so2,ppm,0.0001
288,2026-01-10T12:00:00-07:00,so2,ppm,0.0001
288,2026-01-10T13:00:00-07:00,so2,ppm,0.0002
288,2026-01-10T14:00:00-07:00,so2,ppm,0.0002
288,2026-01-10T15:00:00-07:00,so2,ppm,0.0006
288,2026-01-10T16:00:00-07:00,so2,ppm,0.0006
288,2026-01-10T17:00:00-07:00,so2,ppm,0.0004
288,2026-01-10T18:00:00-07:00,so2,ppm,0.0003
288,2026-01-10T19:00:00-07:00,so2,ppm,0.0001
288,2026-01-10T20:00:00-07:00,so2,ppm,0.0002
288,2026-01-10T21:00:00-07:00,so2,ppm,0.0002
288,2026-01-10T22:00:00-07:00,so2,ppm,0.0001
288,2026-01-10T23:00:00-07:00,so2,ppm,0.0002
288,2026-01-11T00:00:00-07:00,so2,ppm,0.0002
288,2026-01-11T01:00:00-07:00,so2,ppm,0.0003
288,2026-01-11T02:00:00-07:00,so2,ppm,0.0002
288,2026-01-11T03:00:00-07:00,so2,ppm,0.0003
288,2026-01-11T04:00:00-07:00,so2,ppm,0.0002
288,2026-01-11T05:00:00-07:00,so2,ppm,0.0004
288,2026-01-11T06:00:00-07:00,so2,ppm,0.0004
288,2026-01-11T07:00:00-07:00,so2,ppm,0.0006
288,2026-01-11T08:00:00-07:00,so2,ppm,0.001
288,2026-01-11T09:00:00-07:00,so2,ppm,0.0013
288,2026-01-11T10:00:00-07:00,so2,ppm,0.0009
288,2026-01-11T11:00:00-07:00,so2,ppm,0.0006
288,2026-01-11T12:00:00-07:00,so2,ppm,0.0008
288,2026-01-11T13:00:00-07:00,so2,ppm,0.0013
288,2026-01-11T14:00:00-07:00,so2,ppm,0.0013
288,2026-01-11T15:00:00-07:00,so2,ppm,0.001
288,2026-01-11T16:00:00-07:00,so2,ppm,0.0009
288,2026-01-11T17:00:00-07:00,so2,ppm,0.0009
288,2026-01-11T18:00:00-07:00,so2,ppm,0.0006
288,2026-01-11T19:00:00-07:00,so2,ppm,0.0003
288,2026-01-11T20:00:00-07:00,so2,ppm,0.0005
288,2026-01-11T21:00:00-07:00,so2,ppm,0.0009
288,2026-01-11T22:00:00-07:00,so2,ppm,0.0011
288,2026-01-11T23:00:00-07:00,so2,ppm,0.0012
288,2026-01-12T00:00:00-07:00,so2,ppm,0.0011
288,2026-01-12T01:00:00-07:00,so2,ppm,0.0011
288,2026-01-12T02:00:00-07:00,so2,ppm,0.0009
288,2026-01-12T03:00:00-07:00,so2,ppm,0.0007
288,2026-01-12T04:00:00-07:00,so2,ppm,0.0007
288,2026-01-12T05:00:00-07:00,so2,ppm,0.0009
288,2026-01-12T06:00:00-07:00,so2,ppm,0.0012
288,2026-01-12T07:00:00-07:00,so2,ppm,0.0015
288,2026-01-12T08:00:00-07:00,so2,ppm,0.0019
288,2026-01-12T09:00:00-07:00,so2,ppm,0.0023
288,2026-01-12T10:00:00-07:00,so2,ppm,0.0017
288,2026-01-12T11:00:00-07:00,so2,ppm,0.0008
288,2026-01-12T12:00:00-07:00,so2,ppm,0.0017
288,2026-01-12T13:00:00-07:00,so2,ppm,0.0015
288,2026-01-12T14:00:00-07:00,so2,ppm,0.0016
288,2026-01-12T15:00:00-07:00,so2,ppm,0.0018
288,2026-01-12T16:00:00-07:00,so2,ppm,0.0015
288,2026-01-12T17:00:00-07:00,so2,ppm,0.0012
288,2026-01-12T18:00:00-07:00,so2,ppm,0.0008
288,2026-01-12T19:00:00-07:00,so2,ppm,0.0005
288,2026-01-12T20:00:00-07:00,so2,ppm,0.0009
288,2026-01-12T21:00:00-07:00,so2,ppm,0.0016
288,2026-01-12T22:00:00-07:00,so2,ppm,0.0017
288,2026-01-12T23:00:00-07:00,so2,ppm,0.0011
288,2026-01-13T00:00:00-07:00,so2,ppm,0.0014
288,2026-01-13T01:00:00-07:00,so2,ppm,0.0012
288,2026-01-13T02:00:00-07:00,so2,ppm,0.0011
288,2026-01-13T03:00:00-07:00,so2,ppm,0.0013
288,2026-01-13T04:00:00-07:00,so2,ppm,0.0012
288,2026-01-13T06:00:00-07:00,so2,ppm,0.0016
288,2026-01-13T07:00:00-07:00,so2,ppm,0.0017
288,2026-01-13T08:00:00-07:00,so2,ppm,0.0021
288,2026-01-13T09:00:00-07:00,so2,ppm,0.0025
288,2026-01-13T10:00:00-07:00,so2,ppm,0.002
288,2026-01-13T11:00:00-07:00,so2,ppm,0.0012
288,2026-01-13T12:00:00-07:00,so2,ppm,0.0011
288,2026-01-13T13:00:00-07:00,so2,ppm,0.0011
288,2026-01-13T14:00:00-07:00,so2,ppm,0.0014
288,2026-01-13T15:00:00-07:00,so2,ppm,0.002
288,2026-01-13T16:00:00-07:00,so2,ppm,0.0021
288,2026-01-13T17:00:00-07:00,so2,ppm,0.0013
288,2026-01-13T18:00:00-07:00,so2,ppm,0.0006
288,2026-01-13T19:00:00-07:00,so2,ppm,0.0004
288,2026-01-13T20:00:00-07:00,so2,ppm,0.0005
288,2026-01-13T21:00:00-07:00,so2,ppm,0.0007
288,2026-01-13T22:00:00-07:00,so2,ppm,0.0011
288,2026-01-13T23:00:00-07:00,so2,ppm,0.0012
288,2026-01-14T00:00:00-07:00,so2,ppm,0.0012
288,2026-01-14T01:00:00-07:00,so2,ppm,0.0012
288,2026-01-14T02:00:00-07:00,so2,ppm,0.0009
288,2026-01-14T03:00:00-07:00,so2,ppm,0.0011
288,2026-01-14T04:00:00-07:00,so2,ppm,0.0012
288,2026-01-14T05:00:00-07:00,so2,ppm,0.0012
288,2026-01-14T06:00:00-07:00,so2,ppm,0.0014
288,2026-01-14T07:00:00-07:00,so2,ppm,0.0017
288,2026-01-14T08:00:00-07:00,so2,ppm,0.0023
288,2026-01-14T09:00:00-07:00,so2,ppm,0.0028
288,2026-01-14T10:00:00-07:00,so2,ppm,0.002
288,2026-01-14T11:00:00-07:00,so2,ppm,0.0011
288,2026-01-14T12:00:00-07:00,so2,ppm,0.0012
288,2026-01-14T13:00:00-07:00,so2,ppm,0.003
288,2026-01-14T14:00:00-07:00,so2,ppm,0.0023
288,2026-01-14T15:00:00-07:00,so2,ppm,0.0013
288,2026-01-14T16:00:00-07:00,so2,ppm,0.0013
288,2026-01-14T17:00:00-07:00,so2,ppm,0.001
288,2026-01-14T18:00:00-07:00,so2,ppm,0.0009
288,2026-01-14T19:00:00-07:00,so2,ppm,0.0007
288,2026-01-14T20:00:00-07:00,so2,ppm,0.001
288,2026-01-14T21:00:00-07:00,so2,ppm,0.0013
288,2026-01-14T22:00:00-07:00,so2,ppm,0.0013
288,2026-01-14T23:00:00-07:00,so2,ppm,0.0012
288,2026-01-15T00:00:00-07:00,so2,ppm,0.0011
288,2026-01-15T01:00:00-07:00,so2,ppm,0.001
288,2026-01-15T02:00:00-07:00,so2,ppm,0.001
288,2026-01-15T03:00:00-07:00,so2,ppm,0.0008
288,2026-01-15T04:00:00-07:00,so2,ppm,0.0007
288,2026-01-15T05:00:00-07:00,so2,ppm,0.0009
288,2026-01-15T06:00:00-07:00,so2,ppm,0.0012
288,2026-01-15T07:00:00-07:00,so2,ppm,0.0017
288,2026-01-15T08:00:00-07:00,so2,ppm,0.0022
288,2026-01-15T10:00:00-07:00,so2,ppm,0.0021
288,2026-01-15T11:00:00-07:00,so2,ppm,0.0012
288,2026-01-15T12:00:00-07:00,so2,ppm,0.0011
288,2026-01-15T13:00:00-07:00,so2,ppm,0.0016
288,2026-01-15T14:00:00-07:00,so2,ppm,0.0016
288,2026-01-15T15:00:00-07:00,so2,ppm,0.0019
288,2026-01-15T16:00:00-07:00,so2,ppm,0.0012
288,2026-01-15T17:00:00-07:00,so2,ppm,0.0011
288,2026-01-15T18:00:00-07:00,so2,ppm,0.0006
288,2026-01-15T19:00:00-07:00,so2,ppm,0.0005
288,2026-01-15T20:00:00-07:00,so2,ppm,0.0006
288,2026-01-15T21:00:00-07:00,so2,ppm,0.0012
288,2026-01-15T22:00:00-07:00,so2,ppm,0.0011
288,2026-01-15T23:00:00-07:00,so2,ppm,0.0013
288,2026-01-16T00:00:00-07:00,so2,ppm,0.0011
288,2026-01-16T01:00:00-07:00,so2,ppm,0.001
288,2026-01-16T02:00:00-07:00,so2,ppm,0.0008
288,2026-01-16T03:00:00-07:00,so2,ppm,0.0008
288,2026-01-16T04:00:00-07:00,so2,ppm,0.001
288,2026-01-16T05:00:00-07:00,so2,ppm,0.0012
288,2026-01-16T06:00:00-07:00,so2,ppm,0.0014
288,2026-01-16T07:00:00-07:00,so2,ppm,0.0016
288,2026-01-16T08:00:00-07:00,so2,ppm,0.002
288,2026-01-16T09:00:00-07:00,so2,ppm,0.0025
288,2026-01-16T10:00:00-07:00,so2,ppm,0.002
288,2026-01-16T11:00:00-07:00,so2,ppm,0.0013
288,2026-01-16T12:00:00-07:00,so2,ppm,0.0017
288,2026-01-16T13:00:00-07:00,so2,ppm,0.0015
288,2026-01-16T14:00:00-07:00,so2,ppm,0.0012
288,2026-01-16T15:00:00-07:00,so2,ppm,0.0009
288,2026-01-16T16:00:00-07:00,so2,ppm,0.0006
288,2026-01-16T17:00:00-07:00,so2,ppm,0.0005
288,2026-01-16T18:00:00-07:00,so2,ppm,0.0003
288,2026-01-16T19:00:00-07:00,so2,ppm,0.0004
288,2026-01-16T20:00:00-07:00,so2,ppm,0.0008
288,2026-01-16T21:00:00-07:00,so2,ppm,0.0011
288,2026-01-16T22:00:00-07:00,so2,ppm,0.001
288,2026-01-16T23:00:00-07:00,so2,ppm,0.0008
288,2026-01-17T00:00:00-07:00,so2,ppm,0.001
288,2026-01-17T01:00:00-07:00,so2,ppm,0.0009
288,2026-01-17T02:00:00-07:00,so2,ppm,0.0008
288,2026-01-17T03:00:00-07:00,so2,ppm,0.0009
288,2026-01-17T04:00:00-07:00,so2,ppm,0.0009
288,2026-01-17T05:00:00-07:00,so2,ppm,0.001
288,2026-01-17T06:00:00-07:00,so2,ppm,0.001
288,2026-01-17T07:00:00-07:00,so2,ppm,0.0013
288,2026-01-17T08:00:00-07:00,so2,ppm,0.0015
288,2026-01-17T09:00:00-07:00,so2,ppm,0.0018
288,2026-01-17T10:00:00-07:00,so2,ppm,0.0017
288,2026-01-17T11:00:00-07:00,so2,ppm,0.0015
288,2026-01-17T12:00:00-07:00,so2,ppm,0.001
288,2026-01-17T13:00:00-07:00,so2,ppm,0.0007
288,2026-01-17T14:00:00-07:00,so2,ppm,0.0005
288,2026-01-17T15:00:00-07:00,so2,ppm,0.0005
288,2026-01-17T16:00:00-07:00,so2,ppm,0.0005
288,2026-01-17T17:00:00-07:00,so2,ppm,0.0004
288,2026-01-17T18:00:00-07:00,so2,ppm,0.0004
288,2026-01-17T19:00:00-07:00,so2,ppm,0.0005
288,2026-01-17T20:00:00-07:00,so2,ppm,0.0006
288,2026-01-17T21:00:00-07:00,so2,ppm,0.0005
288,2026-01-17T22:00:00-07:00,so2,ppm,0.0004
288,2026-01-17T23:00:00-07:00,so2,ppm,0.0006
288,2026-01-18T00:00:00-07:00,so2,ppm,0.0007
288,2026-01-18T01:00:00-07:00,so2,ppm,0.0007
288,2026-01-18T02:00:00-07:00,so2,ppm,0.0007
288,2026-01-18T03:00:00-07:00,so2,ppm,0.0007
288,2026-01-18T04:00:00-07:00,so2,ppm,0.0007
288,2026-01-18T05:00:00-07:00,so2,ppm,0.0009
288,2026-01-18T06:00:00-07:00,so2,ppm,0.0009
288,2026-01-18T07:00:00-07:00,so2,ppm,0.0011
288,2026-01-18T08:00:00-07:00,so2,ppm,0.0014
288,2026-01-18T09:00:00-07:00,so2,ppm,0.0016
288,2026-01-18T10:00:00-07:00,so2,ppm,0.0013
288,2026-01-18T11:00:00-07:00,so2,ppm,0.0007
288,2026-01-18T12:00:00-07:00,so2,ppm,0.0005
288,2026-01-18T13:00:00-07:00,so2,ppm,0.0008
288,2026-01-18T14:00:00-07:00,so2,ppm,0.0007
288,2026-01-18T15:00:00-07:00,so2,ppm,0.0007
288,2026-01-18T16:00:00-07:00,so2,ppm,0.001
288,2026-01-18T17:00:00-07:00,so2,ppm,0.0012
288,2026-01-18T18:00:00-07:00,so2,ppm,0.0006
288,2026-01-18T19:00:00-07:00,so2,ppm,0.0006
288,2026-01-18T20:00:00-07:00,so2,ppm,0.0005
288,2026-01-18T21:00:00-07:00,so2,ppm,0.0008
288,2026-01-18T22:00:00-07:00,so2,ppm,0.0011
288,2026-01-18T23:00:00-07:00,so2,ppm,0.0012
288,2026-01-19T00:00:00-07:00,so2,ppm,0.0011
288,2026-01-19T01:00:00-07:00,so2,ppm,0.0008
288,2026-01-19T02:00:00-07:00,so2,ppm,0.0008
288,2026-01-19T03:00:00-07:00,so2,ppm,0.0009
288,2026-01-19T04:00:00-07:00,so2,ppm,0.0008
288,2026-01-19T05:00:00-07:00,so2,ppm,0.0009
288,2026-01-19T06:00:00-07:00,so2,ppm,0.0009
288,2026-01-19T07:00:00-07:00,so2,ppm,0.0012
288,2026-01-19T08:00:00-07:00,so2,ppm,0.0018
288,2026-01-19T09:00:00-07:00,so2,ppm,0.0023
288,2026-01-19T10:00:00-07:00,so2,ppm,0.0017
288,2026-01-19T11:00:00-07:00,so2,ppm,0.0007
288,2026-01-19T12:00:00-07:00,so2,ppm,0.0006
288,2026-01-19T13:00:00-07:00,so2,ppm,0.0007
288,2026-01-19T14:00:00-07:00,so2,ppm,0.0009
288,2026-01-19T15:00:00-07:00,so2,ppm,0.0011
288,2026-01-19T16:00:00-07:00,so2,ppm,0.001
288,2026-01-19T17:00:00-07:00,so2,ppm,0.0007
288,2026-01-19T18:00:00-07:00,so2,ppm,0.0005
288,2026-01-19T19:00:00-07:00,so2,ppm,0.0005
288,2026-01-19T20:00:00-07:00,so2,ppm,0.0009
288,2026-01-19T21:00:00-07:00,so2,ppm,0.0008
288,2026-01-19T22:00:00-07:00,so2,ppm,0.0007
288,2026-01-19T23:00:00-07:00,so2,ppm,0.0008
288,2026-01-20T00:00:00-07:00,so2,ppm,0.0007
288,2026-01-20T01:00:00-07:00,so2,ppm,0.0005
288,2026-01-20T02:00:00-07:00,so2,ppm,0.0006
288,2026-01-20T03:00:00-07:00,so2,ppm,0.0008
288,2026-01-20T04:00:00-07:00,so2,ppm,0.0007
288,2026-01-20T06:00:00-07:00,so2,ppm,0.0011
288,2026-01-20T07:00:00-07:00,so2,ppm,0.0014
288,2026-01-20T08:00:00-07:00,so2,ppm,0.002
288,2026-01-20T09:00:00-07:00,so2,ppm,0.0026
288,2026-01-20T10:00:00-07:00,so2,ppm,0.0013
288,2026-01-20T11:00:00-07:00,so2,ppm,0.001
288,2026-01-20T12:00:00-07:00,so2,ppm,0.0008
288,2026-01-20T13:00:00-07:00,so2,ppm,0.0007
288,2026-01-20T14:00:00-07:00,so2,ppm,0.0006
288,2026-01-20T15:00:00-07:00,so2,ppm,0.0005
288,2026-01-20T16:00:00-07:00,so2,ppm,0.0006
288,2026-01-20T17:00:00-07:00,so2,ppm,0.0008
288,2026-01-20T18:00:00-07:00,so2,ppm,0.0006
288,2026-01-20T19:00:00-07:00,so2,ppm,0.0007
288,2026-01-20T20:00:00-07:00,so2,ppm,0.0013
288,2026-01-20T21:00:00-07:00,so2,ppm,0.0015
288,2026-01-20T22:00:00-07:00,so2,ppm,0.0017
288,2026-01-20T23:00:00-07:00,so2,ppm,0.0013
288,2026-01-21T00:00:00-07:00,so2,ppm,0.0009
288,2026-01-21T01:00:00-07:00,so2,ppm,0.0008
288,2026-01-21T02:00:00-07:00,so2,ppm,0.001
288,2026-01-21T03:00:00-07:00,so2,ppm,0.0008
288,2026-01-21T04:00:00-07:00,so2,ppm,0.0005
288,2026-01-21T05:00:00-07:00,so2,ppm,0.0007
288,2026-01-21T06:00:00-07:00,so2,ppm,0.0011
288,2026-01-21T07:00:00-07:00,so2,ppm,0.0015
288,2026-01-21T08:00:00-07:00,so2,ppm,0.0018
288,2026-01-21T09:00:00-07:00,so2,ppm,0.0023
288,2026-01-21T10:00:00-07:00,so2,ppm,0.0018
288,2026-01-21T11:00:00-07:00,so2,ppm,0.0013
288,2026-01-21T12:00:00-07:00,so2,ppm,0.0014
288,2026-01-21T13:00:00-07:00,so2,ppm,0.0009
288,2026-01-21T14:00:00-07:00,so2,ppm,0.0006
288,2026-01-21T15:00:00-07:00,so2,ppm,0.0007
288,2026-01-21T16:00:00-07:00,so2,ppm,0.0008
288,2026-01-21T17:00:00-07:00,so2,ppm,0.001
288,2026-01-21T18:00:00-07:00,so2,ppm,0.0007
288,2026-01-21T19:00:00-07:00,so2,ppm,0.0006
288,2026-01-21T20:00:00-07:00,so2,ppm,0.0008
288,2026-01-21T21:00:00-07:00,so2,ppm,0.0014
288,2026-01-21T22:00:00-07:00,so2,ppm,0.0017
288,2026-01-21T23:00:00-07:00,so2,ppm,0.0016
288,2026-01-22T00:00:00-07:00,so2,ppm,0.0012
288,2026-01-22T01:00:00-07:00,so2,ppm,0.0012
288,2026-01-22T02:00:00-07:00,so2,ppm,0.0012
288,2026-01-22T03:00:00-07:00,so2,ppm,0.0011
288,2026-01-22T04:00:00-07:00,so2,ppm,0.0009
288,2026-01-22T05:00:00-07:00,so2,ppm,0.0011
288,2026-01-22T06:00:00-07:00,so2,ppm,0.0013
288,2026-01-22T07:00:00-07:00,so2,ppm,0.0016
288,2026-01-22T08:00:00-07:00,so2,ppm,0.002
288,2026-01-22T09:00:00-07:00,so2,ppm,0.0025
288,2026-01-22T10:00:00-07:00,so2,ppm,0.0017
288,2026-01-22T11:00:00-07:00,so2,ppm,0.0015
288,2026-01-22T12:00:00-07:00,so2,ppm,0.0015
288,2026-01-22T13:00:00-07:00,so2,ppm,0.0013
288,2026-01-22T14:00:00-07:00,so2,ppm,0.002
288,2026-01-22T15:00:00-07:00,so2,ppm,0.0023
288,2026-01-22T16:00:00-07:00,so2,ppm,0.0014
288,2026-01-22T17:00:00-07:00,so2,ppm,0.0014
288,2026-01-22T18:00:00-07:00,so2,ppm,0.0011
288,2026-01-22T19:00:00-07:00,so2,ppm,0.001
288,2026-01-22T20:00:00-07:00,so2,ppm,0.0019
288,2026-01-22T21:00:00-07:00,so2,ppm,0.0022
288,2026-01-22T22:00:00-07:00,so2,ppm,0.0022
288,2026-01-22T23:00:00-07:00,so2,ppm,0.0022
288,2026-01-23T00:00:00-07:00,so2,ppm,0.0016
288,2026-01-23T01:00:00-07:00,so2,ppm,0.0014
288,2026-01-23T02:00:00-07:00,so2,ppm,0.0013
288,2026-01-23T03:00:00-07:00,so2,ppm,0.0014
288,2026-01-23T04:00:00-07:00,so2,ppm,0.0017
288,2026-01-23T05:00:00-07:00,so2,ppm,0.0017
288,2026-01-23T06:00:00-07:00,so2,ppm,0.002
288,2026-01-23T07:00:00-07:00,so2,ppm,0.0024
288,2026-01-23T08:00:00-07:00,so2,ppm,0.0029
288,2026-01-23T09:00:00-07:00,so2,ppm,0.0034
288,2026-01-23T10:00:00-07:00,so2,ppm,0.0023
288,2026-01-23T11:00:00-07:00,so2,ppm,0.002
288,2026-01-23T12:00:00-07:00,so2,ppm,0.0029
288,2026-01-23T13:00:00-07:00,so2,ppm,0.0029
288,2026-01-23T14:00:00-07:00,so2,ppm,0.0027
288,2026-01-23T15:00:00-07:00,so2,ppm,0.0019
288,2026-01-23T16:00:00-07:00,so2,ppm,0.0014
288,2026-01-23T17:00:00-07:00,so2,ppm,0.001
288,2026-01-23T18:00:00-07:00,so2,ppm,0.0007
288,2026-01-23T19:00:00-07:00,so2,ppm,0.0006
288,2026-01-23T20:00:00-07:00,so2,ppm,0.0006
288,2026-01-23T21:00:00-07:00,so2,ppm,0.0005
288,2026-01-23T22:00:00-07:00,so2,ppm,0.0005
288,2026-01-23T23:00:00-07:00,so2,ppm,0.0004
288,2026-01-24T00:00:00-07:00,so2,ppm,0.0004
288,2026-01-24T01:00:00-07:00,so2,ppm,0.0004
288,2026-01-24T02:00:00-07:00,so2,ppm,0.0004
288,2026-01-24T03:00:00-07:00,so2,ppm,0.0004
288,2026-01-24T04:00:00-07:00,so2,ppm,0.0005
288,2026-01-24T05:00:00-07:00,so2,ppm,0.0007
288,2026-01-24T06:00:00-07:00,so2,ppm,0.0009
288,2026-01-24T07:00:00-07:00,so2,ppm,0.0005
288,2026-01-24T08:00:00-07:00,so2,ppm,0.0009
288,2026-01-24T09:00:00-07:00,so2,ppm,0.0011
288,2026-01-24T10:00:00-07:00,so2,ppm,0.0005
288,2026-01-24T11:00:00-07:00,so2,ppm,0.0005
288,2026-01-24T12:00:00-07:00,so2,ppm,0.0005
288,2026-01-24T13:00:00-07:00,so2,ppm,0.0004
288,2026-01-24T14:00:00-07:00,so2,ppm,0.0004
288,2026-01-24T15:00:00-07:00,so2,ppm,0.0004
288,2026-01-24T16:00:00-07:00,so2,ppm,0.0003
288,2026-01-24T17:00:00-07:00,so2,ppm,0.0004
288,2026-01-24T18:00:00-07:00,so2,ppm,0.0003
288,2026-01-24T19:00:00-07:00,so2,ppm,0.0004
288,2026-01-24T20:00:00-07:00,so2,ppm,0.0003
288,2026-01-24T21:00:00-07:00,so2,ppm,0.0004
288,2026-01-24T22:00:00-07:00,so2,ppm,0.0003
288,2026-01-24T23:00:00-07:00,so2,ppm,0.0003
288,2026-01-25T00:00:00-07:00,so2,ppm,0.0003
288,2026-01-25T01:00:00-07:00,so2,ppm,0.0003
288,2026-01-25T02:00:00-07:00,so2,ppm,0.0004
288,2026-01-25T03:00:00-07:00,so2,ppm,0.0004
288,2026-01-25T04:00:00-07:00,so2,ppm,0.0003
288,2026-01-25T05:00:00-07:00,so2,ppm,0.0004
288,2026-01-25T06:00:00-07:00,so2,ppm,0.0005
288,2026-01-25T07:00:00-07:00,so2,ppm,0.0006
288,2026-01-25T08:00:00-07:00,so2,ppm,0.0008
288,2026-01-25T09:00:00-07:00,so2,ppm,0.0008
288,2026-01-25T10:00:00-07:00,so2,ppm,0.0008
288,2026-01-25T11:00:00-07:00,so2,ppm,0.0006
288,2026-01-25T12:00:00-07:00,so2,ppm,0.0006
288,2026-01-25T13:00:00-07:00,so2,ppm,0.0008
288,2026-01-25T14:00:00-07:00,so2,ppm,0.0005
288,2026-01-25T15:00:00-07:00,so2,ppm,0.0003
288,2026-01-25T16:00:00-07:00,so2,ppm,0.0003
288,2026-01-25T17:00:00-07:00,so2,ppm,0.0004
288,2026-01-25T18:00:00-07:00,so2,ppm,0.0003
288,2026-01-25T19:00:00-07:00,so2,ppm,0.0004
288,2026-01-25T20:00:00-07:00,so2,ppm,0.0005
288,2026-01-25T21:00:00-07:00,so2,ppm,0.0002
288,2026-01-25T22:00:00-07:00,so2,ppm,0.0002
288,2026-01-25T23:00:00-07:00,so2,ppm,0.0002
288,2026-01-26T00:00:00-07:00,so2,ppm,0.0002
288,2026-01-26T01:00:00-07:00,so2,ppm,0.0002
288,2026-01-26T02:00:00-07:00,so2,ppm,0.0003
288,2026-01-26T03:00:00-07:00,so2,ppm,0.0002
288,2026-01-26T04:00:00-07:00,so2,ppm,0.0002
288,2026-01-26T05:00:00-07:00,so2,ppm,0.0004
288,2026-01-26T06:00:00-07:00,so2,ppm,0.0008
288,2026-01-26T07:00:00-07:00,so2,ppm,0.001
288,2026-01-26T08:00:00-07:00,so2,ppm,0.0017
288,2026-01-26T09:00:00-07:00,so2,ppm,0.0022
288,2026-01-26T10:00:00-07:00,so2,ppm,0.001
288,2026-01-26T11:00:00-07:00,so2,ppm,0.0005
288,2026-01-26T12:00:00-07:00,so2,ppm,0.0005
288,2026-01-26T13:00:00-07:00,so2,ppm,0.0004
288,2026-01-26T14:00:00-07:00,so2,ppm,0.0004
288,2026-01-26T15:00:00-07:00,so2,ppm,0.0003
288,2026-01-26T16:00:00-07:00,so2,ppm,0.0003
288,2026-01-26T17:00:00-07:00,so2,ppm,0.0002
288,2026-01-26T18:00:00-07:00,so2,ppm,0.0003
288,2026-01-26T19:00:00-07:00,so2,ppm,0.0003
288,2026-01-26T20:00:00-07:00,so2,ppm,0.0005
288,2026-01-26T21:00:00-07:00,so2,ppm,0.0012
288,2026-01-26T22:00:00-07:00,so2,ppm,0.0013
288,2026-01-26T23:00:00-07:00,so2,ppm,0.0013
288,2026-01-27T00:00:00-07:00,so2,ppm,0.0013
288,2026-01-27T01:00:00-07:00,so2,ppm,0.0015
288,2026-01-27T02:00:00-07:00,so2,ppm,0.0012
288,2026-01-27T03:00:00-07:00,so2,ppm,0.0013
288,2026-01-27T04:00:00-07:00,so2,ppm,0.0013
288,2026-01-27T06:00:00-07:00,so2,ppm,0.0014
288,2026-01-27T07:00:00-07:00,so2,ppm,0.0018
288,2026-01-27T08:00:00-07:00,so2,ppm,0.0022
288,2026-01-27T09:00:00-07:00,so2,ppm,0.0025
288,2026-01-27T10:00:00-07:00,so2,ppm,0.0017
288,2026-01-27T11:00:00-07:00,so2,ppm,0.0009
288,2026-01-27T12:00:00-07:00,so2,ppm,0.001
288,2026-01-27T13:00:00-07:00,so2,ppm,0.0012
288,2026-01-27T14:00:00-07:00,so2,ppm,0.0012
288,2026-01-27T15:00:00-07:00,so2,ppm,0.0007
288,2026-01-27T16:00:00-07:00,so2,ppm,0.0008
288,2026-01-27T17:00:00-07:00,so2,ppm,0.001
288,2026-01-27T18:00:00-07:00,so2,ppm,0.0012
288,2026-01-27T19:00:00-07:00,so2,ppm,0.0005
288,2026-01-27T20:00:00-07:00,so2,ppm,0.0007
288,2026-01-27T21:00:00-07:00,so2,ppm,0.0009
288,2026-01-27T22:00:00-07:00,so2,ppm,0.0011
288,2026-01-27T23:00:00-07:00,so2,ppm,0.0014
288,2026-01-28T00:00:00-07:00,so2,ppm,0.0011
288,2026-01-28T01:00:00-07:00,so2,ppm,0.001
288,2026-01-28T02:00:00-07:00,so2,ppm,0.0006
288,2026-01-28T03:00:00-07:00,so2,ppm,0.0007
288,2026-01-28T04:00:00-07:00,so2,ppm,0.0009
288,2026-01-28T05:00:00-07:00,so2,ppm,0.0009
288,2026-01-28T06:00:00-07:00,so2,ppm,0.0011
288,2026-01-28T07:00:00-07:00,so2,ppm,0.0015
288,2026-01-28T08:00:00-07:00,so2,ppm,0.002
288,2026-01-28T09:00:00-07:00,so2,ppm,0.0025
288,2026-01-28T10:00:00-07:00,so2,ppm,0.0035
288,2026-01-28T11:00:00-07:00,so2,ppm,0.003
288,2026-01-28T12:00:00-07:00,so2,ppm,0.0011
288,2026-01-28T13:00:00-07:00,so2,ppm,0.0007
288,2026-01-28T14:00:00-07:00,so2,ppm,0.0007
288,2026-01-28T15:00:00-07:00,so2,ppm,0.0005
288,2026-01-28T16:00:00-07:00,so2,ppm,0.0005
288,2026-01-28T17:00:00-07:00,so2,ppm,0.0003
288,2026-01-28T18:00:00-07:00,so2,ppm,0.0003
288,2026-01-28T19:00:00-07:00,so2,ppm,0.0003
288,2026-01-28T20:00:00-07:00,so2,ppm,0.0002
288,2026-01-28T21:00:00-07:00,so2,ppm,0.0003
288,2026-01-28T22:00:00-07:00,so2,ppm,0.0003
288,2026-01-28T23:00:00-07:00,so2,ppm,0.0005
288,2026-01-29T00:00:00-07:00,so2,ppm,0.0009
288,2026-01-29T01:00:00-07:00,so2,ppm,0.001
288,2026-01-29T02:00:00-07:00,so2,ppm,0.0004
288,2026-01-29T03:00:00-07:00,so2,ppm,0.0004
288,2026-01-29T04:00:00-07:00,so2,ppm,0.0008
288,2026-01-29T05:00:00-07:00,so2,ppm,0.0011
288,2026-01-29T06:00:00-07:00,so2,ppm,0.0011
288,2026-01-29T07:00:00-07:00,so2,ppm,0.0014
288,2026-01-29T08:00:00-07:00,so2,ppm,0.0019
288,2026-01-29T09:00:00-07:00,so2,ppm,0.0024
288,2026-01-29T10:00:00-07:00,so2,ppm,0.0015
288,2026-01-29T11:00:00-07:00,so2,ppm,0.0015
288,2026-01-29T12:00:00-07:00,so2,ppm,0.001
288,2026-01-29T13:00:00-07:00,so2,ppm,0.0006
288,2026-01-29T14:00:00-07:00,so2,ppm,0.0009
288,2026-01-29T15:00:00-07:00,so2,ppm,0.0015
288,2026-01-29T16:00:00-07:00,so2,ppm,0.0008
288,2026-01-29T17:00:00-07:00,so2,ppm,0.0009
288,2026-01-29T18:00:00-07:00,so2,ppm,0.0006
288,2026-01-29T19:00:00-07:00,so2,ppm,0.0004
288,2026-01-29T20:00:00-07:00,so2,ppm,0.0003
288,2026-01-29T21:00:00-07:00,so2,ppm,0.0002
288,2026-01-29T22:00:00-07:00,so2,ppm,0.0002
288,2026-01-29T23:00:00-07:00,so2,ppm,0.0002
288,2026-01-30T00:00:00-07:00,so2,ppm,0.0003
288,2026-01-30T01:00:00-07:00,so2,ppm,0.0005
288,2026-01-30T02:00:00-07:00,so2,ppm,0.0006
288,2026-01-30T03:00:00-07:00,so2,ppm,0.0008
288,2026-01-30T04:00:00-07:00,so2,ppm,0.0009
288,2026-01-30T05:00:00-07:00,so2,ppm,0.001
288,2026-01-30T06:00:00-07:00,so2,ppm,0.0014
288,2026-01-30T07:00:00-07:00,so2,ppm,0.0017
288,2026-01-30T08:00:00-07:00,so2,ppm,0.0022
288,2026-01-30T09:00:00-07:00,so2,ppm,0.0023
288,2026-01-30T10:00:00-07:00,so2,ppm,0.002
288,2026-01-30T11:00:00-07:00,so2,ppm,0.001
288,2026-01-30T12:00:00-07:00,so2,ppm,0.001
288,2026-01-30T13:00:00-07:00,so2,ppm,0.0005
288,2026-01-30T14:00:00-07:00,so2,ppm,0.0004
288,2026-01-30T15:00:00-07:00,so2,ppm,0.0007
288,2026-01-30T16:00:00-07:00,so2,ppm,0.0017
288,2026-01-30T17:00:00-07:00,so2,ppm,0.0011
288,2026-01-30T18:00:00-07:00,so2,ppm,0.0008
288,2026-01-30T19:00:00-07:00,so2,ppm,0.0008
288,2026-01-30T20:00:00-07:00,so2,ppm,0.0012
288,2026-01-30T21:00:00-07:00,so2,ppm,0.0016
288,2026-01-30T22:00:00-07:00,so2,ppm,0.0013
288,2026-01-30T23:00:00-07:00,so2,ppm,0.0011
288,2026-01-31T00:00:00-07:00,so2,ppm,0.0013
288,2026-01-31T01:00:00-07:00,so2,ppm,0.0013
288,2026-01-31T02:00:00-07:00,so2,ppm,0.0012
288,2026-01-31T03:00:00-07:00,so2,ppm,0.0013
288,2026-01-31T04:00:00-07:00,so2,ppm,0.0013
288,2026-01-31T05:00:00-07:00,so2,ppm,0.0016
288,2026-01-31T06:00:00-07:00,so2,ppm,0.0015
288,2026-01-31T07:00:00-07:00,so2,ppm,0.0013
288,2026-01-31T08:00:00-07:00,so2,ppm,0.0015
288,2026-01-31T09:00:00-07:00,so2,ppm,0.0017
288,2026-01-31T10:00:00-07:00,so2,ppm,0.001
288,2026-01-31T11:00:00-07:00,so2,ppm,0.0004
288,2026-01-31T12:00:00-07:00,so2,ppm,0.0005
288,2026-01-31T13:00:00-07:00,so2,ppm,0.0006
288,2026-01-31T14:00:00-07:00,so2,ppm,0.0005
288,2026-01-31T15:00:00-07:00,so2,ppm,0.0006
288,2026-01-31T16:00:00-07:00,so2,ppm,0.001
288,2026-01-31T17:00:00-07:00,so2,ppm,0.0007
288,2026-01-31T18:00:00-07:00,so2,ppm,0.0005
288,2026-01-31T19:00:00-07:00,so2,ppm,0.0005
288,2026-01-31T20:00:00-07:00,so2,ppm,0.0007
288,2026-01-31T21:00:00-07:00,so2,ppm,0.0011
288,2026-01-31T22:00:00-07:00,so2,ppm,0.0014
288,2026-01-31T23:00:00-07:00,so2,ppm,0.0011
288,2026-02-01T00:00:00-07:00,so2,ppm,0.0009
